<?xml version="1.0" encoding="UTF-8"?><kml:kml xmlns:xs="http://www.w3.org/2001/XMLSchema" xmlns:xal="urn:oasis:names:tc:ciq:xsdschema:xAL:2.0" xmlns:kml="http://www.opengis.net/kml/2.2" xmlns:atom="http://www.w3.org/2005/Atom">
<kml:Document>
<kml:Placemark id="equipment_materialized.419546">
<kml:ExtendedData>
<kml:Data name="section_id">
<kml:value>02001314110120002</kml:value>
</kml:Data>
<kml:Data name="feedercode">
<kml:value>020013</kml:value>
</kml:Data>
<kml:Data name="substation">
<kml:value>220 KV-SIBI</kml:value>
</kml:Data>
<kml:Data name="gps_no">
<kml:value>14110120001</kml:value>
</kml:Data>
<kml:Data name="s_e">
<kml:value>S</kml:value>
</kml:Data>
<kml:Data name="pole_phase">
<kml:value>R-Y-B</kml:value>
</kml:Data>
<kml:Data name="pole_use"/>
<kml:Data name="fdr_on_pol">
<kml:value>1.0</kml:value>
</kml:Data>
<kml:Data name="pol_hght">
<kml:value/>
</kml:Data>
<kml:Data name="pole_type">
<kml:value>Pannel</kml:value>
</kml:Data>
<kml:Data name="eqp_type">
<kml:value>Feeder Pole</kml:value>
</kml:Data>
<kml:Data name="eqp_number">
<kml:value/>
</kml:Data>
<kml:Data name="eqp_unit"/>
<kml:Data name="eqp_size">
<kml:value/>
</kml:Data>
<kml:Data name="eqp_phase">
<kml:value/>
</kml:Data>
<kml:Data name="eqp_use"/>
<kml:Data name="eqp_status">
<kml:value/>
</kml:Data>
<kml:Data name="trafo_mke"/>
<kml:Data name="consmr_nam">
<kml:value/>
</kml:Data>
<kml:Data name="trafo_loc">
<kml:value/>
</kml:Data>
<kml:Data name="trafo_mnt"/>
<kml:Data name="angle"/>
<kml:Data name="tap_pole"/>
<kml:Data name="end_type">
<kml:value/>
</kml:Data>
<kml:Data name="rs_con"/>
<kml:Data name="rs_con1">
<kml:value>0.0</kml:value>
</kml:Data>
<kml:Data name="rs_con3">
<kml:value>0.0</kml:value>
</kml:Data>
<kml:Data name="sc_con">
<kml:value>0.0</kml:value>
</kml:Data>
<kml:Data name="lc_con">
<kml:value>0.0</kml:value>
</kml:Data>
<kml:Data name="si_con">
<kml:value>0.0</kml:value>
</kml:Data>
<kml:Data name="li_con">
<kml:value>0.0</kml:value>
</kml:Data>
<kml:Data name="pb_con">
<kml:value>0.0</kml:value>
</kml:Data>
<kml:Data name="ag_con">
<kml:value>0.0</kml:value>
</kml:Data>
<kml:Data name="st_con">
<kml:value>0.0</kml:value>
</kml:Data>
<kml:Data name="remarks">
<kml:value/>
</kml:Data>
<kml:Data name="wo_id">
<kml:value>386</kml:value>
</kml:Data>
<kml:Data name="sequence"/>
</kml:ExtendedData>
<kml:Point>
<kml:coordinates>67.8551137935515,29.516922531303184</kml:coordinates>
</kml:Point>
</kml:Placemark>
<kml:Placemark id="equipment_materialized.419547">
<kml:ExtendedData>
<kml:Data name="section_id">
<kml:value>02001314110120002</kml:value>
</kml:Data>
<kml:Data name="feedercode">
<kml:value>020013</kml:value>
</kml:Data>
<kml:Data name="substation">
<kml:value>220 KV-SIBI</kml:value>
</kml:Data>
<kml:Data name="gps_no">
<kml:value>14110120002</kml:value>
</kml:Data>
<kml:Data name="s_e">
<kml:value>E</kml:value>
</kml:Data>
<kml:Data name="pole_phase">
<kml:value>R-Y-B</kml:value>
</kml:Data>
<kml:Data name="pole_use"/>
<kml:Data name="fdr_on_pol">
<kml:value>1.0</kml:value>
</kml:Data>
<kml:Data name="pol_hght">
<kml:value>36</kml:value>
</kml:Data>
<kml:Data name="pole_type">
<kml:value>Steel Structure</kml:value>
</kml:Data>
<kml:Data name="eqp_type">
<kml:value>Primary Pole</kml:value>
</kml:Data>
<kml:Data name="eqp_number">
<kml:value/>
</kml:Data>
<kml:Data name="eqp_unit"/>
<kml:Data name="eqp_size">
<kml:value/>
</kml:Data>
<kml:Data name="eqp_phase">
<kml:value/>
</kml:Data>
<kml:Data name="eqp_use"/>
<kml:Data name="eqp_status">
<kml:value/>
</kml:Data>
<kml:Data name="trafo_mke"/>
<kml:Data name="consmr_nam">
<kml:value/>
</kml:Data>
<kml:Data name="trafo_loc">
<kml:value/>
</kml:Data>
<kml:Data name="trafo_mnt"/>
<kml:Data name="angle"/>
<kml:Data name="tap_pole"/>
<kml:Data name="end_type">
<kml:value/>
</kml:Data>
<kml:Data name="rs_con"/>
<kml:Data name="rs_con1">
<kml:value>0.0</kml:value>
</kml:Data>
<kml:Data name="rs_con3">
<kml:value>0.0</kml:value>
</kml:Data>
<kml:Data name="sc_con">
<kml:value>0.0</kml:value>
</kml:Data>
<kml:Data name="lc_con">
<kml:value>0.0</kml:value>
</kml:Data>
<kml:Data name="si_con">
<kml:value>0.0</kml:value>
</kml:Data>
<kml:Data name="li_con">
<kml:value>0.0</kml:value>
</kml:Data>
<kml:Data name="pb_con">
<kml:value>0.0</kml:value>
</kml:Data>
<kml:Data name="ag_con">
<kml:value>0.0</kml:value>
</kml:Data>
<kml:Data name="st_con">
<kml:value>0.0</kml:value>
</kml:Data>
<kml:Data name="remarks">
<kml:value/>
</kml:Data>
<kml:Data name="wo_id">
<kml:value>386</kml:value>
</kml:Data>
<kml:Data name="sequence"/>
</kml:ExtendedData>
<kml:Point>
<kml:coordinates>67.85561295661293,29.516702845049124</kml:coordinates>
</kml:Point>
</kml:Placemark>
<kml:Placemark id="equipment_materialized.419549">
<kml:ExtendedData>
<kml:Data name="section_id">
<kml:value>02001314110120068</kml:value>
</kml:Data>
<kml:Data name="feedercode">
<kml:value>020013</kml:value>
</kml:Data>
<kml:Data name="substation">
<kml:value>220 KV-SIBI</kml:value>
</kml:Data>
<kml:Data name="gps_no">
<kml:value>14110120003</kml:value>
</kml:Data>
<kml:Data name="s_e">
<kml:value/>
</kml:Data>
<kml:Data name="pole_phase">
<kml:value>R-Y-B</kml:value>
</kml:Data>
<kml:Data name="pole_use"/>
<kml:Data name="fdr_on_pol">
<kml:value>1.0</kml:value>
</kml:Data>
<kml:Data name="pol_hght">
<kml:value>36</kml:value>
</kml:Data>
<kml:Data name="pole_type">
<kml:value>Steel Structure</kml:value>
</kml:Data>
<kml:Data name="eqp_type">
<kml:value>Primary Pole</kml:value>
</kml:Data>
<kml:Data name="eqp_number">
<kml:value/>
</kml:Data>
<kml:Data name="eqp_unit"/>
<kml:Data name="eqp_size">
<kml:value/>
</kml:Data>
<kml:Data name="eqp_phase">
<kml:value/>
</kml:Data>
<kml:Data name="eqp_use"/>
<kml:Data name="eqp_status">
<kml:value/>
</kml:Data>
<kml:Data name="trafo_mke"/>
<kml:Data name="consmr_nam">
<kml:value/>
</kml:Data>
<kml:Data name="trafo_loc">
<kml:value/>
</kml:Data>
<kml:Data name="trafo_mnt"/>
<kml:Data name="angle"/>
<kml:Data name="tap_pole"/>
<kml:Data name="end_type">
<kml:value/>
</kml:Data>
<kml:Data name="rs_con"/>
<kml:Data name="rs_con1">
<kml:value>0.0</kml:value>
</kml:Data>
<kml:Data name="rs_con3">
<kml:value>0.0</kml:value>
</kml:Data>
<kml:Data name="sc_con">
<kml:value>0.0</kml:value>
</kml:Data>
<kml:Data name="lc_con">
<kml:value>0.0</kml:value>
</kml:Data>
<kml:Data name="si_con">
<kml:value>0.0</kml:value>
</kml:Data>
<kml:Data name="li_con">
<kml:value>0.0</kml:value>
</kml:Data>
<kml:Data name="pb_con">
<kml:value>0.0</kml:value>
</kml:Data>
<kml:Data name="ag_con">
<kml:value>0.0</kml:value>
</kml:Data>
<kml:Data name="st_con">
<kml:value>0.0</kml:value>
</kml:Data>
<kml:Data name="remarks">
<kml:value/>
</kml:Data>
<kml:Data name="wo_id">
<kml:value>386</kml:value>
</kml:Data>
<kml:Data name="sequence">
<kml:value>0</kml:value>
</kml:Data>
</kml:ExtendedData>
<kml:Point>
<kml:coordinates>67.85579095127515,29.516297920934555</kml:coordinates>
</kml:Point>
</kml:Placemark>
<kml:Placemark id="equipment_materialized.419550">
<kml:ExtendedData>
<kml:Data name="section_id">
<kml:value>02001314110120068</kml:value>
</kml:Data>
<kml:Data name="feedercode">
<kml:value>020013</kml:value>
</kml:Data>
<kml:Data name="substation">
<kml:value>220 KV-SIBI</kml:value>
</kml:Data>
<kml:Data name="gps_no">
<kml:value>14110120004</kml:value>
</kml:Data>
<kml:Data name="s_e">
<kml:value/>
</kml:Data>
<kml:Data name="pole_phase">
<kml:value>R-Y-B</kml:value>
</kml:Data>
<kml:Data name="pole_use"/>
<kml:Data name="fdr_on_pol">
<kml:value>1.0</kml:value>
</kml:Data>
<kml:Data name="pol_hght">
<kml:value>36</kml:value>
</kml:Data>
<kml:Data name="pole_type">
<kml:value>Steel Structure</kml:value>
</kml:Data>
<kml:Data name="eqp_type">
<kml:value>Primary Pole</kml:value>
</kml:Data>
<kml:Data name="eqp_number">
<kml:value/>
</kml:Data>
<kml:Data name="eqp_unit"/>
<kml:Data name="eqp_size">
<kml:value/>
</kml:Data>
<kml:Data name="eqp_phase">
<kml:value/>
</kml:Data>
<kml:Data name="eqp_use"/>
<kml:Data name="eqp_status">
<kml:value/>
</kml:Data>
<kml:Data name="trafo_mke"/>
<kml:Data name="consmr_nam">
<kml:value/>
</kml:Data>
<kml:Data name="trafo_loc">
<kml:value/>
</kml:Data>
<kml:Data name="trafo_mnt"/>
<kml:Data name="angle"/>
<kml:Data name="tap_pole"/>
<kml:Data name="end_type">
<kml:value/>
</kml:Data>
<kml:Data name="rs_con"/>
<kml:Data name="rs_con1">
<kml:value>0.0</kml:value>
</kml:Data>
<kml:Data name="rs_con3">
<kml:value>0.0</kml:value>
</kml:Data>
<kml:Data name="sc_con">
<kml:value>0.0</kml:value>
</kml:Data>
<kml:Data name="lc_con">
<kml:value>0.0</kml:value>
</kml:Data>
<kml:Data name="si_con">
<kml:value>0.0</kml:value>
</kml:Data>
<kml:Data name="li_con">
<kml:value>0.0</kml:value>
</kml:Data>
<kml:Data name="pb_con">
<kml:value>0.0</kml:value>
</kml:Data>
<kml:Data name="ag_con">
<kml:value>0.0</kml:value>
</kml:Data>
<kml:Data name="st_con">
<kml:value>0.0</kml:value>
</kml:Data>
<kml:Data name="remarks">
<kml:value/>
</kml:Data>
<kml:Data name="wo_id">
<kml:value>386</kml:value>
</kml:Data>
<kml:Data name="sequence">
<kml:value>1</kml:value>
</kml:Data>
</kml:ExtendedData>
<kml:Point>
<kml:coordinates>67.85635102845241,29.516266913535958</kml:coordinates>
</kml:Point>
</kml:Placemark>
<kml:Placemark id="equipment_materialized.419551">
<kml:ExtendedData>
<kml:Data name="section_id">
<kml:value>02001314110120068</kml:value>
</kml:Data>
<kml:Data name="feedercode">
<kml:value>020013</kml:value>
</kml:Data>
<kml:Data name="substation">
<kml:value>220 KV-SIBI</kml:value>
</kml:Data>
<kml:Data name="gps_no">
<kml:value>14110120005</kml:value>
</kml:Data>
<kml:Data name="s_e">
<kml:value/>
</kml:Data>
<kml:Data name="pole_phase">
<kml:value>R-Y-B</kml:value>
</kml:Data>
<kml:Data name="pole_use"/>
<kml:Data name="fdr_on_pol">
<kml:value>1.0</kml:value>
</kml:Data>
<kml:Data name="pol_hght">
<kml:value>36</kml:value>
</kml:Data>
<kml:Data name="pole_type">
<kml:value>Steel Structure</kml:value>
</kml:Data>
<kml:Data name="eqp_type">
<kml:value>Primary Pole</kml:value>
</kml:Data>
<kml:Data name="eqp_number">
<kml:value/>
</kml:Data>
<kml:Data name="eqp_unit"/>
<kml:Data name="eqp_size">
<kml:value/>
</kml:Data>
<kml:Data name="eqp_phase">
<kml:value/>
</kml:Data>
<kml:Data name="eqp_use"/>
<kml:Data name="eqp_status">
<kml:value/>
</kml:Data>
<kml:Data name="trafo_mke"/>
<kml:Data name="consmr_nam">
<kml:value/>
</kml:Data>
<kml:Data name="trafo_loc">
<kml:value/>
</kml:Data>
<kml:Data name="trafo_mnt"/>
<kml:Data name="angle"/>
<kml:Data name="tap_pole"/>
<kml:Data name="end_type">
<kml:value/>
</kml:Data>
<kml:Data name="rs_con"/>
<kml:Data name="rs_con1">
<kml:value>0.0</kml:value>
</kml:Data>
<kml:Data name="rs_con3">
<kml:value>0.0</kml:value>
</kml:Data>
<kml:Data name="sc_con">
<kml:value>0.0</kml:value>
</kml:Data>
<kml:Data name="lc_con">
<kml:value>0.0</kml:value>
</kml:Data>
<kml:Data name="si_con">
<kml:value>0.0</kml:value>
</kml:Data>
<kml:Data name="li_con">
<kml:value>0.0</kml:value>
</kml:Data>
<kml:Data name="pb_con">
<kml:value>0.0</kml:value>
</kml:Data>
<kml:Data name="ag_con">
<kml:value>0.0</kml:value>
</kml:Data>
<kml:Data name="st_con">
<kml:value>0.0</kml:value>
</kml:Data>
<kml:Data name="remarks">
<kml:value/>
</kml:Data>
<kml:Data name="wo_id">
<kml:value>386</kml:value>
</kml:Data>
<kml:Data name="sequence">
<kml:value>2</kml:value>
</kml:Data>
</kml:ExtendedData>
<kml:Point>
<kml:coordinates>67.85676204072486,29.516242924382723</kml:coordinates>
</kml:Point>
</kml:Placemark>
<kml:Placemark id="equipment_materialized.419552">
<kml:ExtendedData>
<kml:Data name="section_id">
<kml:value>02001314110120068</kml:value>
</kml:Data>
<kml:Data name="feedercode">
<kml:value>020013</kml:value>
</kml:Data>
<kml:Data name="substation">
<kml:value>220 KV-SIBI</kml:value>
</kml:Data>
<kml:Data name="gps_no">
<kml:value>14110120006</kml:value>
</kml:Data>
<kml:Data name="s_e">
<kml:value/>
</kml:Data>
<kml:Data name="pole_phase">
<kml:value>R-Y-B</kml:value>
</kml:Data>
<kml:Data name="pole_use"/>
<kml:Data name="fdr_on_pol">
<kml:value>1.0</kml:value>
</kml:Data>
<kml:Data name="pol_hght">
<kml:value>36</kml:value>
</kml:Data>
<kml:Data name="pole_type">
<kml:value>Steel Structure</kml:value>
</kml:Data>
<kml:Data name="eqp_type">
<kml:value>Primary Pole</kml:value>
</kml:Data>
<kml:Data name="eqp_number">
<kml:value/>
</kml:Data>
<kml:Data name="eqp_unit"/>
<kml:Data name="eqp_size">
<kml:value/>
</kml:Data>
<kml:Data name="eqp_phase">
<kml:value/>
</kml:Data>
<kml:Data name="eqp_use"/>
<kml:Data name="eqp_status">
<kml:value/>
</kml:Data>
<kml:Data name="trafo_mke"/>
<kml:Data name="consmr_nam">
<kml:value/>
</kml:Data>
<kml:Data name="trafo_loc">
<kml:value/>
</kml:Data>
<kml:Data name="trafo_mnt"/>
<kml:Data name="angle"/>
<kml:Data name="tap_pole"/>
<kml:Data name="end_type">
<kml:value/>
</kml:Data>
<kml:Data name="rs_con"/>
<kml:Data name="rs_con1">
<kml:value>0.0</kml:value>
</kml:Data>
<kml:Data name="rs_con3">
<kml:value>0.0</kml:value>
</kml:Data>
<kml:Data name="sc_con">
<kml:value>0.0</kml:value>
</kml:Data>
<kml:Data name="lc_con">
<kml:value>0.0</kml:value>
</kml:Data>
<kml:Data name="si_con">
<kml:value>0.0</kml:value>
</kml:Data>
<kml:Data name="li_con">
<kml:value>0.0</kml:value>
</kml:Data>
<kml:Data name="pb_con">
<kml:value>0.0</kml:value>
</kml:Data>
<kml:Data name="ag_con">
<kml:value>0.0</kml:value>
</kml:Data>
<kml:Data name="st_con">
<kml:value>0.0</kml:value>
</kml:Data>
<kml:Data name="remarks">
<kml:value/>
</kml:Data>
<kml:Data name="wo_id">
<kml:value>386</kml:value>
</kml:Data>
<kml:Data name="sequence">
<kml:value>3</kml:value>
</kml:Data>
</kml:ExtendedData>
<kml:Point>
<kml:coordinates>67.85712099647843,29.51622390105672</kml:coordinates>
</kml:Point>
</kml:Placemark>
<kml:Placemark id="equipment_materialized.419553">
<kml:ExtendedData>
<kml:Data name="section_id">
<kml:value>02001314110120068</kml:value>
</kml:Data>
<kml:Data name="feedercode">
<kml:value>020013</kml:value>
</kml:Data>
<kml:Data name="substation">
<kml:value>220 KV-SIBI</kml:value>
</kml:Data>
<kml:Data name="gps_no">
<kml:value>14110120007</kml:value>
</kml:Data>
<kml:Data name="s_e">
<kml:value/>
</kml:Data>
<kml:Data name="pole_phase">
<kml:value>R-Y-B</kml:value>
</kml:Data>
<kml:Data name="pole_use"/>
<kml:Data name="fdr_on_pol">
<kml:value>1.0</kml:value>
</kml:Data>
<kml:Data name="pol_hght">
<kml:value>36</kml:value>
</kml:Data>
<kml:Data name="pole_type">
<kml:value>Steel Structure</kml:value>
</kml:Data>
<kml:Data name="eqp_type">
<kml:value>Primary Pole</kml:value>
</kml:Data>
<kml:Data name="eqp_number">
<kml:value/>
</kml:Data>
<kml:Data name="eqp_unit"/>
<kml:Data name="eqp_size">
<kml:value/>
</kml:Data>
<kml:Data name="eqp_phase">
<kml:value/>
</kml:Data>
<kml:Data name="eqp_use"/>
<kml:Data name="eqp_status">
<kml:value/>
</kml:Data>
<kml:Data name="trafo_mke"/>
<kml:Data name="consmr_nam">
<kml:value/>
</kml:Data>
<kml:Data name="trafo_loc">
<kml:value/>
</kml:Data>
<kml:Data name="trafo_mnt"/>
<kml:Data name="angle"/>
<kml:Data name="tap_pole"/>
<kml:Data name="end_type">
<kml:value/>
</kml:Data>
<kml:Data name="rs_con"/>
<kml:Data name="rs_con1">
<kml:value>0.0</kml:value>
</kml:Data>
<kml:Data name="rs_con3">
<kml:value>0.0</kml:value>
</kml:Data>
<kml:Data name="sc_con">
<kml:value>0.0</kml:value>
</kml:Data>
<kml:Data name="lc_con">
<kml:value>0.0</kml:value>
</kml:Data>
<kml:Data name="si_con">
<kml:value>0.0</kml:value>
</kml:Data>
<kml:Data name="li_con">
<kml:value>0.0</kml:value>
</kml:Data>
<kml:Data name="pb_con">
<kml:value>0.0</kml:value>
</kml:Data>
<kml:Data name="ag_con">
<kml:value>0.0</kml:value>
</kml:Data>
<kml:Data name="st_con">
<kml:value>0.0</kml:value>
</kml:Data>
<kml:Data name="remarks">
<kml:value/>
</kml:Data>
<kml:Data name="wo_id">
<kml:value>386</kml:value>
</kml:Data>
<kml:Data name="sequence">
<kml:value>4</kml:value>
</kml:Data>
</kml:ExtendedData>
<kml:Point>
<kml:coordinates>67.85754102659548,29.51623292585646</kml:coordinates>
</kml:Point>
</kml:Placemark>
<kml:Placemark id="equipment_materialized.419554">
<kml:ExtendedData>
<kml:Data name="section_id">
<kml:value>02001314110120068</kml:value>
</kml:Data>
<kml:Data name="feedercode">
<kml:value>020013</kml:value>
</kml:Data>
<kml:Data name="substation">
<kml:value>220 KV-SIBI</kml:value>
</kml:Data>
<kml:Data name="gps_no">
<kml:value>14110120008</kml:value>
</kml:Data>
<kml:Data name="s_e">
<kml:value/>
</kml:Data>
<kml:Data name="pole_phase">
<kml:value>R-Y-B</kml:value>
</kml:Data>
<kml:Data name="pole_use"/>
<kml:Data name="fdr_on_pol">
<kml:value>1.0</kml:value>
</kml:Data>
<kml:Data name="pol_hght">
<kml:value>40</kml:value>
</kml:Data>
<kml:Data name="pole_type">
<kml:value>Steel Structure</kml:value>
</kml:Data>
<kml:Data name="eqp_type">
<kml:value>Primary Pole</kml:value>
</kml:Data>
<kml:Data name="eqp_number">
<kml:value/>
</kml:Data>
<kml:Data name="eqp_unit"/>
<kml:Data name="eqp_size">
<kml:value/>
</kml:Data>
<kml:Data name="eqp_phase">
<kml:value/>
</kml:Data>
<kml:Data name="eqp_use"/>
<kml:Data name="eqp_status">
<kml:value/>
</kml:Data>
<kml:Data name="trafo_mke"/>
<kml:Data name="consmr_nam">
<kml:value/>
</kml:Data>
<kml:Data name="trafo_loc">
<kml:value/>
</kml:Data>
<kml:Data name="trafo_mnt"/>
<kml:Data name="angle"/>
<kml:Data name="tap_pole"/>
<kml:Data name="end_type">
<kml:value/>
</kml:Data>
<kml:Data name="rs_con"/>
<kml:Data name="rs_con1">
<kml:value>0.0</kml:value>
</kml:Data>
<kml:Data name="rs_con3">
<kml:value>0.0</kml:value>
</kml:Data>
<kml:Data name="sc_con">
<kml:value>0.0</kml:value>
</kml:Data>
<kml:Data name="lc_con">
<kml:value>0.0</kml:value>
</kml:Data>
<kml:Data name="si_con">
<kml:value>0.0</kml:value>
</kml:Data>
<kml:Data name="li_con">
<kml:value>0.0</kml:value>
</kml:Data>
<kml:Data name="pb_con">
<kml:value>0.0</kml:value>
</kml:Data>
<kml:Data name="ag_con">
<kml:value>0.0</kml:value>
</kml:Data>
<kml:Data name="st_con">
<kml:value>0.0</kml:value>
</kml:Data>
<kml:Data name="remarks">
<kml:value/>
</kml:Data>
<kml:Data name="wo_id">
<kml:value>386</kml:value>
</kml:Data>
<kml:Data name="sequence">
<kml:value>5</kml:value>
</kml:Data>
</kml:ExtendedData>
<kml:Point>
<kml:coordinates>67.85807597510077,29.516206929343628</kml:coordinates>
</kml:Point>
</kml:Placemark>
<kml:Placemark id="equipment_materialized.419555">
<kml:ExtendedData>
<kml:Data name="section_id">
<kml:value>02001314110120068</kml:value>
</kml:Data>
<kml:Data name="feedercode">
<kml:value>020013</kml:value>
</kml:Data>
<kml:Data name="substation">
<kml:value>220 KV-SIBI</kml:value>
</kml:Data>
<kml:Data name="gps_no">
<kml:value>14110120009</kml:value>
</kml:Data>
<kml:Data name="s_e">
<kml:value/>
</kml:Data>
<kml:Data name="pole_phase">
<kml:value>R-Y-B</kml:value>
</kml:Data>
<kml:Data name="pole_use"/>
<kml:Data name="fdr_on_pol">
<kml:value>1.0</kml:value>
</kml:Data>
<kml:Data name="pol_hght">
<kml:value>40</kml:value>
</kml:Data>
<kml:Data name="pole_type">
<kml:value>Steel Structure</kml:value>
</kml:Data>
<kml:Data name="eqp_type">
<kml:value>Primary Pole</kml:value>
</kml:Data>
<kml:Data name="eqp_number">
<kml:value/>
</kml:Data>
<kml:Data name="eqp_unit"/>
<kml:Data name="eqp_size">
<kml:value/>
</kml:Data>
<kml:Data name="eqp_phase">
<kml:value/>
</kml:Data>
<kml:Data name="eqp_use"/>
<kml:Data name="eqp_status">
<kml:value/>
</kml:Data>
<kml:Data name="trafo_mke"/>
<kml:Data name="consmr_nam">
<kml:value/>
</kml:Data>
<kml:Data name="trafo_loc">
<kml:value/>
</kml:Data>
<kml:Data name="trafo_mnt"/>
<kml:Data name="angle"/>
<kml:Data name="tap_pole"/>
<kml:Data name="end_type">
<kml:value/>
</kml:Data>
<kml:Data name="rs_con"/>
<kml:Data name="rs_con1">
<kml:value>0.0</kml:value>
</kml:Data>
<kml:Data name="rs_con3">
<kml:value>0.0</kml:value>
</kml:Data>
<kml:Data name="sc_con">
<kml:value>0.0</kml:value>
</kml:Data>
<kml:Data name="lc_con">
<kml:value>0.0</kml:value>
</kml:Data>
<kml:Data name="si_con">
<kml:value>0.0</kml:value>
</kml:Data>
<kml:Data name="li_con">
<kml:value>0.0</kml:value>
</kml:Data>
<kml:Data name="pb_con">
<kml:value>0.0</kml:value>
</kml:Data>
<kml:Data name="ag_con">
<kml:value>0.0</kml:value>
</kml:Data>
<kml:Data name="st_con">
<kml:value>0.0</kml:value>
</kml:Data>
<kml:Data name="remarks">
<kml:value/>
</kml:Data>
<kml:Data name="wo_id">
<kml:value>386</kml:value>
</kml:Data>
<kml:Data name="sequence">
<kml:value>6</kml:value>
</kml:Data>
</kml:ExtendedData>
<kml:Point>
<kml:coordinates>67.85844703682888,29.516092889837232</kml:coordinates>
</kml:Point>
</kml:Placemark>
<kml:Placemark id="equipment_materialized.419556">
<kml:ExtendedData>
<kml:Data name="section_id">
<kml:value>02001314110120068</kml:value>
</kml:Data>
<kml:Data name="feedercode">
<kml:value>020013</kml:value>
</kml:Data>
<kml:Data name="substation">
<kml:value>220 KV-SIBI</kml:value>
</kml:Data>
<kml:Data name="gps_no">
<kml:value>14110120010</kml:value>
</kml:Data>
<kml:Data name="s_e">
<kml:value/>
</kml:Data>
<kml:Data name="pole_phase">
<kml:value>R-Y-B</kml:value>
</kml:Data>
<kml:Data name="pole_use"/>
<kml:Data name="fdr_on_pol">
<kml:value>1.0</kml:value>
</kml:Data>
<kml:Data name="pol_hght">
<kml:value>40</kml:value>
</kml:Data>
<kml:Data name="pole_type">
<kml:value>Steel Structure</kml:value>
</kml:Data>
<kml:Data name="eqp_type">
<kml:value>Primary Pole</kml:value>
</kml:Data>
<kml:Data name="eqp_number">
<kml:value/>
</kml:Data>
<kml:Data name="eqp_unit"/>
<kml:Data name="eqp_size">
<kml:value/>
</kml:Data>
<kml:Data name="eqp_phase">
<kml:value/>
</kml:Data>
<kml:Data name="eqp_use"/>
<kml:Data name="eqp_status">
<kml:value/>
</kml:Data>
<kml:Data name="trafo_mke"/>
<kml:Data name="consmr_nam">
<kml:value/>
</kml:Data>
<kml:Data name="trafo_loc">
<kml:value/>
</kml:Data>
<kml:Data name="trafo_mnt"/>
<kml:Data name="angle"/>
<kml:Data name="tap_pole"/>
<kml:Data name="end_type">
<kml:value/>
</kml:Data>
<kml:Data name="rs_con"/>
<kml:Data name="rs_con1">
<kml:value>0.0</kml:value>
</kml:Data>
<kml:Data name="rs_con3">
<kml:value>0.0</kml:value>
</kml:Data>
<kml:Data name="sc_con">
<kml:value>0.0</kml:value>
</kml:Data>
<kml:Data name="lc_con">
<kml:value>0.0</kml:value>
</kml:Data>
<kml:Data name="si_con">
<kml:value>0.0</kml:value>
</kml:Data>
<kml:Data name="li_con">
<kml:value>0.0</kml:value>
</kml:Data>
<kml:Data name="pb_con">
<kml:value>0.0</kml:value>
</kml:Data>
<kml:Data name="ag_con">
<kml:value>0.0</kml:value>
</kml:Data>
<kml:Data name="st_con">
<kml:value>0.0</kml:value>
</kml:Data>
<kml:Data name="remarks">
<kml:value/>
</kml:Data>
<kml:Data name="wo_id">
<kml:value>386</kml:value>
</kml:Data>
<kml:Data name="sequence">
<kml:value>7</kml:value>
</kml:Data>
</kml:ExtendedData>
<kml:Point>
<kml:coordinates>67.85880604081568,29.516041916181123</kml:coordinates>
</kml:Point>
</kml:Placemark>
<kml:Placemark id="equipment_materialized.419557">
<kml:ExtendedData>
<kml:Data name="section_id">
<kml:value>02001314110120068</kml:value>
</kml:Data>
<kml:Data name="feedercode">
<kml:value>020013</kml:value>
</kml:Data>
<kml:Data name="substation">
<kml:value>220 KV-SIBI</kml:value>
</kml:Data>
<kml:Data name="gps_no">
<kml:value>14110120011</kml:value>
</kml:Data>
<kml:Data name="s_e">
<kml:value/>
</kml:Data>
<kml:Data name="pole_phase">
<kml:value>R-Y-B</kml:value>
</kml:Data>
<kml:Data name="pole_use"/>
<kml:Data name="fdr_on_pol">
<kml:value>1.0</kml:value>
</kml:Data>
<kml:Data name="pol_hght">
<kml:value>40</kml:value>
</kml:Data>
<kml:Data name="pole_type">
<kml:value>Steel Structure</kml:value>
</kml:Data>
<kml:Data name="eqp_type">
<kml:value>Primary Pole</kml:value>
</kml:Data>
<kml:Data name="eqp_number">
<kml:value/>
</kml:Data>
<kml:Data name="eqp_unit"/>
<kml:Data name="eqp_size">
<kml:value/>
</kml:Data>
<kml:Data name="eqp_phase">
<kml:value/>
</kml:Data>
<kml:Data name="eqp_use"/>
<kml:Data name="eqp_status">
<kml:value/>
</kml:Data>
<kml:Data name="trafo_mke"/>
<kml:Data name="consmr_nam">
<kml:value/>
</kml:Data>
<kml:Data name="trafo_loc">
<kml:value/>
</kml:Data>
<kml:Data name="trafo_mnt"/>
<kml:Data name="angle"/>
<kml:Data name="tap_pole"/>
<kml:Data name="end_type">
<kml:value/>
</kml:Data>
<kml:Data name="rs_con"/>
<kml:Data name="rs_con1">
<kml:value>0.0</kml:value>
</kml:Data>
<kml:Data name="rs_con3">
<kml:value>0.0</kml:value>
</kml:Data>
<kml:Data name="sc_con">
<kml:value>0.0</kml:value>
</kml:Data>
<kml:Data name="lc_con">
<kml:value>0.0</kml:value>
</kml:Data>
<kml:Data name="si_con">
<kml:value>0.0</kml:value>
</kml:Data>
<kml:Data name="li_con">
<kml:value>0.0</kml:value>
</kml:Data>
<kml:Data name="pb_con">
<kml:value>0.0</kml:value>
</kml:Data>
<kml:Data name="ag_con">
<kml:value>0.0</kml:value>
</kml:Data>
<kml:Data name="st_con">
<kml:value>0.0</kml:value>
</kml:Data>
<kml:Data name="remarks">
<kml:value/>
</kml:Data>
<kml:Data name="wo_id">
<kml:value>386</kml:value>
</kml:Data>
<kml:Data name="sequence">
<kml:value>8</kml:value>
</kml:Data>
</kml:ExtendedData>
<kml:Point>
<kml:coordinates>67.85892004474088,29.51634584195343</kml:coordinates>
</kml:Point>
</kml:Placemark>
<kml:Placemark id="equipment_materialized.419558">
<kml:ExtendedData>
<kml:Data name="section_id">
<kml:value>02001314110120068</kml:value>
</kml:Data>
<kml:Data name="feedercode">
<kml:value>020013</kml:value>
</kml:Data>
<kml:Data name="substation">
<kml:value>220 KV-SIBI</kml:value>
</kml:Data>
<kml:Data name="gps_no">
<kml:value>14110120012</kml:value>
</kml:Data>
<kml:Data name="s_e">
<kml:value/>
</kml:Data>
<kml:Data name="pole_phase">
<kml:value>R-Y-B</kml:value>
</kml:Data>
<kml:Data name="pole_use"/>
<kml:Data name="fdr_on_pol">
<kml:value>1.0</kml:value>
</kml:Data>
<kml:Data name="pol_hght">
<kml:value>40</kml:value>
</kml:Data>
<kml:Data name="pole_type">
<kml:value>Steel Structure</kml:value>
</kml:Data>
<kml:Data name="eqp_type">
<kml:value>Primary Pole</kml:value>
</kml:Data>
<kml:Data name="eqp_number">
<kml:value/>
</kml:Data>
<kml:Data name="eqp_unit"/>
<kml:Data name="eqp_size">
<kml:value/>
</kml:Data>
<kml:Data name="eqp_phase">
<kml:value/>
</kml:Data>
<kml:Data name="eqp_use"/>
<kml:Data name="eqp_status">
<kml:value/>
</kml:Data>
<kml:Data name="trafo_mke"/>
<kml:Data name="consmr_nam">
<kml:value/>
</kml:Data>
<kml:Data name="trafo_loc">
<kml:value/>
</kml:Data>
<kml:Data name="trafo_mnt"/>
<kml:Data name="angle"/>
<kml:Data name="tap_pole"/>
<kml:Data name="end_type">
<kml:value/>
</kml:Data>
<kml:Data name="rs_con"/>
<kml:Data name="rs_con1">
<kml:value>0.0</kml:value>
</kml:Data>
<kml:Data name="rs_con3">
<kml:value>0.0</kml:value>
</kml:Data>
<kml:Data name="sc_con">
<kml:value>0.0</kml:value>
</kml:Data>
<kml:Data name="lc_con">
<kml:value>0.0</kml:value>
</kml:Data>
<kml:Data name="si_con">
<kml:value>0.0</kml:value>
</kml:Data>
<kml:Data name="li_con">
<kml:value>0.0</kml:value>
</kml:Data>
<kml:Data name="pb_con">
<kml:value>0.0</kml:value>
</kml:Data>
<kml:Data name="ag_con">
<kml:value>0.0</kml:value>
</kml:Data>
<kml:Data name="st_con">
<kml:value>0.0</kml:value>
</kml:Data>
<kml:Data name="remarks">
<kml:value/>
</kml:Data>
<kml:Data name="wo_id">
<kml:value>386</kml:value>
</kml:Data>
<kml:Data name="sequence">
<kml:value>9</kml:value>
</kml:Data>
</kml:ExtendedData>
<kml:Point>
<kml:coordinates>67.85900802226737,29.516734914543107</kml:coordinates>
</kml:Point>
</kml:Placemark>
<kml:Placemark id="equipment_materialized.419559">
<kml:ExtendedData>
<kml:Data name="section_id">
<kml:value>02001314110120068</kml:value>
</kml:Data>
<kml:Data name="feedercode">
<kml:value>020013</kml:value>
</kml:Data>
<kml:Data name="substation">
<kml:value>220 KV-SIBI</kml:value>
</kml:Data>
<kml:Data name="gps_no">
<kml:value>14110120013</kml:value>
</kml:Data>
<kml:Data name="s_e">
<kml:value/>
</kml:Data>
<kml:Data name="pole_phase">
<kml:value>R-Y-B</kml:value>
</kml:Data>
<kml:Data name="pole_use"/>
<kml:Data name="fdr_on_pol">
<kml:value>1.0</kml:value>
</kml:Data>
<kml:Data name="pol_hght">
<kml:value>40</kml:value>
</kml:Data>
<kml:Data name="pole_type">
<kml:value>Steel Structure</kml:value>
</kml:Data>
<kml:Data name="eqp_type">
<kml:value>Primary Pole</kml:value>
</kml:Data>
<kml:Data name="eqp_number">
<kml:value/>
</kml:Data>
<kml:Data name="eqp_unit"/>
<kml:Data name="eqp_size">
<kml:value/>
</kml:Data>
<kml:Data name="eqp_phase">
<kml:value/>
</kml:Data>
<kml:Data name="eqp_use"/>
<kml:Data name="eqp_status">
<kml:value/>
</kml:Data>
<kml:Data name="trafo_mke"/>
<kml:Data name="consmr_nam">
<kml:value/>
</kml:Data>
<kml:Data name="trafo_loc">
<kml:value/>
</kml:Data>
<kml:Data name="trafo_mnt"/>
<kml:Data name="angle"/>
<kml:Data name="tap_pole"/>
<kml:Data name="end_type">
<kml:value/>
</kml:Data>
<kml:Data name="rs_con"/>
<kml:Data name="rs_con1">
<kml:value>0.0</kml:value>
</kml:Data>
<kml:Data name="rs_con3">
<kml:value>0.0</kml:value>
</kml:Data>
<kml:Data name="sc_con">
<kml:value>0.0</kml:value>
</kml:Data>
<kml:Data name="lc_con">
<kml:value>0.0</kml:value>
</kml:Data>
<kml:Data name="si_con">
<kml:value>0.0</kml:value>
</kml:Data>
<kml:Data name="li_con">
<kml:value>0.0</kml:value>
</kml:Data>
<kml:Data name="pb_con">
<kml:value>0.0</kml:value>
</kml:Data>
<kml:Data name="ag_con">
<kml:value>0.0</kml:value>
</kml:Data>
<kml:Data name="st_con">
<kml:value>0.0</kml:value>
</kml:Data>
<kml:Data name="remarks">
<kml:value/>
</kml:Data>
<kml:Data name="wo_id">
<kml:value>386</kml:value>
</kml:Data>
<kml:Data name="sequence">
<kml:value>10</kml:value>
</kml:Data>
</kml:ExtendedData>
<kml:Point>
<kml:coordinates>67.85943604969096,29.516665851213432</kml:coordinates>
</kml:Point>
</kml:Placemark>
<kml:Placemark id="equipment_materialized.419560">
<kml:ExtendedData>
<kml:Data name="section_id">
<kml:value>02001314110120068</kml:value>
</kml:Data>
<kml:Data name="feedercode">
<kml:value>020013</kml:value>
</kml:Data>
<kml:Data name="substation">
<kml:value>220 KV-SIBI</kml:value>
</kml:Data>
<kml:Data name="gps_no">
<kml:value>14110120014</kml:value>
</kml:Data>
<kml:Data name="s_e">
<kml:value/>
</kml:Data>
<kml:Data name="pole_phase">
<kml:value>R-Y-B</kml:value>
</kml:Data>
<kml:Data name="pole_use"/>
<kml:Data name="fdr_on_pol">
<kml:value>1.0</kml:value>
</kml:Data>
<kml:Data name="pol_hght">
<kml:value>40</kml:value>
</kml:Data>
<kml:Data name="pole_type">
<kml:value>Steel Structure</kml:value>
</kml:Data>
<kml:Data name="eqp_type">
<kml:value>Primary Pole</kml:value>
</kml:Data>
<kml:Data name="eqp_number">
<kml:value/>
</kml:Data>
<kml:Data name="eqp_unit"/>
<kml:Data name="eqp_size">
<kml:value/>
</kml:Data>
<kml:Data name="eqp_phase">
<kml:value/>
</kml:Data>
<kml:Data name="eqp_use"/>
<kml:Data name="eqp_status">
<kml:value/>
</kml:Data>
<kml:Data name="trafo_mke"/>
<kml:Data name="consmr_nam">
<kml:value/>
</kml:Data>
<kml:Data name="trafo_loc">
<kml:value/>
</kml:Data>
<kml:Data name="trafo_mnt"/>
<kml:Data name="angle"/>
<kml:Data name="tap_pole"/>
<kml:Data name="end_type">
<kml:value/>
</kml:Data>
<kml:Data name="rs_con"/>
<kml:Data name="rs_con1">
<kml:value>0.0</kml:value>
</kml:Data>
<kml:Data name="rs_con3">
<kml:value>0.0</kml:value>
</kml:Data>
<kml:Data name="sc_con">
<kml:value>0.0</kml:value>
</kml:Data>
<kml:Data name="lc_con">
<kml:value>0.0</kml:value>
</kml:Data>
<kml:Data name="si_con">
<kml:value>0.0</kml:value>
</kml:Data>
<kml:Data name="li_con">
<kml:value>0.0</kml:value>
</kml:Data>
<kml:Data name="pb_con">
<kml:value>0.0</kml:value>
</kml:Data>
<kml:Data name="ag_con">
<kml:value>0.0</kml:value>
</kml:Data>
<kml:Data name="st_con">
<kml:value>0.0</kml:value>
</kml:Data>
<kml:Data name="remarks">
<kml:value/>
</kml:Data>
<kml:Data name="wo_id">
<kml:value>386</kml:value>
</kml:Data>
<kml:Data name="sequence">
<kml:value>11</kml:value>
</kml:Data>
</kml:ExtendedData>
<kml:Point>
<kml:coordinates>67.8597750411425,29.516577883950507</kml:coordinates>
</kml:Point>
</kml:Placemark>
<kml:Placemark id="equipment_materialized.419561">
<kml:ExtendedData>
<kml:Data name="section_id">
<kml:value>02001314110120068</kml:value>
</kml:Data>
<kml:Data name="feedercode">
<kml:value>020013</kml:value>
</kml:Data>
<kml:Data name="substation">
<kml:value>220 KV-SIBI</kml:value>
</kml:Data>
<kml:Data name="gps_no">
<kml:value>14110120015</kml:value>
</kml:Data>
<kml:Data name="s_e">
<kml:value/>
</kml:Data>
<kml:Data name="pole_phase">
<kml:value>R-Y-B</kml:value>
</kml:Data>
<kml:Data name="pole_use"/>
<kml:Data name="fdr_on_pol">
<kml:value>1.0</kml:value>
</kml:Data>
<kml:Data name="pol_hght">
<kml:value>40</kml:value>
</kml:Data>
<kml:Data name="pole_type">
<kml:value>Steel Structure</kml:value>
</kml:Data>
<kml:Data name="eqp_type">
<kml:value>Primary Pole</kml:value>
</kml:Data>
<kml:Data name="eqp_number">
<kml:value/>
</kml:Data>
<kml:Data name="eqp_unit"/>
<kml:Data name="eqp_size">
<kml:value/>
</kml:Data>
<kml:Data name="eqp_phase">
<kml:value/>
</kml:Data>
<kml:Data name="eqp_use"/>
<kml:Data name="eqp_status">
<kml:value/>
</kml:Data>
<kml:Data name="trafo_mke"/>
<kml:Data name="consmr_nam">
<kml:value/>
</kml:Data>
<kml:Data name="trafo_loc">
<kml:value/>
</kml:Data>
<kml:Data name="trafo_mnt"/>
<kml:Data name="angle"/>
<kml:Data name="tap_pole"/>
<kml:Data name="end_type">
<kml:value/>
</kml:Data>
<kml:Data name="rs_con"/>
<kml:Data name="rs_con1">
<kml:value>0.0</kml:value>
</kml:Data>
<kml:Data name="rs_con3">
<kml:value>0.0</kml:value>
</kml:Data>
<kml:Data name="sc_con">
<kml:value>0.0</kml:value>
</kml:Data>
<kml:Data name="lc_con">
<kml:value>0.0</kml:value>
</kml:Data>
<kml:Data name="si_con">
<kml:value>0.0</kml:value>
</kml:Data>
<kml:Data name="li_con">
<kml:value>0.0</kml:value>
</kml:Data>
<kml:Data name="pb_con">
<kml:value>0.0</kml:value>
</kml:Data>
<kml:Data name="ag_con">
<kml:value>0.0</kml:value>
</kml:Data>
<kml:Data name="st_con">
<kml:value>0.0</kml:value>
</kml:Data>
<kml:Data name="remarks">
<kml:value/>
</kml:Data>
<kml:Data name="wo_id">
<kml:value>386</kml:value>
</kml:Data>
<kml:Data name="sequence">
<kml:value>12</kml:value>
</kml:Data>
</kml:ExtendedData>
<kml:Point>
<kml:coordinates>67.85995797681915,29.517046913867134</kml:coordinates>
</kml:Point>
</kml:Placemark>
<kml:Placemark id="equipment_materialized.419562">
<kml:ExtendedData>
<kml:Data name="section_id">
<kml:value>02001314110120068</kml:value>
</kml:Data>
<kml:Data name="feedercode">
<kml:value>020013</kml:value>
</kml:Data>
<kml:Data name="substation">
<kml:value>220 KV-SIBI</kml:value>
</kml:Data>
<kml:Data name="gps_no">
<kml:value>14110120016</kml:value>
</kml:Data>
<kml:Data name="s_e">
<kml:value/>
</kml:Data>
<kml:Data name="pole_phase">
<kml:value>R-Y-B</kml:value>
</kml:Data>
<kml:Data name="pole_use"/>
<kml:Data name="fdr_on_pol">
<kml:value>1.0</kml:value>
</kml:Data>
<kml:Data name="pol_hght">
<kml:value>40</kml:value>
</kml:Data>
<kml:Data name="pole_type">
<kml:value>Steel Structure</kml:value>
</kml:Data>
<kml:Data name="eqp_type">
<kml:value>Primary Pole</kml:value>
</kml:Data>
<kml:Data name="eqp_number">
<kml:value/>
</kml:Data>
<kml:Data name="eqp_unit"/>
<kml:Data name="eqp_size">
<kml:value/>
</kml:Data>
<kml:Data name="eqp_phase">
<kml:value/>
</kml:Data>
<kml:Data name="eqp_use"/>
<kml:Data name="eqp_status">
<kml:value/>
</kml:Data>
<kml:Data name="trafo_mke"/>
<kml:Data name="consmr_nam">
<kml:value/>
</kml:Data>
<kml:Data name="trafo_loc">
<kml:value/>
</kml:Data>
<kml:Data name="trafo_mnt"/>
<kml:Data name="angle"/>
<kml:Data name="tap_pole"/>
<kml:Data name="end_type">
<kml:value/>
</kml:Data>
<kml:Data name="rs_con"/>
<kml:Data name="rs_con1">
<kml:value>0.0</kml:value>
</kml:Data>
<kml:Data name="rs_con3">
<kml:value>0.0</kml:value>
</kml:Data>
<kml:Data name="sc_con">
<kml:value>0.0</kml:value>
</kml:Data>
<kml:Data name="lc_con">
<kml:value>0.0</kml:value>
</kml:Data>
<kml:Data name="si_con">
<kml:value>0.0</kml:value>
</kml:Data>
<kml:Data name="li_con">
<kml:value>0.0</kml:value>
</kml:Data>
<kml:Data name="pb_con">
<kml:value>0.0</kml:value>
</kml:Data>
<kml:Data name="ag_con">
<kml:value>0.0</kml:value>
</kml:Data>
<kml:Data name="st_con">
<kml:value>0.0</kml:value>
</kml:Data>
<kml:Data name="remarks">
<kml:value/>
</kml:Data>
<kml:Data name="wo_id">
<kml:value>386</kml:value>
</kml:Data>
<kml:Data name="sequence">
<kml:value>13</kml:value>
</kml:Data>
</kml:ExtendedData>
<kml:Point>
<kml:coordinates>67.86012898208946,29.517475863393482</kml:coordinates>
</kml:Point>
</kml:Placemark>
<kml:Placemark id="equipment_materialized.419563">
<kml:ExtendedData>
<kml:Data name="section_id">
<kml:value>02001314110120068</kml:value>
</kml:Data>
<kml:Data name="feedercode">
<kml:value>020013</kml:value>
</kml:Data>
<kml:Data name="substation">
<kml:value>220 KV-SIBI</kml:value>
</kml:Data>
<kml:Data name="gps_no">
<kml:value>14110120017</kml:value>
</kml:Data>
<kml:Data name="s_e">
<kml:value/>
</kml:Data>
<kml:Data name="pole_phase">
<kml:value>R-Y-B</kml:value>
</kml:Data>
<kml:Data name="pole_use"/>
<kml:Data name="fdr_on_pol">
<kml:value>1.0</kml:value>
</kml:Data>
<kml:Data name="pol_hght">
<kml:value>40</kml:value>
</kml:Data>
<kml:Data name="pole_type">
<kml:value>Steel Structure</kml:value>
</kml:Data>
<kml:Data name="eqp_type">
<kml:value>Primary Pole</kml:value>
</kml:Data>
<kml:Data name="eqp_number">
<kml:value/>
</kml:Data>
<kml:Data name="eqp_unit"/>
<kml:Data name="eqp_size">
<kml:value/>
</kml:Data>
<kml:Data name="eqp_phase">
<kml:value/>
</kml:Data>
<kml:Data name="eqp_use"/>
<kml:Data name="eqp_status">
<kml:value/>
</kml:Data>
<kml:Data name="trafo_mke"/>
<kml:Data name="consmr_nam">
<kml:value/>
</kml:Data>
<kml:Data name="trafo_loc">
<kml:value/>
</kml:Data>
<kml:Data name="trafo_mnt"/>
<kml:Data name="angle"/>
<kml:Data name="tap_pole"/>
<kml:Data name="end_type">
<kml:value/>
</kml:Data>
<kml:Data name="rs_con"/>
<kml:Data name="rs_con1">
<kml:value>0.0</kml:value>
</kml:Data>
<kml:Data name="rs_con3">
<kml:value>0.0</kml:value>
</kml:Data>
<kml:Data name="sc_con">
<kml:value>0.0</kml:value>
</kml:Data>
<kml:Data name="lc_con">
<kml:value>0.0</kml:value>
</kml:Data>
<kml:Data name="si_con">
<kml:value>0.0</kml:value>
</kml:Data>
<kml:Data name="li_con">
<kml:value>0.0</kml:value>
</kml:Data>
<kml:Data name="pb_con">
<kml:value>0.0</kml:value>
</kml:Data>
<kml:Data name="ag_con">
<kml:value>0.0</kml:value>
</kml:Data>
<kml:Data name="st_con">
<kml:value>0.0</kml:value>
</kml:Data>
<kml:Data name="remarks">
<kml:value/>
</kml:Data>
<kml:Data name="wo_id">
<kml:value>386</kml:value>
</kml:Data>
<kml:Data name="sequence">
<kml:value>14</kml:value>
</kml:Data>
</kml:ExtendedData>
<kml:Point>
<kml:coordinates>67.8602730022488,29.517863881562306</kml:coordinates>
</kml:Point>
</kml:Placemark>
<kml:Placemark id="equipment_materialized.419564">
<kml:ExtendedData>
<kml:Data name="section_id">
<kml:value>02001314110120068</kml:value>
</kml:Data>
<kml:Data name="feedercode">
<kml:value>020013</kml:value>
</kml:Data>
<kml:Data name="substation">
<kml:value>220 KV-SIBI</kml:value>
</kml:Data>
<kml:Data name="gps_no">
<kml:value>14110120018</kml:value>
</kml:Data>
<kml:Data name="s_e">
<kml:value/>
</kml:Data>
<kml:Data name="pole_phase">
<kml:value>R-Y-B</kml:value>
</kml:Data>
<kml:Data name="pole_use"/>
<kml:Data name="fdr_on_pol">
<kml:value>1.0</kml:value>
</kml:Data>
<kml:Data name="pol_hght">
<kml:value>40</kml:value>
</kml:Data>
<kml:Data name="pole_type">
<kml:value>Steel Structure</kml:value>
</kml:Data>
<kml:Data name="eqp_type">
<kml:value>Primary Pole</kml:value>
</kml:Data>
<kml:Data name="eqp_number">
<kml:value/>
</kml:Data>
<kml:Data name="eqp_unit"/>
<kml:Data name="eqp_size">
<kml:value/>
</kml:Data>
<kml:Data name="eqp_phase">
<kml:value/>
</kml:Data>
<kml:Data name="eqp_use"/>
<kml:Data name="eqp_status">
<kml:value/>
</kml:Data>
<kml:Data name="trafo_mke"/>
<kml:Data name="consmr_nam">
<kml:value/>
</kml:Data>
<kml:Data name="trafo_loc">
<kml:value/>
</kml:Data>
<kml:Data name="trafo_mnt"/>
<kml:Data name="angle"/>
<kml:Data name="tap_pole"/>
<kml:Data name="end_type">
<kml:value/>
</kml:Data>
<kml:Data name="rs_con"/>
<kml:Data name="rs_con1">
<kml:value>0.0</kml:value>
</kml:Data>
<kml:Data name="rs_con3">
<kml:value>0.0</kml:value>
</kml:Data>
<kml:Data name="sc_con">
<kml:value>0.0</kml:value>
</kml:Data>
<kml:Data name="lc_con">
<kml:value>0.0</kml:value>
</kml:Data>
<kml:Data name="si_con">
<kml:value>0.0</kml:value>
</kml:Data>
<kml:Data name="li_con">
<kml:value>0.0</kml:value>
</kml:Data>
<kml:Data name="pb_con">
<kml:value>0.0</kml:value>
</kml:Data>
<kml:Data name="ag_con">
<kml:value>0.0</kml:value>
</kml:Data>
<kml:Data name="st_con">
<kml:value>0.0</kml:value>
</kml:Data>
<kml:Data name="remarks">
<kml:value/>
</kml:Data>
<kml:Data name="wo_id">
<kml:value>386</kml:value>
</kml:Data>
<kml:Data name="sequence">
<kml:value>15</kml:value>
</kml:Data>
</kml:ExtendedData>
<kml:Point>
<kml:coordinates>67.86044403971222,29.51836385254017</kml:coordinates>
</kml:Point>
</kml:Placemark>
<kml:Placemark id="equipment_materialized.419565">
<kml:ExtendedData>
<kml:Data name="section_id">
<kml:value>02001314110120068</kml:value>
</kml:Data>
<kml:Data name="feedercode">
<kml:value>020013</kml:value>
</kml:Data>
<kml:Data name="substation">
<kml:value>220 KV-SIBI</kml:value>
</kml:Data>
<kml:Data name="gps_no">
<kml:value>14110120019</kml:value>
</kml:Data>
<kml:Data name="s_e">
<kml:value/>
</kml:Data>
<kml:Data name="pole_phase">
<kml:value>R-Y-B</kml:value>
</kml:Data>
<kml:Data name="pole_use"/>
<kml:Data name="fdr_on_pol">
<kml:value>1.0</kml:value>
</kml:Data>
<kml:Data name="pol_hght">
<kml:value>40</kml:value>
</kml:Data>
<kml:Data name="pole_type">
<kml:value>Steel Structure</kml:value>
</kml:Data>
<kml:Data name="eqp_type">
<kml:value>Primary Pole</kml:value>
</kml:Data>
<kml:Data name="eqp_number">
<kml:value/>
</kml:Data>
<kml:Data name="eqp_unit"/>
<kml:Data name="eqp_size">
<kml:value/>
</kml:Data>
<kml:Data name="eqp_phase">
<kml:value/>
</kml:Data>
<kml:Data name="eqp_use"/>
<kml:Data name="eqp_status">
<kml:value/>
</kml:Data>
<kml:Data name="trafo_mke"/>
<kml:Data name="consmr_nam">
<kml:value/>
</kml:Data>
<kml:Data name="trafo_loc">
<kml:value/>
</kml:Data>
<kml:Data name="trafo_mnt"/>
<kml:Data name="angle"/>
<kml:Data name="tap_pole"/>
<kml:Data name="end_type">
<kml:value/>
</kml:Data>
<kml:Data name="rs_con"/>
<kml:Data name="rs_con1">
<kml:value>0.0</kml:value>
</kml:Data>
<kml:Data name="rs_con3">
<kml:value>0.0</kml:value>
</kml:Data>
<kml:Data name="sc_con">
<kml:value>0.0</kml:value>
</kml:Data>
<kml:Data name="lc_con">
<kml:value>0.0</kml:value>
</kml:Data>
<kml:Data name="si_con">
<kml:value>0.0</kml:value>
</kml:Data>
<kml:Data name="li_con">
<kml:value>0.0</kml:value>
</kml:Data>
<kml:Data name="pb_con">
<kml:value>0.0</kml:value>
</kml:Data>
<kml:Data name="ag_con">
<kml:value>0.0</kml:value>
</kml:Data>
<kml:Data name="st_con">
<kml:value>0.0</kml:value>
</kml:Data>
<kml:Data name="remarks">
<kml:value/>
</kml:Data>
<kml:Data name="wo_id">
<kml:value>386</kml:value>
</kml:Data>
<kml:Data name="sequence">
<kml:value>16</kml:value>
</kml:Data>
</kml:ExtendedData>
<kml:Point>
<kml:coordinates>67.8605880218764,29.518773889434016</kml:coordinates>
</kml:Point>
</kml:Placemark>
<kml:Placemark id="equipment_materialized.419566">
<kml:ExtendedData>
<kml:Data name="section_id">
<kml:value>02001314110120068</kml:value>
</kml:Data>
<kml:Data name="feedercode">
<kml:value>020013</kml:value>
</kml:Data>
<kml:Data name="substation">
<kml:value>220 KV-SIBI</kml:value>
</kml:Data>
<kml:Data name="gps_no">
<kml:value>14110120020</kml:value>
</kml:Data>
<kml:Data name="s_e">
<kml:value/>
</kml:Data>
<kml:Data name="pole_phase">
<kml:value>R-Y-B</kml:value>
</kml:Data>
<kml:Data name="pole_use"/>
<kml:Data name="fdr_on_pol">
<kml:value>1.0</kml:value>
</kml:Data>
<kml:Data name="pol_hght">
<kml:value>40</kml:value>
</kml:Data>
<kml:Data name="pole_type">
<kml:value>Steel Structure</kml:value>
</kml:Data>
<kml:Data name="eqp_type">
<kml:value>Primary Pole</kml:value>
</kml:Data>
<kml:Data name="eqp_number">
<kml:value/>
</kml:Data>
<kml:Data name="eqp_unit"/>
<kml:Data name="eqp_size">
<kml:value/>
</kml:Data>
<kml:Data name="eqp_phase">
<kml:value/>
</kml:Data>
<kml:Data name="eqp_use"/>
<kml:Data name="eqp_status">
<kml:value/>
</kml:Data>
<kml:Data name="trafo_mke"/>
<kml:Data name="consmr_nam">
<kml:value/>
</kml:Data>
<kml:Data name="trafo_loc">
<kml:value/>
</kml:Data>
<kml:Data name="trafo_mnt"/>
<kml:Data name="angle"/>
<kml:Data name="tap_pole"/>
<kml:Data name="end_type">
<kml:value/>
</kml:Data>
<kml:Data name="rs_con"/>
<kml:Data name="rs_con1">
<kml:value>0.0</kml:value>
</kml:Data>
<kml:Data name="rs_con3">
<kml:value>0.0</kml:value>
</kml:Data>
<kml:Data name="sc_con">
<kml:value>0.0</kml:value>
</kml:Data>
<kml:Data name="lc_con">
<kml:value>0.0</kml:value>
</kml:Data>
<kml:Data name="si_con">
<kml:value>0.0</kml:value>
</kml:Data>
<kml:Data name="li_con">
<kml:value>0.0</kml:value>
</kml:Data>
<kml:Data name="pb_con">
<kml:value>0.0</kml:value>
</kml:Data>
<kml:Data name="ag_con">
<kml:value>0.0</kml:value>
</kml:Data>
<kml:Data name="st_con">
<kml:value>0.0</kml:value>
</kml:Data>
<kml:Data name="remarks">
<kml:value/>
</kml:Data>
<kml:Data name="wo_id">
<kml:value>386</kml:value>
</kml:Data>
<kml:Data name="sequence">
<kml:value>17</kml:value>
</kml:Data>
</kml:ExtendedData>
<kml:Point>
<kml:coordinates>67.86076403662615,29.519271917295992</kml:coordinates>
</kml:Point>
</kml:Placemark>
<kml:Placemark id="equipment_materialized.419567">
<kml:ExtendedData>
<kml:Data name="section_id">
<kml:value>02001314110120068</kml:value>
</kml:Data>
<kml:Data name="feedercode">
<kml:value>020013</kml:value>
</kml:Data>
<kml:Data name="substation">
<kml:value>220 KV-SIBI</kml:value>
</kml:Data>
<kml:Data name="gps_no">
<kml:value>14110120021</kml:value>
</kml:Data>
<kml:Data name="s_e">
<kml:value/>
</kml:Data>
<kml:Data name="pole_phase">
<kml:value>R-Y-B</kml:value>
</kml:Data>
<kml:Data name="pole_use"/>
<kml:Data name="fdr_on_pol">
<kml:value>1.0</kml:value>
</kml:Data>
<kml:Data name="pol_hght">
<kml:value>40</kml:value>
</kml:Data>
<kml:Data name="pole_type">
<kml:value>Steel Structure</kml:value>
</kml:Data>
<kml:Data name="eqp_type">
<kml:value>Primary Pole</kml:value>
</kml:Data>
<kml:Data name="eqp_number">
<kml:value/>
</kml:Data>
<kml:Data name="eqp_unit"/>
<kml:Data name="eqp_size">
<kml:value/>
</kml:Data>
<kml:Data name="eqp_phase">
<kml:value/>
</kml:Data>
<kml:Data name="eqp_use"/>
<kml:Data name="eqp_status">
<kml:value/>
</kml:Data>
<kml:Data name="trafo_mke"/>
<kml:Data name="consmr_nam">
<kml:value/>
</kml:Data>
<kml:Data name="trafo_loc">
<kml:value/>
</kml:Data>
<kml:Data name="trafo_mnt"/>
<kml:Data name="angle"/>
<kml:Data name="tap_pole"/>
<kml:Data name="end_type">
<kml:value/>
</kml:Data>
<kml:Data name="rs_con"/>
<kml:Data name="rs_con1">
<kml:value>0.0</kml:value>
</kml:Data>
<kml:Data name="rs_con3">
<kml:value>0.0</kml:value>
</kml:Data>
<kml:Data name="sc_con">
<kml:value>0.0</kml:value>
</kml:Data>
<kml:Data name="lc_con">
<kml:value>0.0</kml:value>
</kml:Data>
<kml:Data name="si_con">
<kml:value>0.0</kml:value>
</kml:Data>
<kml:Data name="li_con">
<kml:value>0.0</kml:value>
</kml:Data>
<kml:Data name="pb_con">
<kml:value>0.0</kml:value>
</kml:Data>
<kml:Data name="ag_con">
<kml:value>0.0</kml:value>
</kml:Data>
<kml:Data name="st_con">
<kml:value>0.0</kml:value>
</kml:Data>
<kml:Data name="remarks">
<kml:value/>
</kml:Data>
<kml:Data name="wo_id">
<kml:value>386</kml:value>
</kml:Data>
<kml:Data name="sequence">
<kml:value>18</kml:value>
</kml:Data>
</kml:ExtendedData>
<kml:Point>
<kml:coordinates>67.8609209733071,29.519713920768734</kml:coordinates>
</kml:Point>
</kml:Placemark>
<kml:Placemark id="equipment_materialized.419568">
<kml:ExtendedData>
<kml:Data name="section_id">
<kml:value>02001314110120068</kml:value>
</kml:Data>
<kml:Data name="feedercode">
<kml:value>020013</kml:value>
</kml:Data>
<kml:Data name="substation">
<kml:value>220 KV-SIBI</kml:value>
</kml:Data>
<kml:Data name="gps_no">
<kml:value>14110120022</kml:value>
</kml:Data>
<kml:Data name="s_e">
<kml:value/>
</kml:Data>
<kml:Data name="pole_phase">
<kml:value>R-Y-B</kml:value>
</kml:Data>
<kml:Data name="pole_use"/>
<kml:Data name="fdr_on_pol">
<kml:value>1.0</kml:value>
</kml:Data>
<kml:Data name="pol_hght">
<kml:value>40</kml:value>
</kml:Data>
<kml:Data name="pole_type">
<kml:value>Steel Structure</kml:value>
</kml:Data>
<kml:Data name="eqp_type">
<kml:value>Primary Pole</kml:value>
</kml:Data>
<kml:Data name="eqp_number">
<kml:value/>
</kml:Data>
<kml:Data name="eqp_unit"/>
<kml:Data name="eqp_size">
<kml:value/>
</kml:Data>
<kml:Data name="eqp_phase">
<kml:value/>
</kml:Data>
<kml:Data name="eqp_use"/>
<kml:Data name="eqp_status">
<kml:value/>
</kml:Data>
<kml:Data name="trafo_mke"/>
<kml:Data name="consmr_nam">
<kml:value/>
</kml:Data>
<kml:Data name="trafo_loc">
<kml:value/>
</kml:Data>
<kml:Data name="trafo_mnt"/>
<kml:Data name="angle"/>
<kml:Data name="tap_pole"/>
<kml:Data name="end_type">
<kml:value/>
</kml:Data>
<kml:Data name="rs_con"/>
<kml:Data name="rs_con1">
<kml:value>0.0</kml:value>
</kml:Data>
<kml:Data name="rs_con3">
<kml:value>0.0</kml:value>
</kml:Data>
<kml:Data name="sc_con">
<kml:value>0.0</kml:value>
</kml:Data>
<kml:Data name="lc_con">
<kml:value>0.0</kml:value>
</kml:Data>
<kml:Data name="si_con">
<kml:value>0.0</kml:value>
</kml:Data>
<kml:Data name="li_con">
<kml:value>0.0</kml:value>
</kml:Data>
<kml:Data name="pb_con">
<kml:value>0.0</kml:value>
</kml:Data>
<kml:Data name="ag_con">
<kml:value>0.0</kml:value>
</kml:Data>
<kml:Data name="st_con">
<kml:value>0.0</kml:value>
</kml:Data>
<kml:Data name="remarks">
<kml:value/>
</kml:Data>
<kml:Data name="wo_id">
<kml:value>386</kml:value>
</kml:Data>
<kml:Data name="sequence">
<kml:value>19</kml:value>
</kml:Data>
</kml:ExtendedData>
<kml:Point>
<kml:coordinates>67.8610619856533,29.520149921796303</kml:coordinates>
</kml:Point>
</kml:Placemark>
<kml:Placemark id="equipment_materialized.419569">
<kml:ExtendedData>
<kml:Data name="section_id">
<kml:value>02001314110120068</kml:value>
</kml:Data>
<kml:Data name="feedercode">
<kml:value>020013</kml:value>
</kml:Data>
<kml:Data name="substation">
<kml:value>220 KV-SIBI</kml:value>
</kml:Data>
<kml:Data name="gps_no">
<kml:value>14110120023</kml:value>
</kml:Data>
<kml:Data name="s_e">
<kml:value/>
</kml:Data>
<kml:Data name="pole_phase">
<kml:value>R-Y-B</kml:value>
</kml:Data>
<kml:Data name="pole_use"/>
<kml:Data name="fdr_on_pol">
<kml:value>1.0</kml:value>
</kml:Data>
<kml:Data name="pol_hght">
<kml:value>40</kml:value>
</kml:Data>
<kml:Data name="pole_type">
<kml:value>Steel Structure</kml:value>
</kml:Data>
<kml:Data name="eqp_type">
<kml:value>Primary Pole</kml:value>
</kml:Data>
<kml:Data name="eqp_number">
<kml:value/>
</kml:Data>
<kml:Data name="eqp_unit"/>
<kml:Data name="eqp_size">
<kml:value/>
</kml:Data>
<kml:Data name="eqp_phase">
<kml:value/>
</kml:Data>
<kml:Data name="eqp_use"/>
<kml:Data name="eqp_status">
<kml:value/>
</kml:Data>
<kml:Data name="trafo_mke"/>
<kml:Data name="consmr_nam">
<kml:value/>
</kml:Data>
<kml:Data name="trafo_loc">
<kml:value/>
</kml:Data>
<kml:Data name="trafo_mnt"/>
<kml:Data name="angle"/>
<kml:Data name="tap_pole"/>
<kml:Data name="end_type">
<kml:value/>
</kml:Data>
<kml:Data name="rs_con"/>
<kml:Data name="rs_con1">
<kml:value>0.0</kml:value>
</kml:Data>
<kml:Data name="rs_con3">
<kml:value>0.0</kml:value>
</kml:Data>
<kml:Data name="sc_con">
<kml:value>0.0</kml:value>
</kml:Data>
<kml:Data name="lc_con">
<kml:value>0.0</kml:value>
</kml:Data>
<kml:Data name="si_con">
<kml:value>0.0</kml:value>
</kml:Data>
<kml:Data name="li_con">
<kml:value>0.0</kml:value>
</kml:Data>
<kml:Data name="pb_con">
<kml:value>0.0</kml:value>
</kml:Data>
<kml:Data name="ag_con">
<kml:value>0.0</kml:value>
</kml:Data>
<kml:Data name="st_con">
<kml:value>0.0</kml:value>
</kml:Data>
<kml:Data name="remarks">
<kml:value/>
</kml:Data>
<kml:Data name="wo_id">
<kml:value>386</kml:value>
</kml:Data>
<kml:Data name="sequence">
<kml:value>20</kml:value>
</kml:Data>
</kml:ExtendedData>
<kml:Point>
<kml:coordinates>67.86122596368664,29.52058990963124</kml:coordinates>
</kml:Point>
</kml:Placemark>
<kml:Placemark id="equipment_materialized.419570">
<kml:ExtendedData>
<kml:Data name="section_id">
<kml:value>02001314110120068</kml:value>
</kml:Data>
<kml:Data name="feedercode">
<kml:value>020013</kml:value>
</kml:Data>
<kml:Data name="substation">
<kml:value>220 KV-SIBI</kml:value>
</kml:Data>
<kml:Data name="gps_no">
<kml:value>14110120024</kml:value>
</kml:Data>
<kml:Data name="s_e">
<kml:value/>
</kml:Data>
<kml:Data name="pole_phase">
<kml:value>R-Y-B</kml:value>
</kml:Data>
<kml:Data name="pole_use"/>
<kml:Data name="fdr_on_pol">
<kml:value>1.0</kml:value>
</kml:Data>
<kml:Data name="pol_hght">
<kml:value>40</kml:value>
</kml:Data>
<kml:Data name="pole_type">
<kml:value>Steel Structure</kml:value>
</kml:Data>
<kml:Data name="eqp_type">
<kml:value>Primary Pole</kml:value>
</kml:Data>
<kml:Data name="eqp_number">
<kml:value/>
</kml:Data>
<kml:Data name="eqp_unit"/>
<kml:Data name="eqp_size">
<kml:value/>
</kml:Data>
<kml:Data name="eqp_phase">
<kml:value/>
</kml:Data>
<kml:Data name="eqp_use"/>
<kml:Data name="eqp_status">
<kml:value/>
</kml:Data>
<kml:Data name="trafo_mke"/>
<kml:Data name="consmr_nam">
<kml:value/>
</kml:Data>
<kml:Data name="trafo_loc">
<kml:value/>
</kml:Data>
<kml:Data name="trafo_mnt"/>
<kml:Data name="angle"/>
<kml:Data name="tap_pole"/>
<kml:Data name="end_type">
<kml:value/>
</kml:Data>
<kml:Data name="rs_con"/>
<kml:Data name="rs_con1">
<kml:value>0.0</kml:value>
</kml:Data>
<kml:Data name="rs_con3">
<kml:value>0.0</kml:value>
</kml:Data>
<kml:Data name="sc_con">
<kml:value>0.0</kml:value>
</kml:Data>
<kml:Data name="lc_con">
<kml:value>0.0</kml:value>
</kml:Data>
<kml:Data name="si_con">
<kml:value>0.0</kml:value>
</kml:Data>
<kml:Data name="li_con">
<kml:value>0.0</kml:value>
</kml:Data>
<kml:Data name="pb_con">
<kml:value>0.0</kml:value>
</kml:Data>
<kml:Data name="ag_con">
<kml:value>0.0</kml:value>
</kml:Data>
<kml:Data name="st_con">
<kml:value>0.0</kml:value>
</kml:Data>
<kml:Data name="remarks">
<kml:value/>
</kml:Data>
<kml:Data name="wo_id">
<kml:value>386</kml:value>
</kml:Data>
<kml:Data name="sequence">
<kml:value>21</kml:value>
</kml:Data>
</kml:ExtendedData>
<kml:Point>
<kml:coordinates>67.86136303257696,29.521018927805166</kml:coordinates>
</kml:Point>
</kml:Placemark>
<kml:Placemark id="equipment_materialized.419571">
<kml:ExtendedData>
<kml:Data name="section_id">
<kml:value>02001314110120068</kml:value>
</kml:Data>
<kml:Data name="feedercode">
<kml:value>020013</kml:value>
</kml:Data>
<kml:Data name="substation">
<kml:value>220 KV-SIBI</kml:value>
</kml:Data>
<kml:Data name="gps_no">
<kml:value>14110120025</kml:value>
</kml:Data>
<kml:Data name="s_e">
<kml:value/>
</kml:Data>
<kml:Data name="pole_phase">
<kml:value>R-Y-B</kml:value>
</kml:Data>
<kml:Data name="pole_use"/>
<kml:Data name="fdr_on_pol">
<kml:value>1.0</kml:value>
</kml:Data>
<kml:Data name="pol_hght">
<kml:value>40</kml:value>
</kml:Data>
<kml:Data name="pole_type">
<kml:value>Steel Structure</kml:value>
</kml:Data>
<kml:Data name="eqp_type">
<kml:value>Primary Pole</kml:value>
</kml:Data>
<kml:Data name="eqp_number">
<kml:value/>
</kml:Data>
<kml:Data name="eqp_unit"/>
<kml:Data name="eqp_size">
<kml:value/>
</kml:Data>
<kml:Data name="eqp_phase">
<kml:value/>
</kml:Data>
<kml:Data name="eqp_use"/>
<kml:Data name="eqp_status">
<kml:value/>
</kml:Data>
<kml:Data name="trafo_mke"/>
<kml:Data name="consmr_nam">
<kml:value/>
</kml:Data>
<kml:Data name="trafo_loc">
<kml:value/>
</kml:Data>
<kml:Data name="trafo_mnt"/>
<kml:Data name="angle"/>
<kml:Data name="tap_pole"/>
<kml:Data name="end_type">
<kml:value/>
</kml:Data>
<kml:Data name="rs_con"/>
<kml:Data name="rs_con1">
<kml:value>0.0</kml:value>
</kml:Data>
<kml:Data name="rs_con3">
<kml:value>0.0</kml:value>
</kml:Data>
<kml:Data name="sc_con">
<kml:value>0.0</kml:value>
</kml:Data>
<kml:Data name="lc_con">
<kml:value>0.0</kml:value>
</kml:Data>
<kml:Data name="si_con">
<kml:value>0.0</kml:value>
</kml:Data>
<kml:Data name="li_con">
<kml:value>0.0</kml:value>
</kml:Data>
<kml:Data name="pb_con">
<kml:value>0.0</kml:value>
</kml:Data>
<kml:Data name="ag_con">
<kml:value>0.0</kml:value>
</kml:Data>
<kml:Data name="st_con">
<kml:value>0.0</kml:value>
</kml:Data>
<kml:Data name="remarks">
<kml:value/>
</kml:Data>
<kml:Data name="wo_id">
<kml:value>386</kml:value>
</kml:Data>
<kml:Data name="sequence">
<kml:value>22</kml:value>
</kml:Data>
</kml:ExtendedData>
<kml:Point>
<kml:coordinates>67.86147702609652,29.521407860610584</kml:coordinates>
</kml:Point>
</kml:Placemark>
<kml:Placemark id="equipment_materialized.419572">
<kml:ExtendedData>
<kml:Data name="section_id">
<kml:value>02001314110120068</kml:value>
</kml:Data>
<kml:Data name="feedercode">
<kml:value>020013</kml:value>
</kml:Data>
<kml:Data name="substation">
<kml:value>220 KV-SIBI</kml:value>
</kml:Data>
<kml:Data name="gps_no">
<kml:value>14110120026</kml:value>
</kml:Data>
<kml:Data name="s_e">
<kml:value/>
</kml:Data>
<kml:Data name="pole_phase">
<kml:value>R-Y-B</kml:value>
</kml:Data>
<kml:Data name="pole_use"/>
<kml:Data name="fdr_on_pol">
<kml:value>1.0</kml:value>
</kml:Data>
<kml:Data name="pol_hght">
<kml:value>40</kml:value>
</kml:Data>
<kml:Data name="pole_type">
<kml:value>Steel Structure</kml:value>
</kml:Data>
<kml:Data name="eqp_type">
<kml:value>Primary Pole</kml:value>
</kml:Data>
<kml:Data name="eqp_number">
<kml:value/>
</kml:Data>
<kml:Data name="eqp_unit"/>
<kml:Data name="eqp_size">
<kml:value/>
</kml:Data>
<kml:Data name="eqp_phase">
<kml:value/>
</kml:Data>
<kml:Data name="eqp_use"/>
<kml:Data name="eqp_status">
<kml:value/>
</kml:Data>
<kml:Data name="trafo_mke"/>
<kml:Data name="consmr_nam">
<kml:value/>
</kml:Data>
<kml:Data name="trafo_loc">
<kml:value/>
</kml:Data>
<kml:Data name="trafo_mnt"/>
<kml:Data name="angle"/>
<kml:Data name="tap_pole"/>
<kml:Data name="end_type">
<kml:value/>
</kml:Data>
<kml:Data name="rs_con"/>
<kml:Data name="rs_con1">
<kml:value>0.0</kml:value>
</kml:Data>
<kml:Data name="rs_con3">
<kml:value>0.0</kml:value>
</kml:Data>
<kml:Data name="sc_con">
<kml:value>0.0</kml:value>
</kml:Data>
<kml:Data name="lc_con">
<kml:value>0.0</kml:value>
</kml:Data>
<kml:Data name="si_con">
<kml:value>0.0</kml:value>
</kml:Data>
<kml:Data name="li_con">
<kml:value>0.0</kml:value>
</kml:Data>
<kml:Data name="pb_con">
<kml:value>0.0</kml:value>
</kml:Data>
<kml:Data name="ag_con">
<kml:value>0.0</kml:value>
</kml:Data>
<kml:Data name="st_con">
<kml:value>0.0</kml:value>
</kml:Data>
<kml:Data name="remarks">
<kml:value/>
</kml:Data>
<kml:Data name="wo_id">
<kml:value>386</kml:value>
</kml:Data>
<kml:Data name="sequence">
<kml:value>23</kml:value>
</kml:Data>
</kml:ExtendedData>
<kml:Point>
<kml:coordinates>67.86085795281615,29.521719852707434</kml:coordinates>
</kml:Point>
</kml:Placemark>
<kml:Placemark id="equipment_materialized.419573">
<kml:ExtendedData>
<kml:Data name="section_id">
<kml:value>02001314110120068</kml:value>
</kml:Data>
<kml:Data name="feedercode">
<kml:value>020013</kml:value>
</kml:Data>
<kml:Data name="substation">
<kml:value>220 KV-SIBI</kml:value>
</kml:Data>
<kml:Data name="gps_no">
<kml:value>14110120027</kml:value>
</kml:Data>
<kml:Data name="s_e">
<kml:value/>
</kml:Data>
<kml:Data name="pole_phase">
<kml:value>R-Y-B</kml:value>
</kml:Data>
<kml:Data name="pole_use"/>
<kml:Data name="fdr_on_pol">
<kml:value>1.0</kml:value>
</kml:Data>
<kml:Data name="pol_hght">
<kml:value>40</kml:value>
</kml:Data>
<kml:Data name="pole_type">
<kml:value>Steel Structure</kml:value>
</kml:Data>
<kml:Data name="eqp_type">
<kml:value>Primary Pole</kml:value>
</kml:Data>
<kml:Data name="eqp_number">
<kml:value/>
</kml:Data>
<kml:Data name="eqp_unit"/>
<kml:Data name="eqp_size">
<kml:value/>
</kml:Data>
<kml:Data name="eqp_phase">
<kml:value/>
</kml:Data>
<kml:Data name="eqp_use"/>
<kml:Data name="eqp_status">
<kml:value/>
</kml:Data>
<kml:Data name="trafo_mke"/>
<kml:Data name="consmr_nam">
<kml:value/>
</kml:Data>
<kml:Data name="trafo_loc">
<kml:value/>
</kml:Data>
<kml:Data name="trafo_mnt"/>
<kml:Data name="angle"/>
<kml:Data name="tap_pole"/>
<kml:Data name="end_type">
<kml:value/>
</kml:Data>
<kml:Data name="rs_con"/>
<kml:Data name="rs_con1">
<kml:value>0.0</kml:value>
</kml:Data>
<kml:Data name="rs_con3">
<kml:value>0.0</kml:value>
</kml:Data>
<kml:Data name="sc_con">
<kml:value>0.0</kml:value>
</kml:Data>
<kml:Data name="lc_con">
<kml:value>0.0</kml:value>
</kml:Data>
<kml:Data name="si_con">
<kml:value>0.0</kml:value>
</kml:Data>
<kml:Data name="li_con">
<kml:value>0.0</kml:value>
</kml:Data>
<kml:Data name="pb_con">
<kml:value>0.0</kml:value>
</kml:Data>
<kml:Data name="ag_con">
<kml:value>0.0</kml:value>
</kml:Data>
<kml:Data name="st_con">
<kml:value>0.0</kml:value>
</kml:Data>
<kml:Data name="remarks">
<kml:value/>
</kml:Data>
<kml:Data name="wo_id">
<kml:value>386</kml:value>
</kml:Data>
<kml:Data name="sequence">
<kml:value>24</kml:value>
</kml:Data>
</kml:ExtendedData>
<kml:Point>
<kml:coordinates>67.86103499887278,29.52206185812652</kml:coordinates>
</kml:Point>
</kml:Placemark>
<kml:Placemark id="equipment_materialized.419574">
<kml:ExtendedData>
<kml:Data name="section_id">
<kml:value>02001314110120068</kml:value>
</kml:Data>
<kml:Data name="feedercode">
<kml:value>020013</kml:value>
</kml:Data>
<kml:Data name="substation">
<kml:value>220 KV-SIBI</kml:value>
</kml:Data>
<kml:Data name="gps_no">
<kml:value>14110120028</kml:value>
</kml:Data>
<kml:Data name="s_e">
<kml:value/>
</kml:Data>
<kml:Data name="pole_phase">
<kml:value>R-Y-B</kml:value>
</kml:Data>
<kml:Data name="pole_use"/>
<kml:Data name="fdr_on_pol">
<kml:value>1.0</kml:value>
</kml:Data>
<kml:Data name="pol_hght">
<kml:value>40</kml:value>
</kml:Data>
<kml:Data name="pole_type">
<kml:value>Steel Structure</kml:value>
</kml:Data>
<kml:Data name="eqp_type">
<kml:value>Primary Pole</kml:value>
</kml:Data>
<kml:Data name="eqp_number">
<kml:value/>
</kml:Data>
<kml:Data name="eqp_unit"/>
<kml:Data name="eqp_size">
<kml:value/>
</kml:Data>
<kml:Data name="eqp_phase">
<kml:value/>
</kml:Data>
<kml:Data name="eqp_use"/>
<kml:Data name="eqp_status">
<kml:value/>
</kml:Data>
<kml:Data name="trafo_mke"/>
<kml:Data name="consmr_nam">
<kml:value/>
</kml:Data>
<kml:Data name="trafo_loc">
<kml:value/>
</kml:Data>
<kml:Data name="trafo_mnt"/>
<kml:Data name="angle"/>
<kml:Data name="tap_pole"/>
<kml:Data name="end_type">
<kml:value/>
</kml:Data>
<kml:Data name="rs_con"/>
<kml:Data name="rs_con1">
<kml:value>0.0</kml:value>
</kml:Data>
<kml:Data name="rs_con3">
<kml:value>0.0</kml:value>
</kml:Data>
<kml:Data name="sc_con">
<kml:value>0.0</kml:value>
</kml:Data>
<kml:Data name="lc_con">
<kml:value>0.0</kml:value>
</kml:Data>
<kml:Data name="si_con">
<kml:value>0.0</kml:value>
</kml:Data>
<kml:Data name="li_con">
<kml:value>0.0</kml:value>
</kml:Data>
<kml:Data name="pb_con">
<kml:value>0.0</kml:value>
</kml:Data>
<kml:Data name="ag_con">
<kml:value>0.0</kml:value>
</kml:Data>
<kml:Data name="st_con">
<kml:value>0.0</kml:value>
</kml:Data>
<kml:Data name="remarks">
<kml:value/>
</kml:Data>
<kml:Data name="wo_id">
<kml:value>386</kml:value>
</kml:Data>
<kml:Data name="sequence">
<kml:value>25</kml:value>
</kml:Data>
</kml:ExtendedData>
<kml:Point>
<kml:coordinates>67.86124496315341,29.522412898929655</kml:coordinates>
</kml:Point>
</kml:Placemark>
<kml:Placemark id="equipment_materialized.419575">
<kml:ExtendedData>
<kml:Data name="section_id">
<kml:value>02001314110120068</kml:value>
</kml:Data>
<kml:Data name="feedercode">
<kml:value>020013</kml:value>
</kml:Data>
<kml:Data name="substation">
<kml:value>220 KV-SIBI</kml:value>
</kml:Data>
<kml:Data name="gps_no">
<kml:value>14110120029</kml:value>
</kml:Data>
<kml:Data name="s_e">
<kml:value/>
</kml:Data>
<kml:Data name="pole_phase">
<kml:value>R-Y-B</kml:value>
</kml:Data>
<kml:Data name="pole_use"/>
<kml:Data name="fdr_on_pol">
<kml:value>1.0</kml:value>
</kml:Data>
<kml:Data name="pol_hght">
<kml:value>40</kml:value>
</kml:Data>
<kml:Data name="pole_type">
<kml:value>Steel Structure</kml:value>
</kml:Data>
<kml:Data name="eqp_type">
<kml:value>Primary Pole</kml:value>
</kml:Data>
<kml:Data name="eqp_number">
<kml:value/>
</kml:Data>
<kml:Data name="eqp_unit"/>
<kml:Data name="eqp_size">
<kml:value/>
</kml:Data>
<kml:Data name="eqp_phase">
<kml:value/>
</kml:Data>
<kml:Data name="eqp_use"/>
<kml:Data name="eqp_status">
<kml:value/>
</kml:Data>
<kml:Data name="trafo_mke"/>
<kml:Data name="consmr_nam">
<kml:value/>
</kml:Data>
<kml:Data name="trafo_loc">
<kml:value/>
</kml:Data>
<kml:Data name="trafo_mnt"/>
<kml:Data name="angle"/>
<kml:Data name="tap_pole"/>
<kml:Data name="end_type">
<kml:value/>
</kml:Data>
<kml:Data name="rs_con"/>
<kml:Data name="rs_con1">
<kml:value>0.0</kml:value>
</kml:Data>
<kml:Data name="rs_con3">
<kml:value>0.0</kml:value>
</kml:Data>
<kml:Data name="sc_con">
<kml:value>0.0</kml:value>
</kml:Data>
<kml:Data name="lc_con">
<kml:value>0.0</kml:value>
</kml:Data>
<kml:Data name="si_con">
<kml:value>0.0</kml:value>
</kml:Data>
<kml:Data name="li_con">
<kml:value>0.0</kml:value>
</kml:Data>
<kml:Data name="pb_con">
<kml:value>0.0</kml:value>
</kml:Data>
<kml:Data name="ag_con">
<kml:value>0.0</kml:value>
</kml:Data>
<kml:Data name="st_con">
<kml:value>0.0</kml:value>
</kml:Data>
<kml:Data name="remarks">
<kml:value/>
</kml:Data>
<kml:Data name="wo_id">
<kml:value>386</kml:value>
</kml:Data>
<kml:Data name="sequence">
<kml:value>26</kml:value>
</kml:Data>
</kml:ExtendedData>
<kml:Point>
<kml:coordinates>67.86142705014998,29.522774890812098</kml:coordinates>
</kml:Point>
</kml:Placemark>
<kml:Placemark id="equipment_materialized.419576">
<kml:ExtendedData>
<kml:Data name="section_id">
<kml:value>02001314110120068</kml:value>
</kml:Data>
<kml:Data name="feedercode">
<kml:value>020013</kml:value>
</kml:Data>
<kml:Data name="substation">
<kml:value>220 KV-SIBI</kml:value>
</kml:Data>
<kml:Data name="gps_no">
<kml:value>14110120030</kml:value>
</kml:Data>
<kml:Data name="s_e">
<kml:value/>
</kml:Data>
<kml:Data name="pole_phase">
<kml:value>R-Y-B</kml:value>
</kml:Data>
<kml:Data name="pole_use"/>
<kml:Data name="fdr_on_pol">
<kml:value>1.0</kml:value>
</kml:Data>
<kml:Data name="pol_hght">
<kml:value>40</kml:value>
</kml:Data>
<kml:Data name="pole_type">
<kml:value>Steel Structure</kml:value>
</kml:Data>
<kml:Data name="eqp_type">
<kml:value>Primary Pole</kml:value>
</kml:Data>
<kml:Data name="eqp_number">
<kml:value/>
</kml:Data>
<kml:Data name="eqp_unit"/>
<kml:Data name="eqp_size">
<kml:value/>
</kml:Data>
<kml:Data name="eqp_phase">
<kml:value/>
</kml:Data>
<kml:Data name="eqp_use"/>
<kml:Data name="eqp_status">
<kml:value/>
</kml:Data>
<kml:Data name="trafo_mke"/>
<kml:Data name="consmr_nam">
<kml:value/>
</kml:Data>
<kml:Data name="trafo_loc">
<kml:value/>
</kml:Data>
<kml:Data name="trafo_mnt"/>
<kml:Data name="angle"/>
<kml:Data name="tap_pole"/>
<kml:Data name="end_type">
<kml:value/>
</kml:Data>
<kml:Data name="rs_con"/>
<kml:Data name="rs_con1">
<kml:value>0.0</kml:value>
</kml:Data>
<kml:Data name="rs_con3">
<kml:value>0.0</kml:value>
</kml:Data>
<kml:Data name="sc_con">
<kml:value>0.0</kml:value>
</kml:Data>
<kml:Data name="lc_con">
<kml:value>0.0</kml:value>
</kml:Data>
<kml:Data name="si_con">
<kml:value>0.0</kml:value>
</kml:Data>
<kml:Data name="li_con">
<kml:value>0.0</kml:value>
</kml:Data>
<kml:Data name="pb_con">
<kml:value>0.0</kml:value>
</kml:Data>
<kml:Data name="ag_con">
<kml:value>0.0</kml:value>
</kml:Data>
<kml:Data name="st_con">
<kml:value>0.0</kml:value>
</kml:Data>
<kml:Data name="remarks">
<kml:value/>
</kml:Data>
<kml:Data name="wo_id">
<kml:value>386</kml:value>
</kml:Data>
<kml:Data name="sequence">
<kml:value>27</kml:value>
</kml:Data>
</kml:ExtendedData>
<kml:Point>
<kml:coordinates>67.86160595330436,29.52314488684451</kml:coordinates>
</kml:Point>
</kml:Placemark>
<kml:Placemark id="equipment_materialized.419577">
<kml:ExtendedData>
<kml:Data name="section_id">
<kml:value>02001314110120068</kml:value>
</kml:Data>
<kml:Data name="feedercode">
<kml:value>020013</kml:value>
</kml:Data>
<kml:Data name="substation">
<kml:value>220 KV-SIBI</kml:value>
</kml:Data>
<kml:Data name="gps_no">
<kml:value>14110120031</kml:value>
</kml:Data>
<kml:Data name="s_e">
<kml:value/>
</kml:Data>
<kml:Data name="pole_phase">
<kml:value>R-Y-B</kml:value>
</kml:Data>
<kml:Data name="pole_use"/>
<kml:Data name="fdr_on_pol">
<kml:value>1.0</kml:value>
</kml:Data>
<kml:Data name="pol_hght">
<kml:value>40</kml:value>
</kml:Data>
<kml:Data name="pole_type">
<kml:value>Steel Structure</kml:value>
</kml:Data>
<kml:Data name="eqp_type">
<kml:value>Primary Pole</kml:value>
</kml:Data>
<kml:Data name="eqp_number">
<kml:value/>
</kml:Data>
<kml:Data name="eqp_unit"/>
<kml:Data name="eqp_size">
<kml:value/>
</kml:Data>
<kml:Data name="eqp_phase">
<kml:value/>
</kml:Data>
<kml:Data name="eqp_use"/>
<kml:Data name="eqp_status">
<kml:value/>
</kml:Data>
<kml:Data name="trafo_mke"/>
<kml:Data name="consmr_nam">
<kml:value/>
</kml:Data>
<kml:Data name="trafo_loc">
<kml:value/>
</kml:Data>
<kml:Data name="trafo_mnt"/>
<kml:Data name="angle"/>
<kml:Data name="tap_pole"/>
<kml:Data name="end_type">
<kml:value/>
</kml:Data>
<kml:Data name="rs_con"/>
<kml:Data name="rs_con1">
<kml:value>0.0</kml:value>
</kml:Data>
<kml:Data name="rs_con3">
<kml:value>0.0</kml:value>
</kml:Data>
<kml:Data name="sc_con">
<kml:value>0.0</kml:value>
</kml:Data>
<kml:Data name="lc_con">
<kml:value>0.0</kml:value>
</kml:Data>
<kml:Data name="si_con">
<kml:value>0.0</kml:value>
</kml:Data>
<kml:Data name="li_con">
<kml:value>0.0</kml:value>
</kml:Data>
<kml:Data name="pb_con">
<kml:value>0.0</kml:value>
</kml:Data>
<kml:Data name="ag_con">
<kml:value>0.0</kml:value>
</kml:Data>
<kml:Data name="st_con">
<kml:value>0.0</kml:value>
</kml:Data>
<kml:Data name="remarks">
<kml:value/>
</kml:Data>
<kml:Data name="wo_id">
<kml:value>386</kml:value>
</kml:Data>
<kml:Data name="sequence">
<kml:value>28</kml:value>
</kml:Data>
</kml:ExtendedData>
<kml:Point>
<kml:coordinates>67.86171998980865,29.52342886669153</kml:coordinates>
</kml:Point>
</kml:Placemark>
<kml:Placemark id="equipment_materialized.419578">
<kml:ExtendedData>
<kml:Data name="section_id">
<kml:value>02001314110120068</kml:value>
</kml:Data>
<kml:Data name="feedercode">
<kml:value>020013</kml:value>
</kml:Data>
<kml:Data name="substation">
<kml:value>220 KV-SIBI</kml:value>
</kml:Data>
<kml:Data name="gps_no">
<kml:value>14110120032</kml:value>
</kml:Data>
<kml:Data name="s_e">
<kml:value/>
</kml:Data>
<kml:Data name="pole_phase">
<kml:value>R-Y-B</kml:value>
</kml:Data>
<kml:Data name="pole_use"/>
<kml:Data name="fdr_on_pol">
<kml:value>1.0</kml:value>
</kml:Data>
<kml:Data name="pol_hght">
<kml:value>40</kml:value>
</kml:Data>
<kml:Data name="pole_type">
<kml:value>Steel Structure</kml:value>
</kml:Data>
<kml:Data name="eqp_type">
<kml:value>Primary Pole</kml:value>
</kml:Data>
<kml:Data name="eqp_number">
<kml:value/>
</kml:Data>
<kml:Data name="eqp_unit"/>
<kml:Data name="eqp_size">
<kml:value/>
</kml:Data>
<kml:Data name="eqp_phase">
<kml:value/>
</kml:Data>
<kml:Data name="eqp_use"/>
<kml:Data name="eqp_status">
<kml:value/>
</kml:Data>
<kml:Data name="trafo_mke"/>
<kml:Data name="consmr_nam">
<kml:value/>
</kml:Data>
<kml:Data name="trafo_loc">
<kml:value/>
</kml:Data>
<kml:Data name="trafo_mnt"/>
<kml:Data name="angle"/>
<kml:Data name="tap_pole"/>
<kml:Data name="end_type">
<kml:value/>
</kml:Data>
<kml:Data name="rs_con"/>
<kml:Data name="rs_con1">
<kml:value>0.0</kml:value>
</kml:Data>
<kml:Data name="rs_con3">
<kml:value>0.0</kml:value>
</kml:Data>
<kml:Data name="sc_con">
<kml:value>0.0</kml:value>
</kml:Data>
<kml:Data name="lc_con">
<kml:value>0.0</kml:value>
</kml:Data>
<kml:Data name="si_con">
<kml:value>0.0</kml:value>
</kml:Data>
<kml:Data name="li_con">
<kml:value>0.0</kml:value>
</kml:Data>
<kml:Data name="pb_con">
<kml:value>0.0</kml:value>
</kml:Data>
<kml:Data name="ag_con">
<kml:value>0.0</kml:value>
</kml:Data>
<kml:Data name="st_con">
<kml:value>0.0</kml:value>
</kml:Data>
<kml:Data name="remarks">
<kml:value/>
</kml:Data>
<kml:Data name="wo_id">
<kml:value>386</kml:value>
</kml:Data>
<kml:Data name="sequence">
<kml:value>29</kml:value>
</kml:Data>
</kml:ExtendedData>
<kml:Point>
<kml:coordinates>67.86196498897525,29.523922881189193</kml:coordinates>
</kml:Point>
</kml:Placemark>
<kml:Placemark id="equipment_materialized.419579">
<kml:ExtendedData>
<kml:Data name="section_id">
<kml:value>02001314110120068</kml:value>
</kml:Data>
<kml:Data name="feedercode">
<kml:value>020013</kml:value>
</kml:Data>
<kml:Data name="substation">
<kml:value>220 KV-SIBI</kml:value>
</kml:Data>
<kml:Data name="gps_no">
<kml:value>14110120033</kml:value>
</kml:Data>
<kml:Data name="s_e">
<kml:value/>
</kml:Data>
<kml:Data name="pole_phase">
<kml:value>R-Y-B</kml:value>
</kml:Data>
<kml:Data name="pole_use"/>
<kml:Data name="fdr_on_pol">
<kml:value>1.0</kml:value>
</kml:Data>
<kml:Data name="pol_hght">
<kml:value>40</kml:value>
</kml:Data>
<kml:Data name="pole_type">
<kml:value>Steel Structure</kml:value>
</kml:Data>
<kml:Data name="eqp_type">
<kml:value>Primary Pole</kml:value>
</kml:Data>
<kml:Data name="eqp_number">
<kml:value/>
</kml:Data>
<kml:Data name="eqp_unit"/>
<kml:Data name="eqp_size">
<kml:value/>
</kml:Data>
<kml:Data name="eqp_phase">
<kml:value/>
</kml:Data>
<kml:Data name="eqp_use"/>
<kml:Data name="eqp_status">
<kml:value/>
</kml:Data>
<kml:Data name="trafo_mke"/>
<kml:Data name="consmr_nam">
<kml:value/>
</kml:Data>
<kml:Data name="trafo_loc">
<kml:value/>
</kml:Data>
<kml:Data name="trafo_mnt"/>
<kml:Data name="angle"/>
<kml:Data name="tap_pole"/>
<kml:Data name="end_type">
<kml:value/>
</kml:Data>
<kml:Data name="rs_con"/>
<kml:Data name="rs_con1">
<kml:value>0.0</kml:value>
</kml:Data>
<kml:Data name="rs_con3">
<kml:value>0.0</kml:value>
</kml:Data>
<kml:Data name="sc_con">
<kml:value>0.0</kml:value>
</kml:Data>
<kml:Data name="lc_con">
<kml:value>0.0</kml:value>
</kml:Data>
<kml:Data name="si_con">
<kml:value>0.0</kml:value>
</kml:Data>
<kml:Data name="li_con">
<kml:value>0.0</kml:value>
</kml:Data>
<kml:Data name="pb_con">
<kml:value>0.0</kml:value>
</kml:Data>
<kml:Data name="ag_con">
<kml:value>0.0</kml:value>
</kml:Data>
<kml:Data name="st_con">
<kml:value>0.0</kml:value>
</kml:Data>
<kml:Data name="remarks">
<kml:value/>
</kml:Data>
<kml:Data name="wo_id">
<kml:value>386</kml:value>
</kml:Data>
<kml:Data name="sequence">
<kml:value>30</kml:value>
</kml:Data>
</kml:ExtendedData>
<kml:Point>
<kml:coordinates>67.86207403913468,29.524412843684097</kml:coordinates>
</kml:Point>
</kml:Placemark>
<kml:Placemark id="equipment_materialized.419580">
<kml:ExtendedData>
<kml:Data name="section_id">
<kml:value>02001314110120068</kml:value>
</kml:Data>
<kml:Data name="feedercode">
<kml:value>020013</kml:value>
</kml:Data>
<kml:Data name="substation">
<kml:value>220 KV-SIBI</kml:value>
</kml:Data>
<kml:Data name="gps_no">
<kml:value>14110120034</kml:value>
</kml:Data>
<kml:Data name="s_e">
<kml:value/>
</kml:Data>
<kml:Data name="pole_phase">
<kml:value>R-Y-B</kml:value>
</kml:Data>
<kml:Data name="pole_use"/>
<kml:Data name="fdr_on_pol">
<kml:value>1.0</kml:value>
</kml:Data>
<kml:Data name="pol_hght">
<kml:value>40</kml:value>
</kml:Data>
<kml:Data name="pole_type">
<kml:value>Steel Structure</kml:value>
</kml:Data>
<kml:Data name="eqp_type">
<kml:value>Primary Pole</kml:value>
</kml:Data>
<kml:Data name="eqp_number">
<kml:value/>
</kml:Data>
<kml:Data name="eqp_unit"/>
<kml:Data name="eqp_size">
<kml:value/>
</kml:Data>
<kml:Data name="eqp_phase">
<kml:value/>
</kml:Data>
<kml:Data name="eqp_use"/>
<kml:Data name="eqp_status">
<kml:value/>
</kml:Data>
<kml:Data name="trafo_mke"/>
<kml:Data name="consmr_nam">
<kml:value/>
</kml:Data>
<kml:Data name="trafo_loc">
<kml:value/>
</kml:Data>
<kml:Data name="trafo_mnt"/>
<kml:Data name="angle"/>
<kml:Data name="tap_pole"/>
<kml:Data name="end_type">
<kml:value/>
</kml:Data>
<kml:Data name="rs_con"/>
<kml:Data name="rs_con1">
<kml:value>0.0</kml:value>
</kml:Data>
<kml:Data name="rs_con3">
<kml:value>0.0</kml:value>
</kml:Data>
<kml:Data name="sc_con">
<kml:value>0.0</kml:value>
</kml:Data>
<kml:Data name="lc_con">
<kml:value>0.0</kml:value>
</kml:Data>
<kml:Data name="si_con">
<kml:value>0.0</kml:value>
</kml:Data>
<kml:Data name="li_con">
<kml:value>0.0</kml:value>
</kml:Data>
<kml:Data name="pb_con">
<kml:value>0.0</kml:value>
</kml:Data>
<kml:Data name="ag_con">
<kml:value>0.0</kml:value>
</kml:Data>
<kml:Data name="st_con">
<kml:value>0.0</kml:value>
</kml:Data>
<kml:Data name="remarks">
<kml:value/>
</kml:Data>
<kml:Data name="wo_id">
<kml:value>386</kml:value>
</kml:Data>
<kml:Data name="sequence">
<kml:value>31</kml:value>
</kml:Data>
</kml:ExtendedData>
<kml:Point>
<kml:coordinates>67.8622470503422,29.524894870695835</kml:coordinates>
</kml:Point>
</kml:Placemark>
<kml:Placemark id="equipment_materialized.419581">
<kml:ExtendedData>
<kml:Data name="section_id">
<kml:value>02001314110120068</kml:value>
</kml:Data>
<kml:Data name="feedercode">
<kml:value>020013</kml:value>
</kml:Data>
<kml:Data name="substation">
<kml:value>220 KV-SIBI</kml:value>
</kml:Data>
<kml:Data name="gps_no">
<kml:value>14110120035</kml:value>
</kml:Data>
<kml:Data name="s_e">
<kml:value/>
</kml:Data>
<kml:Data name="pole_phase">
<kml:value>R-Y-B</kml:value>
</kml:Data>
<kml:Data name="pole_use"/>
<kml:Data name="fdr_on_pol">
<kml:value>1.0</kml:value>
</kml:Data>
<kml:Data name="pol_hght">
<kml:value>40</kml:value>
</kml:Data>
<kml:Data name="pole_type">
<kml:value>Steel Structure</kml:value>
</kml:Data>
<kml:Data name="eqp_type">
<kml:value>Primary Pole</kml:value>
</kml:Data>
<kml:Data name="eqp_number">
<kml:value/>
</kml:Data>
<kml:Data name="eqp_unit"/>
<kml:Data name="eqp_size">
<kml:value/>
</kml:Data>
<kml:Data name="eqp_phase">
<kml:value/>
</kml:Data>
<kml:Data name="eqp_use"/>
<kml:Data name="eqp_status">
<kml:value/>
</kml:Data>
<kml:Data name="trafo_mke"/>
<kml:Data name="consmr_nam">
<kml:value/>
</kml:Data>
<kml:Data name="trafo_loc">
<kml:value/>
</kml:Data>
<kml:Data name="trafo_mnt"/>
<kml:Data name="angle"/>
<kml:Data name="tap_pole"/>
<kml:Data name="end_type">
<kml:value/>
</kml:Data>
<kml:Data name="rs_con"/>
<kml:Data name="rs_con1">
<kml:value>0.0</kml:value>
</kml:Data>
<kml:Data name="rs_con3">
<kml:value>0.0</kml:value>
</kml:Data>
<kml:Data name="sc_con">
<kml:value>0.0</kml:value>
</kml:Data>
<kml:Data name="lc_con">
<kml:value>0.0</kml:value>
</kml:Data>
<kml:Data name="si_con">
<kml:value>0.0</kml:value>
</kml:Data>
<kml:Data name="li_con">
<kml:value>0.0</kml:value>
</kml:Data>
<kml:Data name="pb_con">
<kml:value>0.0</kml:value>
</kml:Data>
<kml:Data name="ag_con">
<kml:value>0.0</kml:value>
</kml:Data>
<kml:Data name="st_con">
<kml:value>0.0</kml:value>
</kml:Data>
<kml:Data name="remarks">
<kml:value/>
</kml:Data>
<kml:Data name="wo_id">
<kml:value>386</kml:value>
</kml:Data>
<kml:Data name="sequence">
<kml:value>32</kml:value>
</kml:Data>
</kml:ExtendedData>
<kml:Point>
<kml:coordinates>67.86245899112139,29.525309909091362</kml:coordinates>
</kml:Point>
</kml:Placemark>
<kml:Placemark id="equipment_materialized.419582">
<kml:ExtendedData>
<kml:Data name="section_id">
<kml:value>02001314110120068</kml:value>
</kml:Data>
<kml:Data name="feedercode">
<kml:value>020013</kml:value>
</kml:Data>
<kml:Data name="substation">
<kml:value>220 KV-SIBI</kml:value>
</kml:Data>
<kml:Data name="gps_no">
<kml:value>14110120036</kml:value>
</kml:Data>
<kml:Data name="s_e">
<kml:value/>
</kml:Data>
<kml:Data name="pole_phase">
<kml:value>R-Y-B</kml:value>
</kml:Data>
<kml:Data name="pole_use"/>
<kml:Data name="fdr_on_pol">
<kml:value>1.0</kml:value>
</kml:Data>
<kml:Data name="pol_hght">
<kml:value>40</kml:value>
</kml:Data>
<kml:Data name="pole_type">
<kml:value>Steel Structure</kml:value>
</kml:Data>
<kml:Data name="eqp_type">
<kml:value>Primary Pole</kml:value>
</kml:Data>
<kml:Data name="eqp_number">
<kml:value/>
</kml:Data>
<kml:Data name="eqp_unit"/>
<kml:Data name="eqp_size">
<kml:value/>
</kml:Data>
<kml:Data name="eqp_phase">
<kml:value/>
</kml:Data>
<kml:Data name="eqp_use"/>
<kml:Data name="eqp_status">
<kml:value/>
</kml:Data>
<kml:Data name="trafo_mke"/>
<kml:Data name="consmr_nam">
<kml:value/>
</kml:Data>
<kml:Data name="trafo_loc">
<kml:value/>
</kml:Data>
<kml:Data name="trafo_mnt"/>
<kml:Data name="angle"/>
<kml:Data name="tap_pole"/>
<kml:Data name="end_type">
<kml:value/>
</kml:Data>
<kml:Data name="rs_con"/>
<kml:Data name="rs_con1">
<kml:value>0.0</kml:value>
</kml:Data>
<kml:Data name="rs_con3">
<kml:value>0.0</kml:value>
</kml:Data>
<kml:Data name="sc_con">
<kml:value>0.0</kml:value>
</kml:Data>
<kml:Data name="lc_con">
<kml:value>0.0</kml:value>
</kml:Data>
<kml:Data name="si_con">
<kml:value>0.0</kml:value>
</kml:Data>
<kml:Data name="li_con">
<kml:value>0.0</kml:value>
</kml:Data>
<kml:Data name="pb_con">
<kml:value>0.0</kml:value>
</kml:Data>
<kml:Data name="ag_con">
<kml:value>0.0</kml:value>
</kml:Data>
<kml:Data name="st_con">
<kml:value>0.0</kml:value>
</kml:Data>
<kml:Data name="remarks">
<kml:value/>
</kml:Data>
<kml:Data name="wo_id">
<kml:value>386</kml:value>
</kml:Data>
<kml:Data name="sequence">
<kml:value>33</kml:value>
</kml:Data>
</kml:ExtendedData>
<kml:Point>
<kml:coordinates>67.86275203348117,29.52525484138438</kml:coordinates>
</kml:Point>
</kml:Placemark>
<kml:Placemark id="equipment_materialized.419583">
<kml:ExtendedData>
<kml:Data name="section_id">
<kml:value>02001314110120068</kml:value>
</kml:Data>
<kml:Data name="feedercode">
<kml:value>020013</kml:value>
</kml:Data>
<kml:Data name="substation">
<kml:value>220 KV-SIBI</kml:value>
</kml:Data>
<kml:Data name="gps_no">
<kml:value>14110120037</kml:value>
</kml:Data>
<kml:Data name="s_e">
<kml:value/>
</kml:Data>
<kml:Data name="pole_phase">
<kml:value>R-Y-B</kml:value>
</kml:Data>
<kml:Data name="pole_use"/>
<kml:Data name="fdr_on_pol">
<kml:value>1.0</kml:value>
</kml:Data>
<kml:Data name="pol_hght">
<kml:value>40</kml:value>
</kml:Data>
<kml:Data name="pole_type">
<kml:value>Steel Structure</kml:value>
</kml:Data>
<kml:Data name="eqp_type">
<kml:value>Primary Pole</kml:value>
</kml:Data>
<kml:Data name="eqp_number">
<kml:value/>
</kml:Data>
<kml:Data name="eqp_unit"/>
<kml:Data name="eqp_size">
<kml:value/>
</kml:Data>
<kml:Data name="eqp_phase">
<kml:value/>
</kml:Data>
<kml:Data name="eqp_use"/>
<kml:Data name="eqp_status">
<kml:value/>
</kml:Data>
<kml:Data name="trafo_mke"/>
<kml:Data name="consmr_nam">
<kml:value/>
</kml:Data>
<kml:Data name="trafo_loc">
<kml:value/>
</kml:Data>
<kml:Data name="trafo_mnt"/>
<kml:Data name="angle"/>
<kml:Data name="tap_pole"/>
<kml:Data name="end_type">
<kml:value/>
</kml:Data>
<kml:Data name="rs_con"/>
<kml:Data name="rs_con1">
<kml:value>0.0</kml:value>
</kml:Data>
<kml:Data name="rs_con3">
<kml:value>0.0</kml:value>
</kml:Data>
<kml:Data name="sc_con">
<kml:value>0.0</kml:value>
</kml:Data>
<kml:Data name="lc_con">
<kml:value>0.0</kml:value>
</kml:Data>
<kml:Data name="si_con">
<kml:value>0.0</kml:value>
</kml:Data>
<kml:Data name="li_con">
<kml:value>0.0</kml:value>
</kml:Data>
<kml:Data name="pb_con">
<kml:value>0.0</kml:value>
</kml:Data>
<kml:Data name="ag_con">
<kml:value>0.0</kml:value>
</kml:Data>
<kml:Data name="st_con">
<kml:value>0.0</kml:value>
</kml:Data>
<kml:Data name="remarks">
<kml:value/>
</kml:Data>
<kml:Data name="wo_id">
<kml:value>386</kml:value>
</kml:Data>
<kml:Data name="sequence">
<kml:value>34</kml:value>
</kml:Data>
</kml:ExtendedData>
<kml:Point>
<kml:coordinates>67.86332902607971,29.525154914007857</kml:coordinates>
</kml:Point>
</kml:Placemark>
<kml:Placemark id="equipment_materialized.419584">
<kml:ExtendedData>
<kml:Data name="section_id">
<kml:value>02001314110120068</kml:value>
</kml:Data>
<kml:Data name="feedercode">
<kml:value>020013</kml:value>
</kml:Data>
<kml:Data name="substation">
<kml:value>220 KV-SIBI</kml:value>
</kml:Data>
<kml:Data name="gps_no">
<kml:value>14110120038</kml:value>
</kml:Data>
<kml:Data name="s_e">
<kml:value/>
</kml:Data>
<kml:Data name="pole_phase">
<kml:value>R-Y-B</kml:value>
</kml:Data>
<kml:Data name="pole_use"/>
<kml:Data name="fdr_on_pol">
<kml:value>1.0</kml:value>
</kml:Data>
<kml:Data name="pol_hght">
<kml:value>40</kml:value>
</kml:Data>
<kml:Data name="pole_type">
<kml:value>Steel Structure</kml:value>
</kml:Data>
<kml:Data name="eqp_type">
<kml:value>Primary Pole</kml:value>
</kml:Data>
<kml:Data name="eqp_number">
<kml:value/>
</kml:Data>
<kml:Data name="eqp_unit"/>
<kml:Data name="eqp_size">
<kml:value/>
</kml:Data>
<kml:Data name="eqp_phase">
<kml:value/>
</kml:Data>
<kml:Data name="eqp_use"/>
<kml:Data name="eqp_status">
<kml:value/>
</kml:Data>
<kml:Data name="trafo_mke"/>
<kml:Data name="consmr_nam">
<kml:value/>
</kml:Data>
<kml:Data name="trafo_loc">
<kml:value/>
</kml:Data>
<kml:Data name="trafo_mnt"/>
<kml:Data name="angle"/>
<kml:Data name="tap_pole"/>
<kml:Data name="end_type">
<kml:value/>
</kml:Data>
<kml:Data name="rs_con"/>
<kml:Data name="rs_con1">
<kml:value>0.0</kml:value>
</kml:Data>
<kml:Data name="rs_con3">
<kml:value>0.0</kml:value>
</kml:Data>
<kml:Data name="sc_con">
<kml:value>0.0</kml:value>
</kml:Data>
<kml:Data name="lc_con">
<kml:value>0.0</kml:value>
</kml:Data>
<kml:Data name="si_con">
<kml:value>0.0</kml:value>
</kml:Data>
<kml:Data name="li_con">
<kml:value>0.0</kml:value>
</kml:Data>
<kml:Data name="pb_con">
<kml:value>0.0</kml:value>
</kml:Data>
<kml:Data name="ag_con">
<kml:value>0.0</kml:value>
</kml:Data>
<kml:Data name="st_con">
<kml:value>0.0</kml:value>
</kml:Data>
<kml:Data name="remarks">
<kml:value/>
</kml:Data>
<kml:Data name="wo_id">
<kml:value>386</kml:value>
</kml:Data>
<kml:Data name="sequence">
<kml:value>35</kml:value>
</kml:Data>
</kml:ExtendedData>
<kml:Point>
<kml:coordinates>67.86377901085109,29.525099922616594</kml:coordinates>
</kml:Point>
</kml:Placemark>
<kml:Placemark id="equipment_materialized.419585">
<kml:ExtendedData>
<kml:Data name="section_id">
<kml:value>02001314110120068</kml:value>
</kml:Data>
<kml:Data name="feedercode">
<kml:value>020013</kml:value>
</kml:Data>
<kml:Data name="substation">
<kml:value>220 KV-SIBI</kml:value>
</kml:Data>
<kml:Data name="gps_no">
<kml:value>14110120039</kml:value>
</kml:Data>
<kml:Data name="s_e">
<kml:value/>
</kml:Data>
<kml:Data name="pole_phase">
<kml:value>R-Y-B</kml:value>
</kml:Data>
<kml:Data name="pole_use"/>
<kml:Data name="fdr_on_pol">
<kml:value>1.0</kml:value>
</kml:Data>
<kml:Data name="pol_hght">
<kml:value>40</kml:value>
</kml:Data>
<kml:Data name="pole_type">
<kml:value>Steel Structure</kml:value>
</kml:Data>
<kml:Data name="eqp_type">
<kml:value>Primary Pole</kml:value>
</kml:Data>
<kml:Data name="eqp_number">
<kml:value/>
</kml:Data>
<kml:Data name="eqp_unit"/>
<kml:Data name="eqp_size">
<kml:value/>
</kml:Data>
<kml:Data name="eqp_phase">
<kml:value/>
</kml:Data>
<kml:Data name="eqp_use"/>
<kml:Data name="eqp_status">
<kml:value/>
</kml:Data>
<kml:Data name="trafo_mke"/>
<kml:Data name="consmr_nam">
<kml:value/>
</kml:Data>
<kml:Data name="trafo_loc">
<kml:value/>
</kml:Data>
<kml:Data name="trafo_mnt"/>
<kml:Data name="angle"/>
<kml:Data name="tap_pole"/>
<kml:Data name="end_type">
<kml:value/>
</kml:Data>
<kml:Data name="rs_con"/>
<kml:Data name="rs_con1">
<kml:value>0.0</kml:value>
</kml:Data>
<kml:Data name="rs_con3">
<kml:value>0.0</kml:value>
</kml:Data>
<kml:Data name="sc_con">
<kml:value>0.0</kml:value>
</kml:Data>
<kml:Data name="lc_con">
<kml:value>0.0</kml:value>
</kml:Data>
<kml:Data name="si_con">
<kml:value>0.0</kml:value>
</kml:Data>
<kml:Data name="li_con">
<kml:value>0.0</kml:value>
</kml:Data>
<kml:Data name="pb_con">
<kml:value>0.0</kml:value>
</kml:Data>
<kml:Data name="ag_con">
<kml:value>0.0</kml:value>
</kml:Data>
<kml:Data name="st_con">
<kml:value>0.0</kml:value>
</kml:Data>
<kml:Data name="remarks">
<kml:value/>
</kml:Data>
<kml:Data name="wo_id">
<kml:value>386</kml:value>
</kml:Data>
<kml:Data name="sequence">
<kml:value>36</kml:value>
</kml:Data>
</kml:ExtendedData>
<kml:Point>
<kml:coordinates>67.86428499614804,29.525102893241687</kml:coordinates>
</kml:Point>
</kml:Placemark>
<kml:Placemark id="equipment_materialized.419586">
<kml:ExtendedData>
<kml:Data name="section_id">
<kml:value>02001314110120068</kml:value>
</kml:Data>
<kml:Data name="feedercode">
<kml:value>020013</kml:value>
</kml:Data>
<kml:Data name="substation">
<kml:value>220 KV-SIBI</kml:value>
</kml:Data>
<kml:Data name="gps_no">
<kml:value>14110120040</kml:value>
</kml:Data>
<kml:Data name="s_e">
<kml:value/>
</kml:Data>
<kml:Data name="pole_phase">
<kml:value>R-Y-B</kml:value>
</kml:Data>
<kml:Data name="pole_use"/>
<kml:Data name="fdr_on_pol">
<kml:value>1.0</kml:value>
</kml:Data>
<kml:Data name="pol_hght">
<kml:value>40</kml:value>
</kml:Data>
<kml:Data name="pole_type">
<kml:value>Steel Structure</kml:value>
</kml:Data>
<kml:Data name="eqp_type">
<kml:value>Primary Pole</kml:value>
</kml:Data>
<kml:Data name="eqp_number">
<kml:value/>
</kml:Data>
<kml:Data name="eqp_unit"/>
<kml:Data name="eqp_size">
<kml:value/>
</kml:Data>
<kml:Data name="eqp_phase">
<kml:value/>
</kml:Data>
<kml:Data name="eqp_use"/>
<kml:Data name="eqp_status">
<kml:value/>
</kml:Data>
<kml:Data name="trafo_mke"/>
<kml:Data name="consmr_nam">
<kml:value/>
</kml:Data>
<kml:Data name="trafo_loc">
<kml:value/>
</kml:Data>
<kml:Data name="trafo_mnt"/>
<kml:Data name="angle"/>
<kml:Data name="tap_pole"/>
<kml:Data name="end_type">
<kml:value/>
</kml:Data>
<kml:Data name="rs_con"/>
<kml:Data name="rs_con1">
<kml:value>0.0</kml:value>
</kml:Data>
<kml:Data name="rs_con3">
<kml:value>0.0</kml:value>
</kml:Data>
<kml:Data name="sc_con">
<kml:value>0.0</kml:value>
</kml:Data>
<kml:Data name="lc_con">
<kml:value>0.0</kml:value>
</kml:Data>
<kml:Data name="si_con">
<kml:value>0.0</kml:value>
</kml:Data>
<kml:Data name="li_con">
<kml:value>0.0</kml:value>
</kml:Data>
<kml:Data name="pb_con">
<kml:value>0.0</kml:value>
</kml:Data>
<kml:Data name="ag_con">
<kml:value>0.0</kml:value>
</kml:Data>
<kml:Data name="st_con">
<kml:value>0.0</kml:value>
</kml:Data>
<kml:Data name="remarks">
<kml:value/>
</kml:Data>
<kml:Data name="wo_id">
<kml:value>386</kml:value>
</kml:Data>
<kml:Data name="sequence">
<kml:value>37</kml:value>
</kml:Data>
</kml:ExtendedData>
<kml:Point>
<kml:coordinates>67.86491699528104,29.525075894370797</kml:coordinates>
</kml:Point>
</kml:Placemark>
<kml:Placemark id="equipment_materialized.419587">
<kml:ExtendedData>
<kml:Data name="section_id">
<kml:value>02001314110120068</kml:value>
</kml:Data>
<kml:Data name="feedercode">
<kml:value>020013</kml:value>
</kml:Data>
<kml:Data name="substation">
<kml:value>220 KV-SIBI</kml:value>
</kml:Data>
<kml:Data name="gps_no">
<kml:value>14110120041</kml:value>
</kml:Data>
<kml:Data name="s_e">
<kml:value/>
</kml:Data>
<kml:Data name="pole_phase">
<kml:value>R-Y-B</kml:value>
</kml:Data>
<kml:Data name="pole_use"/>
<kml:Data name="fdr_on_pol">
<kml:value>1.0</kml:value>
</kml:Data>
<kml:Data name="pol_hght">
<kml:value>40</kml:value>
</kml:Data>
<kml:Data name="pole_type">
<kml:value>Steel Structure</kml:value>
</kml:Data>
<kml:Data name="eqp_type">
<kml:value>Primary Pole</kml:value>
</kml:Data>
<kml:Data name="eqp_number">
<kml:value/>
</kml:Data>
<kml:Data name="eqp_unit"/>
<kml:Data name="eqp_size">
<kml:value/>
</kml:Data>
<kml:Data name="eqp_phase">
<kml:value/>
</kml:Data>
<kml:Data name="eqp_use"/>
<kml:Data name="eqp_status">
<kml:value/>
</kml:Data>
<kml:Data name="trafo_mke"/>
<kml:Data name="consmr_nam">
<kml:value/>
</kml:Data>
<kml:Data name="trafo_loc">
<kml:value/>
</kml:Data>
<kml:Data name="trafo_mnt"/>
<kml:Data name="angle"/>
<kml:Data name="tap_pole"/>
<kml:Data name="end_type">
<kml:value/>
</kml:Data>
<kml:Data name="rs_con"/>
<kml:Data name="rs_con1">
<kml:value>0.0</kml:value>
</kml:Data>
<kml:Data name="rs_con3">
<kml:value>0.0</kml:value>
</kml:Data>
<kml:Data name="sc_con">
<kml:value>0.0</kml:value>
</kml:Data>
<kml:Data name="lc_con">
<kml:value>0.0</kml:value>
</kml:Data>
<kml:Data name="si_con">
<kml:value>0.0</kml:value>
</kml:Data>
<kml:Data name="li_con">
<kml:value>0.0</kml:value>
</kml:Data>
<kml:Data name="pb_con">
<kml:value>0.0</kml:value>
</kml:Data>
<kml:Data name="ag_con">
<kml:value>0.0</kml:value>
</kml:Data>
<kml:Data name="st_con">
<kml:value>0.0</kml:value>
</kml:Data>
<kml:Data name="remarks">
<kml:value/>
</kml:Data>
<kml:Data name="wo_id">
<kml:value>386</kml:value>
</kml:Data>
<kml:Data name="sequence">
<kml:value>38</kml:value>
</kml:Data>
</kml:ExtendedData>
<kml:Point>
<kml:coordinates>67.86539996430594,29.525134885850555</kml:coordinates>
</kml:Point>
</kml:Placemark>
<kml:Placemark id="equipment_materialized.419588">
<kml:ExtendedData>
<kml:Data name="section_id">
<kml:value>02001314110120068</kml:value>
</kml:Data>
<kml:Data name="feedercode">
<kml:value>020013</kml:value>
</kml:Data>
<kml:Data name="substation">
<kml:value>220 KV-SIBI</kml:value>
</kml:Data>
<kml:Data name="gps_no">
<kml:value>14110120042</kml:value>
</kml:Data>
<kml:Data name="s_e">
<kml:value/>
</kml:Data>
<kml:Data name="pole_phase">
<kml:value>R-Y-B</kml:value>
</kml:Data>
<kml:Data name="pole_use"/>
<kml:Data name="fdr_on_pol">
<kml:value>1.0</kml:value>
</kml:Data>
<kml:Data name="pol_hght">
<kml:value>40</kml:value>
</kml:Data>
<kml:Data name="pole_type">
<kml:value>Steel Structure</kml:value>
</kml:Data>
<kml:Data name="eqp_type">
<kml:value>Primary Pole</kml:value>
</kml:Data>
<kml:Data name="eqp_number">
<kml:value/>
</kml:Data>
<kml:Data name="eqp_unit"/>
<kml:Data name="eqp_size">
<kml:value/>
</kml:Data>
<kml:Data name="eqp_phase">
<kml:value/>
</kml:Data>
<kml:Data name="eqp_use"/>
<kml:Data name="eqp_status">
<kml:value/>
</kml:Data>
<kml:Data name="trafo_mke"/>
<kml:Data name="consmr_nam">
<kml:value/>
</kml:Data>
<kml:Data name="trafo_loc">
<kml:value/>
</kml:Data>
<kml:Data name="trafo_mnt"/>
<kml:Data name="angle"/>
<kml:Data name="tap_pole"/>
<kml:Data name="end_type">
<kml:value/>
</kml:Data>
<kml:Data name="rs_con"/>
<kml:Data name="rs_con1">
<kml:value>0.0</kml:value>
</kml:Data>
<kml:Data name="rs_con3">
<kml:value>0.0</kml:value>
</kml:Data>
<kml:Data name="sc_con">
<kml:value>0.0</kml:value>
</kml:Data>
<kml:Data name="lc_con">
<kml:value>0.0</kml:value>
</kml:Data>
<kml:Data name="si_con">
<kml:value>0.0</kml:value>
</kml:Data>
<kml:Data name="li_con">
<kml:value>0.0</kml:value>
</kml:Data>
<kml:Data name="pb_con">
<kml:value>0.0</kml:value>
</kml:Data>
<kml:Data name="ag_con">
<kml:value>0.0</kml:value>
</kml:Data>
<kml:Data name="st_con">
<kml:value>0.0</kml:value>
</kml:Data>
<kml:Data name="remarks">
<kml:value/>
</kml:Data>
<kml:Data name="wo_id">
<kml:value>386</kml:value>
</kml:Data>
<kml:Data name="sequence">
<kml:value>39</kml:value>
</kml:Data>
</kml:ExtendedData>
<kml:Point>
<kml:coordinates>67.86590401692692,29.52522789676202</kml:coordinates>
</kml:Point>
</kml:Placemark>
<kml:Placemark id="equipment_materialized.419589">
<kml:ExtendedData>
<kml:Data name="section_id">
<kml:value>02001314110120068</kml:value>
</kml:Data>
<kml:Data name="feedercode">
<kml:value>020013</kml:value>
</kml:Data>
<kml:Data name="substation">
<kml:value>220 KV-SIBI</kml:value>
</kml:Data>
<kml:Data name="gps_no">
<kml:value>14110120043</kml:value>
</kml:Data>
<kml:Data name="s_e">
<kml:value/>
</kml:Data>
<kml:Data name="pole_phase">
<kml:value>R-Y-B</kml:value>
</kml:Data>
<kml:Data name="pole_use"/>
<kml:Data name="fdr_on_pol">
<kml:value>1.0</kml:value>
</kml:Data>
<kml:Data name="pol_hght">
<kml:value>40</kml:value>
</kml:Data>
<kml:Data name="pole_type">
<kml:value>Steel Structure</kml:value>
</kml:Data>
<kml:Data name="eqp_type">
<kml:value>Primary Pole</kml:value>
</kml:Data>
<kml:Data name="eqp_number">
<kml:value/>
</kml:Data>
<kml:Data name="eqp_unit"/>
<kml:Data name="eqp_size">
<kml:value/>
</kml:Data>
<kml:Data name="eqp_phase">
<kml:value/>
</kml:Data>
<kml:Data name="eqp_use"/>
<kml:Data name="eqp_status">
<kml:value/>
</kml:Data>
<kml:Data name="trafo_mke"/>
<kml:Data name="consmr_nam">
<kml:value/>
</kml:Data>
<kml:Data name="trafo_loc">
<kml:value/>
</kml:Data>
<kml:Data name="trafo_mnt"/>
<kml:Data name="angle"/>
<kml:Data name="tap_pole"/>
<kml:Data name="end_type">
<kml:value/>
</kml:Data>
<kml:Data name="rs_con"/>
<kml:Data name="rs_con1">
<kml:value>0.0</kml:value>
</kml:Data>
<kml:Data name="rs_con3">
<kml:value>0.0</kml:value>
</kml:Data>
<kml:Data name="sc_con">
<kml:value>0.0</kml:value>
</kml:Data>
<kml:Data name="lc_con">
<kml:value>0.0</kml:value>
</kml:Data>
<kml:Data name="si_con">
<kml:value>0.0</kml:value>
</kml:Data>
<kml:Data name="li_con">
<kml:value>0.0</kml:value>
</kml:Data>
<kml:Data name="pb_con">
<kml:value>0.0</kml:value>
</kml:Data>
<kml:Data name="ag_con">
<kml:value>0.0</kml:value>
</kml:Data>
<kml:Data name="st_con">
<kml:value>0.0</kml:value>
</kml:Data>
<kml:Data name="remarks">
<kml:value/>
</kml:Data>
<kml:Data name="wo_id">
<kml:value>386</kml:value>
</kml:Data>
<kml:Data name="sequence">
<kml:value>40</kml:value>
</kml:Data>
</kml:ExtendedData>
<kml:Point>
<kml:coordinates>67.8665250049337,29.525327859064873</kml:coordinates>
</kml:Point>
</kml:Placemark>
<kml:Placemark id="equipment_materialized.419590">
<kml:ExtendedData>
<kml:Data name="section_id">
<kml:value>02001314110120068</kml:value>
</kml:Data>
<kml:Data name="feedercode">
<kml:value>020013</kml:value>
</kml:Data>
<kml:Data name="substation">
<kml:value>220 KV-SIBI</kml:value>
</kml:Data>
<kml:Data name="gps_no">
<kml:value>14110120044</kml:value>
</kml:Data>
<kml:Data name="s_e">
<kml:value/>
</kml:Data>
<kml:Data name="pole_phase">
<kml:value>R-Y-B</kml:value>
</kml:Data>
<kml:Data name="pole_use"/>
<kml:Data name="fdr_on_pol">
<kml:value>1.0</kml:value>
</kml:Data>
<kml:Data name="pol_hght">
<kml:value>40</kml:value>
</kml:Data>
<kml:Data name="pole_type">
<kml:value>Steel Structure</kml:value>
</kml:Data>
<kml:Data name="eqp_type">
<kml:value>Primary Pole</kml:value>
</kml:Data>
<kml:Data name="eqp_number">
<kml:value/>
</kml:Data>
<kml:Data name="eqp_unit"/>
<kml:Data name="eqp_size">
<kml:value/>
</kml:Data>
<kml:Data name="eqp_phase">
<kml:value/>
</kml:Data>
<kml:Data name="eqp_use"/>
<kml:Data name="eqp_status">
<kml:value/>
</kml:Data>
<kml:Data name="trafo_mke"/>
<kml:Data name="consmr_nam">
<kml:value/>
</kml:Data>
<kml:Data name="trafo_loc">
<kml:value/>
</kml:Data>
<kml:Data name="trafo_mnt"/>
<kml:Data name="angle"/>
<kml:Data name="tap_pole"/>
<kml:Data name="end_type">
<kml:value/>
</kml:Data>
<kml:Data name="rs_con"/>
<kml:Data name="rs_con1">
<kml:value>0.0</kml:value>
</kml:Data>
<kml:Data name="rs_con3">
<kml:value>0.0</kml:value>
</kml:Data>
<kml:Data name="sc_con">
<kml:value>0.0</kml:value>
</kml:Data>
<kml:Data name="lc_con">
<kml:value>0.0</kml:value>
</kml:Data>
<kml:Data name="si_con">
<kml:value>0.0</kml:value>
</kml:Data>
<kml:Data name="li_con">
<kml:value>0.0</kml:value>
</kml:Data>
<kml:Data name="pb_con">
<kml:value>0.0</kml:value>
</kml:Data>
<kml:Data name="ag_con">
<kml:value>0.0</kml:value>
</kml:Data>
<kml:Data name="st_con">
<kml:value>0.0</kml:value>
</kml:Data>
<kml:Data name="remarks">
<kml:value/>
</kml:Data>
<kml:Data name="wo_id">
<kml:value>386</kml:value>
</kml:Data>
<kml:Data name="sequence">
<kml:value>41</kml:value>
</kml:Data>
</kml:ExtendedData>
<kml:Point>
<kml:coordinates>67.86710296597043,29.52550190261029</kml:coordinates>
</kml:Point>
</kml:Placemark>
<kml:Placemark id="equipment_materialized.419591">
<kml:ExtendedData>
<kml:Data name="section_id">
<kml:value>02001314110120068</kml:value>
</kml:Data>
<kml:Data name="feedercode">
<kml:value>020013</kml:value>
</kml:Data>
<kml:Data name="substation">
<kml:value>220 KV-SIBI</kml:value>
</kml:Data>
<kml:Data name="gps_no">
<kml:value>14110120045</kml:value>
</kml:Data>
<kml:Data name="s_e">
<kml:value/>
</kml:Data>
<kml:Data name="pole_phase">
<kml:value>R-Y-B</kml:value>
</kml:Data>
<kml:Data name="pole_use"/>
<kml:Data name="fdr_on_pol">
<kml:value>1.0</kml:value>
</kml:Data>
<kml:Data name="pol_hght">
<kml:value>40</kml:value>
</kml:Data>
<kml:Data name="pole_type">
<kml:value>Steel Structure</kml:value>
</kml:Data>
<kml:Data name="eqp_type">
<kml:value>Primary Pole</kml:value>
</kml:Data>
<kml:Data name="eqp_number">
<kml:value/>
</kml:Data>
<kml:Data name="eqp_unit"/>
<kml:Data name="eqp_size">
<kml:value/>
</kml:Data>
<kml:Data name="eqp_phase">
<kml:value/>
</kml:Data>
<kml:Data name="eqp_use"/>
<kml:Data name="eqp_status">
<kml:value/>
</kml:Data>
<kml:Data name="trafo_mke"/>
<kml:Data name="consmr_nam">
<kml:value/>
</kml:Data>
<kml:Data name="trafo_loc">
<kml:value/>
</kml:Data>
<kml:Data name="trafo_mnt"/>
<kml:Data name="angle"/>
<kml:Data name="tap_pole"/>
<kml:Data name="end_type">
<kml:value/>
</kml:Data>
<kml:Data name="rs_con"/>
<kml:Data name="rs_con1">
<kml:value>0.0</kml:value>
</kml:Data>
<kml:Data name="rs_con3">
<kml:value>0.0</kml:value>
</kml:Data>
<kml:Data name="sc_con">
<kml:value>0.0</kml:value>
</kml:Data>
<kml:Data name="lc_con">
<kml:value>0.0</kml:value>
</kml:Data>
<kml:Data name="si_con">
<kml:value>0.0</kml:value>
</kml:Data>
<kml:Data name="li_con">
<kml:value>0.0</kml:value>
</kml:Data>
<kml:Data name="pb_con">
<kml:value>0.0</kml:value>
</kml:Data>
<kml:Data name="ag_con">
<kml:value>0.0</kml:value>
</kml:Data>
<kml:Data name="st_con">
<kml:value>0.0</kml:value>
</kml:Data>
<kml:Data name="remarks">
<kml:value/>
</kml:Data>
<kml:Data name="wo_id">
<kml:value>386</kml:value>
</kml:Data>
<kml:Data name="sequence">
<kml:value>42</kml:value>
</kml:Data>
</kml:ExtendedData>
<kml:Point>
<kml:coordinates>67.86771795105386,29.525677883453902</kml:coordinates>
</kml:Point>
</kml:Placemark>
<kml:Placemark id="equipment_materialized.419592">
<kml:ExtendedData>
<kml:Data name="section_id">
<kml:value>02001314110120068</kml:value>
</kml:Data>
<kml:Data name="feedercode">
<kml:value>020013</kml:value>
</kml:Data>
<kml:Data name="substation">
<kml:value>220 KV-SIBI</kml:value>
</kml:Data>
<kml:Data name="gps_no">
<kml:value>14110120046</kml:value>
</kml:Data>
<kml:Data name="s_e">
<kml:value/>
</kml:Data>
<kml:Data name="pole_phase">
<kml:value>R-Y-B</kml:value>
</kml:Data>
<kml:Data name="pole_use"/>
<kml:Data name="fdr_on_pol">
<kml:value>1.0</kml:value>
</kml:Data>
<kml:Data name="pol_hght">
<kml:value>40</kml:value>
</kml:Data>
<kml:Data name="pole_type">
<kml:value>Steel Structure</kml:value>
</kml:Data>
<kml:Data name="eqp_type">
<kml:value>Primary Pole</kml:value>
</kml:Data>
<kml:Data name="eqp_number">
<kml:value/>
</kml:Data>
<kml:Data name="eqp_unit"/>
<kml:Data name="eqp_size">
<kml:value/>
</kml:Data>
<kml:Data name="eqp_phase">
<kml:value/>
</kml:Data>
<kml:Data name="eqp_use"/>
<kml:Data name="eqp_status">
<kml:value/>
</kml:Data>
<kml:Data name="trafo_mke"/>
<kml:Data name="consmr_nam">
<kml:value/>
</kml:Data>
<kml:Data name="trafo_loc">
<kml:value/>
</kml:Data>
<kml:Data name="trafo_mnt"/>
<kml:Data name="angle"/>
<kml:Data name="tap_pole"/>
<kml:Data name="end_type">
<kml:value/>
</kml:Data>
<kml:Data name="rs_con"/>
<kml:Data name="rs_con1">
<kml:value>0.0</kml:value>
</kml:Data>
<kml:Data name="rs_con3">
<kml:value>0.0</kml:value>
</kml:Data>
<kml:Data name="sc_con">
<kml:value>0.0</kml:value>
</kml:Data>
<kml:Data name="lc_con">
<kml:value>0.0</kml:value>
</kml:Data>
<kml:Data name="si_con">
<kml:value>0.0</kml:value>
</kml:Data>
<kml:Data name="li_con">
<kml:value>0.0</kml:value>
</kml:Data>
<kml:Data name="pb_con">
<kml:value>0.0</kml:value>
</kml:Data>
<kml:Data name="ag_con">
<kml:value>0.0</kml:value>
</kml:Data>
<kml:Data name="st_con">
<kml:value>0.0</kml:value>
</kml:Data>
<kml:Data name="remarks">
<kml:value/>
</kml:Data>
<kml:Data name="wo_id">
<kml:value>386</kml:value>
</kml:Data>
<kml:Data name="sequence">
<kml:value>43</kml:value>
</kml:Data>
</kml:ExtendedData>
<kml:Point>
<kml:coordinates>67.86827604379678,29.525838847893088</kml:coordinates>
</kml:Point>
</kml:Placemark>
<kml:Placemark id="equipment_materialized.419593">
<kml:ExtendedData>
<kml:Data name="section_id">
<kml:value>02001314110120068</kml:value>
</kml:Data>
<kml:Data name="feedercode">
<kml:value>020013</kml:value>
</kml:Data>
<kml:Data name="substation">
<kml:value>220 KV-SIBI</kml:value>
</kml:Data>
<kml:Data name="gps_no">
<kml:value>14110120047</kml:value>
</kml:Data>
<kml:Data name="s_e">
<kml:value/>
</kml:Data>
<kml:Data name="pole_phase">
<kml:value>R-Y-B</kml:value>
</kml:Data>
<kml:Data name="pole_use"/>
<kml:Data name="fdr_on_pol">
<kml:value>1.0</kml:value>
</kml:Data>
<kml:Data name="pol_hght">
<kml:value>40</kml:value>
</kml:Data>
<kml:Data name="pole_type">
<kml:value>Steel Structure</kml:value>
</kml:Data>
<kml:Data name="eqp_type">
<kml:value>Primary Pole</kml:value>
</kml:Data>
<kml:Data name="eqp_number">
<kml:value/>
</kml:Data>
<kml:Data name="eqp_unit"/>
<kml:Data name="eqp_size">
<kml:value/>
</kml:Data>
<kml:Data name="eqp_phase">
<kml:value/>
</kml:Data>
<kml:Data name="eqp_use"/>
<kml:Data name="eqp_status">
<kml:value/>
</kml:Data>
<kml:Data name="trafo_mke"/>
<kml:Data name="consmr_nam">
<kml:value/>
</kml:Data>
<kml:Data name="trafo_loc">
<kml:value/>
</kml:Data>
<kml:Data name="trafo_mnt"/>
<kml:Data name="angle"/>
<kml:Data name="tap_pole"/>
<kml:Data name="end_type">
<kml:value/>
</kml:Data>
<kml:Data name="rs_con"/>
<kml:Data name="rs_con1">
<kml:value>0.0</kml:value>
</kml:Data>
<kml:Data name="rs_con3">
<kml:value>0.0</kml:value>
</kml:Data>
<kml:Data name="sc_con">
<kml:value>0.0</kml:value>
</kml:Data>
<kml:Data name="lc_con">
<kml:value>0.0</kml:value>
</kml:Data>
<kml:Data name="si_con">
<kml:value>0.0</kml:value>
</kml:Data>
<kml:Data name="li_con">
<kml:value>0.0</kml:value>
</kml:Data>
<kml:Data name="pb_con">
<kml:value>0.0</kml:value>
</kml:Data>
<kml:Data name="ag_con">
<kml:value>0.0</kml:value>
</kml:Data>
<kml:Data name="st_con">
<kml:value>0.0</kml:value>
</kml:Data>
<kml:Data name="remarks">
<kml:value/>
</kml:Data>
<kml:Data name="wo_id">
<kml:value>386</kml:value>
</kml:Data>
<kml:Data name="sequence">
<kml:value>44</kml:value>
</kml:Data>
</kml:ExtendedData>
<kml:Point>
<kml:coordinates>67.86883901252139,29.526006890502646</kml:coordinates>
</kml:Point>
</kml:Placemark>
<kml:Placemark id="equipment_materialized.419594">
<kml:ExtendedData>
<kml:Data name="section_id">
<kml:value>02001314110120068</kml:value>
</kml:Data>
<kml:Data name="feedercode">
<kml:value>020013</kml:value>
</kml:Data>
<kml:Data name="substation">
<kml:value>220 KV-SIBI</kml:value>
</kml:Data>
<kml:Data name="gps_no">
<kml:value>14110120048</kml:value>
</kml:Data>
<kml:Data name="s_e">
<kml:value/>
</kml:Data>
<kml:Data name="pole_phase">
<kml:value>R-Y-B</kml:value>
</kml:Data>
<kml:Data name="pole_use"/>
<kml:Data name="fdr_on_pol">
<kml:value>1.0</kml:value>
</kml:Data>
<kml:Data name="pol_hght">
<kml:value>40</kml:value>
</kml:Data>
<kml:Data name="pole_type">
<kml:value>Steel Structure</kml:value>
</kml:Data>
<kml:Data name="eqp_type">
<kml:value>Primary Pole</kml:value>
</kml:Data>
<kml:Data name="eqp_number">
<kml:value/>
</kml:Data>
<kml:Data name="eqp_unit"/>
<kml:Data name="eqp_size">
<kml:value/>
</kml:Data>
<kml:Data name="eqp_phase">
<kml:value/>
</kml:Data>
<kml:Data name="eqp_use"/>
<kml:Data name="eqp_status">
<kml:value/>
</kml:Data>
<kml:Data name="trafo_mke"/>
<kml:Data name="consmr_nam">
<kml:value/>
</kml:Data>
<kml:Data name="trafo_loc">
<kml:value/>
</kml:Data>
<kml:Data name="trafo_mnt"/>
<kml:Data name="angle"/>
<kml:Data name="tap_pole"/>
<kml:Data name="end_type">
<kml:value/>
</kml:Data>
<kml:Data name="rs_con"/>
<kml:Data name="rs_con1">
<kml:value>0.0</kml:value>
</kml:Data>
<kml:Data name="rs_con3">
<kml:value>0.0</kml:value>
</kml:Data>
<kml:Data name="sc_con">
<kml:value>0.0</kml:value>
</kml:Data>
<kml:Data name="lc_con">
<kml:value>0.0</kml:value>
</kml:Data>
<kml:Data name="si_con">
<kml:value>0.0</kml:value>
</kml:Data>
<kml:Data name="li_con">
<kml:value>0.0</kml:value>
</kml:Data>
<kml:Data name="pb_con">
<kml:value>0.0</kml:value>
</kml:Data>
<kml:Data name="ag_con">
<kml:value>0.0</kml:value>
</kml:Data>
<kml:Data name="st_con">
<kml:value>0.0</kml:value>
</kml:Data>
<kml:Data name="remarks">
<kml:value/>
</kml:Data>
<kml:Data name="wo_id">
<kml:value>386</kml:value>
</kml:Data>
<kml:Data name="sequence">
<kml:value>45</kml:value>
</kml:Data>
</kml:ExtendedData>
<kml:Point>
<kml:coordinates>67.86949097409253,29.526235880101336</kml:coordinates>
</kml:Point>
</kml:Placemark>
<kml:Placemark id="equipment_materialized.419595">
<kml:ExtendedData>
<kml:Data name="section_id">
<kml:value>02001314110120068</kml:value>
</kml:Data>
<kml:Data name="feedercode">
<kml:value>020013</kml:value>
</kml:Data>
<kml:Data name="substation">
<kml:value>220 KV-SIBI</kml:value>
</kml:Data>
<kml:Data name="gps_no">
<kml:value>14110120049</kml:value>
</kml:Data>
<kml:Data name="s_e">
<kml:value/>
</kml:Data>
<kml:Data name="pole_phase">
<kml:value>R-Y-B</kml:value>
</kml:Data>
<kml:Data name="pole_use"/>
<kml:Data name="fdr_on_pol">
<kml:value>1.0</kml:value>
</kml:Data>
<kml:Data name="pol_hght">
<kml:value>40</kml:value>
</kml:Data>
<kml:Data name="pole_type">
<kml:value>Steel Structure</kml:value>
</kml:Data>
<kml:Data name="eqp_type">
<kml:value>Primary Pole</kml:value>
</kml:Data>
<kml:Data name="eqp_number">
<kml:value/>
</kml:Data>
<kml:Data name="eqp_unit"/>
<kml:Data name="eqp_size">
<kml:value/>
</kml:Data>
<kml:Data name="eqp_phase">
<kml:value/>
</kml:Data>
<kml:Data name="eqp_use"/>
<kml:Data name="eqp_status">
<kml:value/>
</kml:Data>
<kml:Data name="trafo_mke"/>
<kml:Data name="consmr_nam">
<kml:value/>
</kml:Data>
<kml:Data name="trafo_loc">
<kml:value/>
</kml:Data>
<kml:Data name="trafo_mnt"/>
<kml:Data name="angle"/>
<kml:Data name="tap_pole"/>
<kml:Data name="end_type">
<kml:value/>
</kml:Data>
<kml:Data name="rs_con"/>
<kml:Data name="rs_con1">
<kml:value>0.0</kml:value>
</kml:Data>
<kml:Data name="rs_con3">
<kml:value>0.0</kml:value>
</kml:Data>
<kml:Data name="sc_con">
<kml:value>0.0</kml:value>
</kml:Data>
<kml:Data name="lc_con">
<kml:value>0.0</kml:value>
</kml:Data>
<kml:Data name="si_con">
<kml:value>0.0</kml:value>
</kml:Data>
<kml:Data name="li_con">
<kml:value>0.0</kml:value>
</kml:Data>
<kml:Data name="pb_con">
<kml:value>0.0</kml:value>
</kml:Data>
<kml:Data name="ag_con">
<kml:value>0.0</kml:value>
</kml:Data>
<kml:Data name="st_con">
<kml:value>0.0</kml:value>
</kml:Data>
<kml:Data name="remarks">
<kml:value/>
</kml:Data>
<kml:Data name="wo_id">
<kml:value>386</kml:value>
</kml:Data>
<kml:Data name="sequence">
<kml:value>46</kml:value>
</kml:Data>
</kml:ExtendedData>
<kml:Point>
<kml:coordinates>67.87009501408868,29.52643188128264</kml:coordinates>
</kml:Point>
</kml:Placemark>
<kml:Placemark id="equipment_materialized.419596">
<kml:ExtendedData>
<kml:Data name="section_id">
<kml:value>02001314110120068</kml:value>
</kml:Data>
<kml:Data name="feedercode">
<kml:value>020013</kml:value>
</kml:Data>
<kml:Data name="substation">
<kml:value>220 KV-SIBI</kml:value>
</kml:Data>
<kml:Data name="gps_no">
<kml:value>14110120050</kml:value>
</kml:Data>
<kml:Data name="s_e">
<kml:value/>
</kml:Data>
<kml:Data name="pole_phase">
<kml:value>R-Y-B</kml:value>
</kml:Data>
<kml:Data name="pole_use"/>
<kml:Data name="fdr_on_pol">
<kml:value>1.0</kml:value>
</kml:Data>
<kml:Data name="pol_hght">
<kml:value>40</kml:value>
</kml:Data>
<kml:Data name="pole_type">
<kml:value>Steel Structure</kml:value>
</kml:Data>
<kml:Data name="eqp_type">
<kml:value>Primary Pole</kml:value>
</kml:Data>
<kml:Data name="eqp_number">
<kml:value/>
</kml:Data>
<kml:Data name="eqp_unit"/>
<kml:Data name="eqp_size">
<kml:value/>
</kml:Data>
<kml:Data name="eqp_phase">
<kml:value/>
</kml:Data>
<kml:Data name="eqp_use"/>
<kml:Data name="eqp_status">
<kml:value/>
</kml:Data>
<kml:Data name="trafo_mke"/>
<kml:Data name="consmr_nam">
<kml:value/>
</kml:Data>
<kml:Data name="trafo_loc">
<kml:value/>
</kml:Data>
<kml:Data name="trafo_mnt"/>
<kml:Data name="angle"/>
<kml:Data name="tap_pole"/>
<kml:Data name="end_type">
<kml:value/>
</kml:Data>
<kml:Data name="rs_con"/>
<kml:Data name="rs_con1">
<kml:value>0.0</kml:value>
</kml:Data>
<kml:Data name="rs_con3">
<kml:value>0.0</kml:value>
</kml:Data>
<kml:Data name="sc_con">
<kml:value>0.0</kml:value>
</kml:Data>
<kml:Data name="lc_con">
<kml:value>0.0</kml:value>
</kml:Data>
<kml:Data name="si_con">
<kml:value>0.0</kml:value>
</kml:Data>
<kml:Data name="li_con">
<kml:value>0.0</kml:value>
</kml:Data>
<kml:Data name="pb_con">
<kml:value>0.0</kml:value>
</kml:Data>
<kml:Data name="ag_con">
<kml:value>0.0</kml:value>
</kml:Data>
<kml:Data name="st_con">
<kml:value>0.0</kml:value>
</kml:Data>
<kml:Data name="remarks">
<kml:value/>
</kml:Data>
<kml:Data name="wo_id">
<kml:value>386</kml:value>
</kml:Data>
<kml:Data name="sequence">
<kml:value>47</kml:value>
</kml:Data>
</kml:ExtendedData>
<kml:Point>
<kml:coordinates>67.87064599950318,29.52663888989675</kml:coordinates>
</kml:Point>
</kml:Placemark>
<kml:Placemark id="equipment_materialized.419597">
<kml:ExtendedData>
<kml:Data name="section_id">
<kml:value>02001314110120068</kml:value>
</kml:Data>
<kml:Data name="feedercode">
<kml:value>020013</kml:value>
</kml:Data>
<kml:Data name="substation">
<kml:value>220 KV-SIBI</kml:value>
</kml:Data>
<kml:Data name="gps_no">
<kml:value>14110120051</kml:value>
</kml:Data>
<kml:Data name="s_e">
<kml:value/>
</kml:Data>
<kml:Data name="pole_phase">
<kml:value>R-Y-B</kml:value>
</kml:Data>
<kml:Data name="pole_use"/>
<kml:Data name="fdr_on_pol">
<kml:value>1.0</kml:value>
</kml:Data>
<kml:Data name="pol_hght">
<kml:value>40</kml:value>
</kml:Data>
<kml:Data name="pole_type">
<kml:value>Steel Structure</kml:value>
</kml:Data>
<kml:Data name="eqp_type">
<kml:value>Primary Pole</kml:value>
</kml:Data>
<kml:Data name="eqp_number">
<kml:value/>
</kml:Data>
<kml:Data name="eqp_unit"/>
<kml:Data name="eqp_size">
<kml:value/>
</kml:Data>
<kml:Data name="eqp_phase">
<kml:value/>
</kml:Data>
<kml:Data name="eqp_use"/>
<kml:Data name="eqp_status">
<kml:value/>
</kml:Data>
<kml:Data name="trafo_mke"/>
<kml:Data name="consmr_nam">
<kml:value/>
</kml:Data>
<kml:Data name="trafo_loc">
<kml:value/>
</kml:Data>
<kml:Data name="trafo_mnt"/>
<kml:Data name="angle"/>
<kml:Data name="tap_pole"/>
<kml:Data name="end_type">
<kml:value/>
</kml:Data>
<kml:Data name="rs_con"/>
<kml:Data name="rs_con1">
<kml:value>0.0</kml:value>
</kml:Data>
<kml:Data name="rs_con3">
<kml:value>0.0</kml:value>
</kml:Data>
<kml:Data name="sc_con">
<kml:value>0.0</kml:value>
</kml:Data>
<kml:Data name="lc_con">
<kml:value>0.0</kml:value>
</kml:Data>
<kml:Data name="si_con">
<kml:value>0.0</kml:value>
</kml:Data>
<kml:Data name="li_con">
<kml:value>0.0</kml:value>
</kml:Data>
<kml:Data name="pb_con">
<kml:value>0.0</kml:value>
</kml:Data>
<kml:Data name="ag_con">
<kml:value>0.0</kml:value>
</kml:Data>
<kml:Data name="st_con">
<kml:value>0.0</kml:value>
</kml:Data>
<kml:Data name="remarks">
<kml:value/>
</kml:Data>
<kml:Data name="wo_id">
<kml:value>386</kml:value>
</kml:Data>
<kml:Data name="sequence">
<kml:value>48</kml:value>
</kml:Data>
</kml:ExtendedData>
<kml:Point>
<kml:coordinates>67.87122704675183,29.526870878279112</kml:coordinates>
</kml:Point>
</kml:Placemark>
<kml:Placemark id="equipment_materialized.419598">
<kml:ExtendedData>
<kml:Data name="section_id">
<kml:value>02001314110120068</kml:value>
</kml:Data>
<kml:Data name="feedercode">
<kml:value>020013</kml:value>
</kml:Data>
<kml:Data name="substation">
<kml:value>220 KV-SIBI</kml:value>
</kml:Data>
<kml:Data name="gps_no">
<kml:value>14110120052</kml:value>
</kml:Data>
<kml:Data name="s_e">
<kml:value/>
</kml:Data>
<kml:Data name="pole_phase">
<kml:value>R-Y-B</kml:value>
</kml:Data>
<kml:Data name="pole_use"/>
<kml:Data name="fdr_on_pol">
<kml:value>1.0</kml:value>
</kml:Data>
<kml:Data name="pol_hght">
<kml:value>40</kml:value>
</kml:Data>
<kml:Data name="pole_type">
<kml:value>Steel Structure</kml:value>
</kml:Data>
<kml:Data name="eqp_type">
<kml:value>Primary Pole</kml:value>
</kml:Data>
<kml:Data name="eqp_number">
<kml:value/>
</kml:Data>
<kml:Data name="eqp_unit"/>
<kml:Data name="eqp_size">
<kml:value/>
</kml:Data>
<kml:Data name="eqp_phase">
<kml:value/>
</kml:Data>
<kml:Data name="eqp_use"/>
<kml:Data name="eqp_status">
<kml:value/>
</kml:Data>
<kml:Data name="trafo_mke"/>
<kml:Data name="consmr_nam">
<kml:value/>
</kml:Data>
<kml:Data name="trafo_loc">
<kml:value/>
</kml:Data>
<kml:Data name="trafo_mnt"/>
<kml:Data name="angle"/>
<kml:Data name="tap_pole"/>
<kml:Data name="end_type">
<kml:value/>
</kml:Data>
<kml:Data name="rs_con"/>
<kml:Data name="rs_con1">
<kml:value>0.0</kml:value>
</kml:Data>
<kml:Data name="rs_con3">
<kml:value>0.0</kml:value>
</kml:Data>
<kml:Data name="sc_con">
<kml:value>0.0</kml:value>
</kml:Data>
<kml:Data name="lc_con">
<kml:value>0.0</kml:value>
</kml:Data>
<kml:Data name="si_con">
<kml:value>0.0</kml:value>
</kml:Data>
<kml:Data name="li_con">
<kml:value>0.0</kml:value>
</kml:Data>
<kml:Data name="pb_con">
<kml:value>0.0</kml:value>
</kml:Data>
<kml:Data name="ag_con">
<kml:value>0.0</kml:value>
</kml:Data>
<kml:Data name="st_con">
<kml:value>0.0</kml:value>
</kml:Data>
<kml:Data name="remarks">
<kml:value/>
</kml:Data>
<kml:Data name="wo_id">
<kml:value>386</kml:value>
</kml:Data>
<kml:Data name="sequence">
<kml:value>49</kml:value>
</kml:Data>
</kml:ExtendedData>
<kml:Point>
<kml:coordinates>67.87181602213882,29.527048875596638</kml:coordinates>
</kml:Point>
</kml:Placemark>
<kml:Placemark id="equipment_materialized.419599">
<kml:ExtendedData>
<kml:Data name="section_id">
<kml:value>02001314110120068</kml:value>
</kml:Data>
<kml:Data name="feedercode">
<kml:value>020013</kml:value>
</kml:Data>
<kml:Data name="substation">
<kml:value>220 KV-SIBI</kml:value>
</kml:Data>
<kml:Data name="gps_no">
<kml:value>14110120053</kml:value>
</kml:Data>
<kml:Data name="s_e">
<kml:value/>
</kml:Data>
<kml:Data name="pole_phase">
<kml:value>R-Y-B</kml:value>
</kml:Data>
<kml:Data name="pole_use"/>
<kml:Data name="fdr_on_pol">
<kml:value>1.0</kml:value>
</kml:Data>
<kml:Data name="pol_hght">
<kml:value>40</kml:value>
</kml:Data>
<kml:Data name="pole_type">
<kml:value>Steel Structure</kml:value>
</kml:Data>
<kml:Data name="eqp_type">
<kml:value>Primary Pole</kml:value>
</kml:Data>
<kml:Data name="eqp_number">
<kml:value/>
</kml:Data>
<kml:Data name="eqp_unit"/>
<kml:Data name="eqp_size">
<kml:value/>
</kml:Data>
<kml:Data name="eqp_phase">
<kml:value/>
</kml:Data>
<kml:Data name="eqp_use"/>
<kml:Data name="eqp_status">
<kml:value/>
</kml:Data>
<kml:Data name="trafo_mke"/>
<kml:Data name="consmr_nam">
<kml:value/>
</kml:Data>
<kml:Data name="trafo_loc">
<kml:value/>
</kml:Data>
<kml:Data name="trafo_mnt"/>
<kml:Data name="angle"/>
<kml:Data name="tap_pole"/>
<kml:Data name="end_type">
<kml:value/>
</kml:Data>
<kml:Data name="rs_con"/>
<kml:Data name="rs_con1">
<kml:value>0.0</kml:value>
</kml:Data>
<kml:Data name="rs_con3">
<kml:value>0.0</kml:value>
</kml:Data>
<kml:Data name="sc_con">
<kml:value>0.0</kml:value>
</kml:Data>
<kml:Data name="lc_con">
<kml:value>0.0</kml:value>
</kml:Data>
<kml:Data name="si_con">
<kml:value>0.0</kml:value>
</kml:Data>
<kml:Data name="li_con">
<kml:value>0.0</kml:value>
</kml:Data>
<kml:Data name="pb_con">
<kml:value>0.0</kml:value>
</kml:Data>
<kml:Data name="ag_con">
<kml:value>0.0</kml:value>
</kml:Data>
<kml:Data name="st_con">
<kml:value>0.0</kml:value>
</kml:Data>
<kml:Data name="remarks">
<kml:value/>
</kml:Data>
<kml:Data name="wo_id">
<kml:value>386</kml:value>
</kml:Data>
<kml:Data name="sequence">
<kml:value>50</kml:value>
</kml:Data>
</kml:ExtendedData>
<kml:Point>
<kml:coordinates>67.87249199104002,29.527300886058075</kml:coordinates>
</kml:Point>
</kml:Placemark>
<kml:Placemark id="equipment_materialized.419600">
<kml:ExtendedData>
<kml:Data name="section_id">
<kml:value>02001314110120068</kml:value>
</kml:Data>
<kml:Data name="feedercode">
<kml:value>020013</kml:value>
</kml:Data>
<kml:Data name="substation">
<kml:value>220 KV-SIBI</kml:value>
</kml:Data>
<kml:Data name="gps_no">
<kml:value>14110120054</kml:value>
</kml:Data>
<kml:Data name="s_e">
<kml:value/>
</kml:Data>
<kml:Data name="pole_phase">
<kml:value>R-Y-B</kml:value>
</kml:Data>
<kml:Data name="pole_use"/>
<kml:Data name="fdr_on_pol">
<kml:value>1.0</kml:value>
</kml:Data>
<kml:Data name="pol_hght">
<kml:value>40</kml:value>
</kml:Data>
<kml:Data name="pole_type">
<kml:value>Steel Structure</kml:value>
</kml:Data>
<kml:Data name="eqp_type">
<kml:value>Primary Pole</kml:value>
</kml:Data>
<kml:Data name="eqp_number">
<kml:value/>
</kml:Data>
<kml:Data name="eqp_unit"/>
<kml:Data name="eqp_size">
<kml:value/>
</kml:Data>
<kml:Data name="eqp_phase">
<kml:value/>
</kml:Data>
<kml:Data name="eqp_use"/>
<kml:Data name="eqp_status">
<kml:value/>
</kml:Data>
<kml:Data name="trafo_mke"/>
<kml:Data name="consmr_nam">
<kml:value/>
</kml:Data>
<kml:Data name="trafo_loc">
<kml:value/>
</kml:Data>
<kml:Data name="trafo_mnt"/>
<kml:Data name="angle"/>
<kml:Data name="tap_pole"/>
<kml:Data name="end_type">
<kml:value/>
</kml:Data>
<kml:Data name="rs_con"/>
<kml:Data name="rs_con1">
<kml:value>0.0</kml:value>
</kml:Data>
<kml:Data name="rs_con3">
<kml:value>0.0</kml:value>
</kml:Data>
<kml:Data name="sc_con">
<kml:value>0.0</kml:value>
</kml:Data>
<kml:Data name="lc_con">
<kml:value>0.0</kml:value>
</kml:Data>
<kml:Data name="si_con">
<kml:value>0.0</kml:value>
</kml:Data>
<kml:Data name="li_con">
<kml:value>0.0</kml:value>
</kml:Data>
<kml:Data name="pb_con">
<kml:value>0.0</kml:value>
</kml:Data>
<kml:Data name="ag_con">
<kml:value>0.0</kml:value>
</kml:Data>
<kml:Data name="st_con">
<kml:value>0.0</kml:value>
</kml:Data>
<kml:Data name="remarks">
<kml:value/>
</kml:Data>
<kml:Data name="wo_id">
<kml:value>386</kml:value>
</kml:Data>
<kml:Data name="sequence">
<kml:value>51</kml:value>
</kml:Data>
</kml:ExtendedData>
<kml:Point>
<kml:coordinates>67.8730229589779,29.52745284709341</kml:coordinates>
</kml:Point>
</kml:Placemark>
<kml:Placemark id="equipment_materialized.419601">
<kml:ExtendedData>
<kml:Data name="section_id">
<kml:value>02001314110120068</kml:value>
</kml:Data>
<kml:Data name="feedercode">
<kml:value>020013</kml:value>
</kml:Data>
<kml:Data name="substation">
<kml:value>220 KV-SIBI</kml:value>
</kml:Data>
<kml:Data name="gps_no">
<kml:value>14110120055</kml:value>
</kml:Data>
<kml:Data name="s_e">
<kml:value/>
</kml:Data>
<kml:Data name="pole_phase">
<kml:value>R-Y-B</kml:value>
</kml:Data>
<kml:Data name="pole_use"/>
<kml:Data name="fdr_on_pol">
<kml:value>1.0</kml:value>
</kml:Data>
<kml:Data name="pol_hght">
<kml:value>40</kml:value>
</kml:Data>
<kml:Data name="pole_type">
<kml:value>Steel Structure</kml:value>
</kml:Data>
<kml:Data name="eqp_type">
<kml:value>Primary Pole</kml:value>
</kml:Data>
<kml:Data name="eqp_number">
<kml:value/>
</kml:Data>
<kml:Data name="eqp_unit"/>
<kml:Data name="eqp_size">
<kml:value/>
</kml:Data>
<kml:Data name="eqp_phase">
<kml:value/>
</kml:Data>
<kml:Data name="eqp_use"/>
<kml:Data name="eqp_status">
<kml:value/>
</kml:Data>
<kml:Data name="trafo_mke"/>
<kml:Data name="consmr_nam">
<kml:value/>
</kml:Data>
<kml:Data name="trafo_loc">
<kml:value/>
</kml:Data>
<kml:Data name="trafo_mnt"/>
<kml:Data name="angle"/>
<kml:Data name="tap_pole"/>
<kml:Data name="end_type">
<kml:value/>
</kml:Data>
<kml:Data name="rs_con"/>
<kml:Data name="rs_con1">
<kml:value>0.0</kml:value>
</kml:Data>
<kml:Data name="rs_con3">
<kml:value>0.0</kml:value>
</kml:Data>
<kml:Data name="sc_con">
<kml:value>0.0</kml:value>
</kml:Data>
<kml:Data name="lc_con">
<kml:value>0.0</kml:value>
</kml:Data>
<kml:Data name="si_con">
<kml:value>0.0</kml:value>
</kml:Data>
<kml:Data name="li_con">
<kml:value>0.0</kml:value>
</kml:Data>
<kml:Data name="pb_con">
<kml:value>0.0</kml:value>
</kml:Data>
<kml:Data name="ag_con">
<kml:value>0.0</kml:value>
</kml:Data>
<kml:Data name="st_con">
<kml:value>0.0</kml:value>
</kml:Data>
<kml:Data name="remarks">
<kml:value/>
</kml:Data>
<kml:Data name="wo_id">
<kml:value>386</kml:value>
</kml:Data>
<kml:Data name="sequence">
<kml:value>52</kml:value>
</kml:Data>
</kml:ExtendedData>
<kml:Point>
<kml:coordinates>67.87363696356411,29.527644855921505</kml:coordinates>
</kml:Point>
</kml:Placemark>
<kml:Placemark id="equipment_materialized.419602">
<kml:ExtendedData>
<kml:Data name="section_id">
<kml:value>02001314110120068</kml:value>
</kml:Data>
<kml:Data name="feedercode">
<kml:value>020013</kml:value>
</kml:Data>
<kml:Data name="substation">
<kml:value>220 KV-SIBI</kml:value>
</kml:Data>
<kml:Data name="gps_no">
<kml:value>14110120056</kml:value>
</kml:Data>
<kml:Data name="s_e">
<kml:value/>
</kml:Data>
<kml:Data name="pole_phase">
<kml:value>R-Y-B</kml:value>
</kml:Data>
<kml:Data name="pole_use"/>
<kml:Data name="fdr_on_pol">
<kml:value>1.0</kml:value>
</kml:Data>
<kml:Data name="pol_hght">
<kml:value>40</kml:value>
</kml:Data>
<kml:Data name="pole_type">
<kml:value>Steel Structure</kml:value>
</kml:Data>
<kml:Data name="eqp_type">
<kml:value>Primary Pole</kml:value>
</kml:Data>
<kml:Data name="eqp_number">
<kml:value/>
</kml:Data>
<kml:Data name="eqp_unit"/>
<kml:Data name="eqp_size">
<kml:value/>
</kml:Data>
<kml:Data name="eqp_phase">
<kml:value/>
</kml:Data>
<kml:Data name="eqp_use"/>
<kml:Data name="eqp_status">
<kml:value/>
</kml:Data>
<kml:Data name="trafo_mke"/>
<kml:Data name="consmr_nam">
<kml:value/>
</kml:Data>
<kml:Data name="trafo_loc">
<kml:value/>
</kml:Data>
<kml:Data name="trafo_mnt"/>
<kml:Data name="angle"/>
<kml:Data name="tap_pole"/>
<kml:Data name="end_type">
<kml:value/>
</kml:Data>
<kml:Data name="rs_con"/>
<kml:Data name="rs_con1">
<kml:value>0.0</kml:value>
</kml:Data>
<kml:Data name="rs_con3">
<kml:value>0.0</kml:value>
</kml:Data>
<kml:Data name="sc_con">
<kml:value>0.0</kml:value>
</kml:Data>
<kml:Data name="lc_con">
<kml:value>0.0</kml:value>
</kml:Data>
<kml:Data name="si_con">
<kml:value>0.0</kml:value>
</kml:Data>
<kml:Data name="li_con">
<kml:value>0.0</kml:value>
</kml:Data>
<kml:Data name="pb_con">
<kml:value>0.0</kml:value>
</kml:Data>
<kml:Data name="ag_con">
<kml:value>0.0</kml:value>
</kml:Data>
<kml:Data name="st_con">
<kml:value>0.0</kml:value>
</kml:Data>
<kml:Data name="remarks">
<kml:value/>
</kml:Data>
<kml:Data name="wo_id">
<kml:value>386</kml:value>
</kml:Data>
<kml:Data name="sequence">
<kml:value>53</kml:value>
</kml:Data>
</kml:ExtendedData>
<kml:Point>
<kml:coordinates>67.87432003569778,29.5278339274231</kml:coordinates>
</kml:Point>
</kml:Placemark>
<kml:Placemark id="equipment_materialized.419603">
<kml:ExtendedData>
<kml:Data name="section_id">
<kml:value>02001314110120068</kml:value>
</kml:Data>
<kml:Data name="feedercode">
<kml:value>020013</kml:value>
</kml:Data>
<kml:Data name="substation">
<kml:value>220 KV-SIBI</kml:value>
</kml:Data>
<kml:Data name="gps_no">
<kml:value>14110120057</kml:value>
</kml:Data>
<kml:Data name="s_e">
<kml:value/>
</kml:Data>
<kml:Data name="pole_phase">
<kml:value>R-Y-B</kml:value>
</kml:Data>
<kml:Data name="pole_use"/>
<kml:Data name="fdr_on_pol">
<kml:value>1.0</kml:value>
</kml:Data>
<kml:Data name="pol_hght">
<kml:value>40</kml:value>
</kml:Data>
<kml:Data name="pole_type">
<kml:value>Steel Structure</kml:value>
</kml:Data>
<kml:Data name="eqp_type">
<kml:value>Primary Pole</kml:value>
</kml:Data>
<kml:Data name="eqp_number">
<kml:value/>
</kml:Data>
<kml:Data name="eqp_unit"/>
<kml:Data name="eqp_size">
<kml:value/>
</kml:Data>
<kml:Data name="eqp_phase">
<kml:value/>
</kml:Data>
<kml:Data name="eqp_use"/>
<kml:Data name="eqp_status">
<kml:value/>
</kml:Data>
<kml:Data name="trafo_mke"/>
<kml:Data name="consmr_nam">
<kml:value/>
</kml:Data>
<kml:Data name="trafo_loc">
<kml:value/>
</kml:Data>
<kml:Data name="trafo_mnt"/>
<kml:Data name="angle"/>
<kml:Data name="tap_pole"/>
<kml:Data name="end_type">
<kml:value/>
</kml:Data>
<kml:Data name="rs_con"/>
<kml:Data name="rs_con1">
<kml:value>0.0</kml:value>
</kml:Data>
<kml:Data name="rs_con3">
<kml:value>0.0</kml:value>
</kml:Data>
<kml:Data name="sc_con">
<kml:value>0.0</kml:value>
</kml:Data>
<kml:Data name="lc_con">
<kml:value>0.0</kml:value>
</kml:Data>
<kml:Data name="si_con">
<kml:value>0.0</kml:value>
</kml:Data>
<kml:Data name="li_con">
<kml:value>0.0</kml:value>
</kml:Data>
<kml:Data name="pb_con">
<kml:value>0.0</kml:value>
</kml:Data>
<kml:Data name="ag_con">
<kml:value>0.0</kml:value>
</kml:Data>
<kml:Data name="st_con">
<kml:value>0.0</kml:value>
</kml:Data>
<kml:Data name="remarks">
<kml:value/>
</kml:Data>
<kml:Data name="wo_id">
<kml:value>386</kml:value>
</kml:Data>
<kml:Data name="sequence">
<kml:value>54</kml:value>
</kml:Data>
</kml:ExtendedData>
<kml:Point>
<kml:coordinates>67.87488604462906,29.528036894739092</kml:coordinates>
</kml:Point>
</kml:Placemark>
<kml:Placemark id="equipment_materialized.419604">
<kml:ExtendedData>
<kml:Data name="section_id">
<kml:value>02001314110120068</kml:value>
</kml:Data>
<kml:Data name="feedercode">
<kml:value>020013</kml:value>
</kml:Data>
<kml:Data name="substation">
<kml:value>220 KV-SIBI</kml:value>
</kml:Data>
<kml:Data name="gps_no">
<kml:value>14110120058</kml:value>
</kml:Data>
<kml:Data name="s_e">
<kml:value/>
</kml:Data>
<kml:Data name="pole_phase">
<kml:value>R-Y-B</kml:value>
</kml:Data>
<kml:Data name="pole_use"/>
<kml:Data name="fdr_on_pol">
<kml:value>1.0</kml:value>
</kml:Data>
<kml:Data name="pol_hght">
<kml:value>40</kml:value>
</kml:Data>
<kml:Data name="pole_type">
<kml:value>Steel Structure</kml:value>
</kml:Data>
<kml:Data name="eqp_type">
<kml:value>Primary Pole</kml:value>
</kml:Data>
<kml:Data name="eqp_number">
<kml:value/>
</kml:Data>
<kml:Data name="eqp_unit"/>
<kml:Data name="eqp_size">
<kml:value/>
</kml:Data>
<kml:Data name="eqp_phase">
<kml:value/>
</kml:Data>
<kml:Data name="eqp_use"/>
<kml:Data name="eqp_status">
<kml:value/>
</kml:Data>
<kml:Data name="trafo_mke"/>
<kml:Data name="consmr_nam">
<kml:value/>
</kml:Data>
<kml:Data name="trafo_loc">
<kml:value/>
</kml:Data>
<kml:Data name="trafo_mnt"/>
<kml:Data name="angle"/>
<kml:Data name="tap_pole"/>
<kml:Data name="end_type">
<kml:value/>
</kml:Data>
<kml:Data name="rs_con"/>
<kml:Data name="rs_con1">
<kml:value>0.0</kml:value>
</kml:Data>
<kml:Data name="rs_con3">
<kml:value>0.0</kml:value>
</kml:Data>
<kml:Data name="sc_con">
<kml:value>0.0</kml:value>
</kml:Data>
<kml:Data name="lc_con">
<kml:value>0.0</kml:value>
</kml:Data>
<kml:Data name="si_con">
<kml:value>0.0</kml:value>
</kml:Data>
<kml:Data name="li_con">
<kml:value>0.0</kml:value>
</kml:Data>
<kml:Data name="pb_con">
<kml:value>0.0</kml:value>
</kml:Data>
<kml:Data name="ag_con">
<kml:value>0.0</kml:value>
</kml:Data>
<kml:Data name="st_con">
<kml:value>0.0</kml:value>
</kml:Data>
<kml:Data name="remarks">
<kml:value/>
</kml:Data>
<kml:Data name="wo_id">
<kml:value>386</kml:value>
</kml:Data>
<kml:Data name="sequence">
<kml:value>55</kml:value>
</kml:Data>
</kml:ExtendedData>
<kml:Point>
<kml:coordinates>67.87550102243053,29.52823485937549</kml:coordinates>
</kml:Point>
</kml:Placemark>
<kml:Placemark id="equipment_materialized.419605">
<kml:ExtendedData>
<kml:Data name="section_id">
<kml:value>02001314110120068</kml:value>
</kml:Data>
<kml:Data name="feedercode">
<kml:value>020013</kml:value>
</kml:Data>
<kml:Data name="substation">
<kml:value>220 KV-SIBI</kml:value>
</kml:Data>
<kml:Data name="gps_no">
<kml:value>14110120059</kml:value>
</kml:Data>
<kml:Data name="s_e">
<kml:value/>
</kml:Data>
<kml:Data name="pole_phase">
<kml:value>R-Y-B</kml:value>
</kml:Data>
<kml:Data name="pole_use"/>
<kml:Data name="fdr_on_pol">
<kml:value>1.0</kml:value>
</kml:Data>
<kml:Data name="pol_hght">
<kml:value>40</kml:value>
</kml:Data>
<kml:Data name="pole_type">
<kml:value>Steel Structure</kml:value>
</kml:Data>
<kml:Data name="eqp_type">
<kml:value>Primary Pole</kml:value>
</kml:Data>
<kml:Data name="eqp_number">
<kml:value/>
</kml:Data>
<kml:Data name="eqp_unit"/>
<kml:Data name="eqp_size">
<kml:value/>
</kml:Data>
<kml:Data name="eqp_phase">
<kml:value/>
</kml:Data>
<kml:Data name="eqp_use"/>
<kml:Data name="eqp_status">
<kml:value/>
</kml:Data>
<kml:Data name="trafo_mke"/>
<kml:Data name="consmr_nam">
<kml:value/>
</kml:Data>
<kml:Data name="trafo_loc">
<kml:value/>
</kml:Data>
<kml:Data name="trafo_mnt"/>
<kml:Data name="angle"/>
<kml:Data name="tap_pole"/>
<kml:Data name="end_type">
<kml:value/>
</kml:Data>
<kml:Data name="rs_con"/>
<kml:Data name="rs_con1">
<kml:value>0.0</kml:value>
</kml:Data>
<kml:Data name="rs_con3">
<kml:value>0.0</kml:value>
</kml:Data>
<kml:Data name="sc_con">
<kml:value>0.0</kml:value>
</kml:Data>
<kml:Data name="lc_con">
<kml:value>0.0</kml:value>
</kml:Data>
<kml:Data name="si_con">
<kml:value>0.0</kml:value>
</kml:Data>
<kml:Data name="li_con">
<kml:value>0.0</kml:value>
</kml:Data>
<kml:Data name="pb_con">
<kml:value>0.0</kml:value>
</kml:Data>
<kml:Data name="ag_con">
<kml:value>0.0</kml:value>
</kml:Data>
<kml:Data name="st_con">
<kml:value>0.0</kml:value>
</kml:Data>
<kml:Data name="remarks">
<kml:value/>
</kml:Data>
<kml:Data name="wo_id">
<kml:value>386</kml:value>
</kml:Data>
<kml:Data name="sequence">
<kml:value>56</kml:value>
</kml:Data>
</kml:ExtendedData>
<kml:Point>
<kml:coordinates>67.87578502933944,29.52831586404344</kml:coordinates>
</kml:Point>
</kml:Placemark>
<kml:Placemark id="equipment_materialized.419606">
<kml:ExtendedData>
<kml:Data name="section_id">
<kml:value>02001314110120068</kml:value>
</kml:Data>
<kml:Data name="feedercode">
<kml:value>020013</kml:value>
</kml:Data>
<kml:Data name="substation">
<kml:value>220 KV-SIBI</kml:value>
</kml:Data>
<kml:Data name="gps_no">
<kml:value>14110120060</kml:value>
</kml:Data>
<kml:Data name="s_e">
<kml:value/>
</kml:Data>
<kml:Data name="pole_phase">
<kml:value>R-Y-B</kml:value>
</kml:Data>
<kml:Data name="pole_use"/>
<kml:Data name="fdr_on_pol">
<kml:value>1.0</kml:value>
</kml:Data>
<kml:Data name="pol_hght">
<kml:value>40</kml:value>
</kml:Data>
<kml:Data name="pole_type">
<kml:value>Steel Structure</kml:value>
</kml:Data>
<kml:Data name="eqp_type">
<kml:value>Primary Pole</kml:value>
</kml:Data>
<kml:Data name="eqp_number">
<kml:value/>
</kml:Data>
<kml:Data name="eqp_unit"/>
<kml:Data name="eqp_size">
<kml:value/>
</kml:Data>
<kml:Data name="eqp_phase">
<kml:value/>
</kml:Data>
<kml:Data name="eqp_use"/>
<kml:Data name="eqp_status">
<kml:value/>
</kml:Data>
<kml:Data name="trafo_mke"/>
<kml:Data name="consmr_nam">
<kml:value/>
</kml:Data>
<kml:Data name="trafo_loc">
<kml:value/>
</kml:Data>
<kml:Data name="trafo_mnt"/>
<kml:Data name="angle"/>
<kml:Data name="tap_pole"/>
<kml:Data name="end_type">
<kml:value/>
</kml:Data>
<kml:Data name="rs_con"/>
<kml:Data name="rs_con1">
<kml:value>0.0</kml:value>
</kml:Data>
<kml:Data name="rs_con3">
<kml:value>0.0</kml:value>
</kml:Data>
<kml:Data name="sc_con">
<kml:value>0.0</kml:value>
</kml:Data>
<kml:Data name="lc_con">
<kml:value>0.0</kml:value>
</kml:Data>
<kml:Data name="si_con">
<kml:value>0.0</kml:value>
</kml:Data>
<kml:Data name="li_con">
<kml:value>0.0</kml:value>
</kml:Data>
<kml:Data name="pb_con">
<kml:value>0.0</kml:value>
</kml:Data>
<kml:Data name="ag_con">
<kml:value>0.0</kml:value>
</kml:Data>
<kml:Data name="st_con">
<kml:value>0.0</kml:value>
</kml:Data>
<kml:Data name="remarks">
<kml:value/>
</kml:Data>
<kml:Data name="wo_id">
<kml:value>386</kml:value>
</kml:Data>
<kml:Data name="sequence">
<kml:value>57</kml:value>
</kml:Data>
</kml:ExtendedData>
<kml:Point>
<kml:coordinates>67.87613302821347,29.528432874944894</kml:coordinates>
</kml:Point>
</kml:Placemark>
<kml:Placemark id="equipment_materialized.419607">
<kml:ExtendedData>
<kml:Data name="section_id">
<kml:value>02001314110120068</kml:value>
</kml:Data>
<kml:Data name="feedercode">
<kml:value>020013</kml:value>
</kml:Data>
<kml:Data name="substation">
<kml:value>220 KV-SIBI</kml:value>
</kml:Data>
<kml:Data name="gps_no">
<kml:value>14110120061</kml:value>
</kml:Data>
<kml:Data name="s_e">
<kml:value/>
</kml:Data>
<kml:Data name="pole_phase">
<kml:value>R-Y-B</kml:value>
</kml:Data>
<kml:Data name="pole_use"/>
<kml:Data name="fdr_on_pol">
<kml:value>1.0</kml:value>
</kml:Data>
<kml:Data name="pol_hght">
<kml:value>36</kml:value>
</kml:Data>
<kml:Data name="pole_type">
<kml:value>Steel Structure</kml:value>
</kml:Data>
<kml:Data name="eqp_type">
<kml:value>Primary Pole</kml:value>
</kml:Data>
<kml:Data name="eqp_number">
<kml:value/>
</kml:Data>
<kml:Data name="eqp_unit"/>
<kml:Data name="eqp_size">
<kml:value/>
</kml:Data>
<kml:Data name="eqp_phase">
<kml:value/>
</kml:Data>
<kml:Data name="eqp_use"/>
<kml:Data name="eqp_status">
<kml:value/>
</kml:Data>
<kml:Data name="trafo_mke"/>
<kml:Data name="consmr_nam">
<kml:value/>
</kml:Data>
<kml:Data name="trafo_loc">
<kml:value/>
</kml:Data>
<kml:Data name="trafo_mnt"/>
<kml:Data name="angle"/>
<kml:Data name="tap_pole"/>
<kml:Data name="end_type">
<kml:value/>
</kml:Data>
<kml:Data name="rs_con"/>
<kml:Data name="rs_con1">
<kml:value>0.0</kml:value>
</kml:Data>
<kml:Data name="rs_con3">
<kml:value>0.0</kml:value>
</kml:Data>
<kml:Data name="sc_con">
<kml:value>0.0</kml:value>
</kml:Data>
<kml:Data name="lc_con">
<kml:value>0.0</kml:value>
</kml:Data>
<kml:Data name="si_con">
<kml:value>0.0</kml:value>
</kml:Data>
<kml:Data name="li_con">
<kml:value>0.0</kml:value>
</kml:Data>
<kml:Data name="pb_con">
<kml:value>0.0</kml:value>
</kml:Data>
<kml:Data name="ag_con">
<kml:value>0.0</kml:value>
</kml:Data>
<kml:Data name="st_con">
<kml:value>0.0</kml:value>
</kml:Data>
<kml:Data name="remarks">
<kml:value/>
</kml:Data>
<kml:Data name="wo_id">
<kml:value>386</kml:value>
</kml:Data>
<kml:Data name="sequence">
<kml:value>58</kml:value>
</kml:Data>
</kml:ExtendedData>
<kml:Point>
<kml:coordinates>67.87672100454996,29.528618874024612</kml:coordinates>
</kml:Point>
</kml:Placemark>
<kml:Placemark id="equipment_materialized.419608">
<kml:ExtendedData>
<kml:Data name="section_id">
<kml:value>02001314110120068</kml:value>
</kml:Data>
<kml:Data name="feedercode">
<kml:value>020013</kml:value>
</kml:Data>
<kml:Data name="substation">
<kml:value>220 KV-SIBI</kml:value>
</kml:Data>
<kml:Data name="gps_no">
<kml:value>14110120062</kml:value>
</kml:Data>
<kml:Data name="s_e">
<kml:value/>
</kml:Data>
<kml:Data name="pole_phase">
<kml:value>R-Y-B</kml:value>
</kml:Data>
<kml:Data name="pole_use"/>
<kml:Data name="fdr_on_pol">
<kml:value>1.0</kml:value>
</kml:Data>
<kml:Data name="pol_hght">
<kml:value>36</kml:value>
</kml:Data>
<kml:Data name="pole_type">
<kml:value>Steel Structure</kml:value>
</kml:Data>
<kml:Data name="eqp_type">
<kml:value>Primary Pole</kml:value>
</kml:Data>
<kml:Data name="eqp_number">
<kml:value/>
</kml:Data>
<kml:Data name="eqp_unit"/>
<kml:Data name="eqp_size">
<kml:value/>
</kml:Data>
<kml:Data name="eqp_phase">
<kml:value/>
</kml:Data>
<kml:Data name="eqp_use"/>
<kml:Data name="eqp_status">
<kml:value/>
</kml:Data>
<kml:Data name="trafo_mke"/>
<kml:Data name="consmr_nam">
<kml:value/>
</kml:Data>
<kml:Data name="trafo_loc">
<kml:value/>
</kml:Data>
<kml:Data name="trafo_mnt"/>
<kml:Data name="angle"/>
<kml:Data name="tap_pole"/>
<kml:Data name="end_type">
<kml:value/>
</kml:Data>
<kml:Data name="rs_con"/>
<kml:Data name="rs_con1">
<kml:value>0.0</kml:value>
</kml:Data>
<kml:Data name="rs_con3">
<kml:value>0.0</kml:value>
</kml:Data>
<kml:Data name="sc_con">
<kml:value>0.0</kml:value>
</kml:Data>
<kml:Data name="lc_con">
<kml:value>0.0</kml:value>
</kml:Data>
<kml:Data name="si_con">
<kml:value>0.0</kml:value>
</kml:Data>
<kml:Data name="li_con">
<kml:value>0.0</kml:value>
</kml:Data>
<kml:Data name="pb_con">
<kml:value>0.0</kml:value>
</kml:Data>
<kml:Data name="ag_con">
<kml:value>0.0</kml:value>
</kml:Data>
<kml:Data name="st_con">
<kml:value>0.0</kml:value>
</kml:Data>
<kml:Data name="remarks">
<kml:value/>
</kml:Data>
<kml:Data name="wo_id">
<kml:value>386</kml:value>
</kml:Data>
<kml:Data name="sequence">
<kml:value>59</kml:value>
</kml:Data>
</kml:ExtendedData>
<kml:Point>
<kml:coordinates>67.8772949642282,29.528812874057632</kml:coordinates>
</kml:Point>
</kml:Placemark>
<kml:Placemark id="equipment_materialized.419609">
<kml:ExtendedData>
<kml:Data name="section_id">
<kml:value>02001314110120068</kml:value>
</kml:Data>
<kml:Data name="feedercode">
<kml:value>020013</kml:value>
</kml:Data>
<kml:Data name="substation">
<kml:value>220 KV-SIBI</kml:value>
</kml:Data>
<kml:Data name="gps_no">
<kml:value>14110120063</kml:value>
</kml:Data>
<kml:Data name="s_e">
<kml:value/>
</kml:Data>
<kml:Data name="pole_phase">
<kml:value>R-Y-B</kml:value>
</kml:Data>
<kml:Data name="pole_use"/>
<kml:Data name="fdr_on_pol">
<kml:value>1.0</kml:value>
</kml:Data>
<kml:Data name="pol_hght">
<kml:value>36</kml:value>
</kml:Data>
<kml:Data name="pole_type">
<kml:value>Steel Structure</kml:value>
</kml:Data>
<kml:Data name="eqp_type">
<kml:value>Primary Pole</kml:value>
</kml:Data>
<kml:Data name="eqp_number">
<kml:value/>
</kml:Data>
<kml:Data name="eqp_unit"/>
<kml:Data name="eqp_size">
<kml:value/>
</kml:Data>
<kml:Data name="eqp_phase">
<kml:value/>
</kml:Data>
<kml:Data name="eqp_use"/>
<kml:Data name="eqp_status">
<kml:value/>
</kml:Data>
<kml:Data name="trafo_mke"/>
<kml:Data name="consmr_nam">
<kml:value/>
</kml:Data>
<kml:Data name="trafo_loc">
<kml:value/>
</kml:Data>
<kml:Data name="trafo_mnt"/>
<kml:Data name="angle"/>
<kml:Data name="tap_pole"/>
<kml:Data name="end_type">
<kml:value/>
</kml:Data>
<kml:Data name="rs_con"/>
<kml:Data name="rs_con1">
<kml:value>0.0</kml:value>
</kml:Data>
<kml:Data name="rs_con3">
<kml:value>0.0</kml:value>
</kml:Data>
<kml:Data name="sc_con">
<kml:value>0.0</kml:value>
</kml:Data>
<kml:Data name="lc_con">
<kml:value>0.0</kml:value>
</kml:Data>
<kml:Data name="si_con">
<kml:value>0.0</kml:value>
</kml:Data>
<kml:Data name="li_con">
<kml:value>0.0</kml:value>
</kml:Data>
<kml:Data name="pb_con">
<kml:value>0.0</kml:value>
</kml:Data>
<kml:Data name="ag_con">
<kml:value>0.0</kml:value>
</kml:Data>
<kml:Data name="st_con">
<kml:value>0.0</kml:value>
</kml:Data>
<kml:Data name="remarks">
<kml:value/>
</kml:Data>
<kml:Data name="wo_id">
<kml:value>386</kml:value>
</kml:Data>
<kml:Data name="sequence">
<kml:value>60</kml:value>
</kml:Data>
</kml:ExtendedData>
<kml:Point>
<kml:coordinates>67.87785505073403,29.529001881362632</kml:coordinates>
</kml:Point>
</kml:Placemark>
<kml:Placemark id="equipment_materialized.419610">
<kml:ExtendedData>
<kml:Data name="section_id">
<kml:value>02001314110120068</kml:value>
</kml:Data>
<kml:Data name="feedercode">
<kml:value>020013</kml:value>
</kml:Data>
<kml:Data name="substation">
<kml:value>220 KV-SIBI</kml:value>
</kml:Data>
<kml:Data name="gps_no">
<kml:value>14110120064</kml:value>
</kml:Data>
<kml:Data name="s_e">
<kml:value/>
</kml:Data>
<kml:Data name="pole_phase">
<kml:value>R-Y-B</kml:value>
</kml:Data>
<kml:Data name="pole_use"/>
<kml:Data name="fdr_on_pol">
<kml:value>1.0</kml:value>
</kml:Data>
<kml:Data name="pol_hght">
<kml:value>36</kml:value>
</kml:Data>
<kml:Data name="pole_type">
<kml:value>Steel Structure</kml:value>
</kml:Data>
<kml:Data name="eqp_type">
<kml:value>Primary Pole</kml:value>
</kml:Data>
<kml:Data name="eqp_number">
<kml:value/>
</kml:Data>
<kml:Data name="eqp_unit"/>
<kml:Data name="eqp_size">
<kml:value/>
</kml:Data>
<kml:Data name="eqp_phase">
<kml:value/>
</kml:Data>
<kml:Data name="eqp_use"/>
<kml:Data name="eqp_status">
<kml:value/>
</kml:Data>
<kml:Data name="trafo_mke"/>
<kml:Data name="consmr_nam">
<kml:value/>
</kml:Data>
<kml:Data name="trafo_loc">
<kml:value/>
</kml:Data>
<kml:Data name="trafo_mnt"/>
<kml:Data name="angle"/>
<kml:Data name="tap_pole"/>
<kml:Data name="end_type">
<kml:value/>
</kml:Data>
<kml:Data name="rs_con"/>
<kml:Data name="rs_con1">
<kml:value>0.0</kml:value>
</kml:Data>
<kml:Data name="rs_con3">
<kml:value>0.0</kml:value>
</kml:Data>
<kml:Data name="sc_con">
<kml:value>0.0</kml:value>
</kml:Data>
<kml:Data name="lc_con">
<kml:value>0.0</kml:value>
</kml:Data>
<kml:Data name="si_con">
<kml:value>0.0</kml:value>
</kml:Data>
<kml:Data name="li_con">
<kml:value>0.0</kml:value>
</kml:Data>
<kml:Data name="pb_con">
<kml:value>0.0</kml:value>
</kml:Data>
<kml:Data name="ag_con">
<kml:value>0.0</kml:value>
</kml:Data>
<kml:Data name="st_con">
<kml:value>0.0</kml:value>
</kml:Data>
<kml:Data name="remarks">
<kml:value/>
</kml:Data>
<kml:Data name="wo_id">
<kml:value>386</kml:value>
</kml:Data>
<kml:Data name="sequence">
<kml:value>61</kml:value>
</kml:Data>
</kml:ExtendedData>
<kml:Point>
<kml:coordinates>67.87840305180757,29.529182842917272</kml:coordinates>
</kml:Point>
</kml:Placemark>
<kml:Placemark id="equipment_materialized.419611">
<kml:ExtendedData>
<kml:Data name="section_id">
<kml:value>02001314110120068</kml:value>
</kml:Data>
<kml:Data name="feedercode">
<kml:value>020013</kml:value>
</kml:Data>
<kml:Data name="substation">
<kml:value>220 KV-SIBI</kml:value>
</kml:Data>
<kml:Data name="gps_no">
<kml:value>14110120065</kml:value>
</kml:Data>
<kml:Data name="s_e">
<kml:value/>
</kml:Data>
<kml:Data name="pole_phase">
<kml:value>R-Y-B</kml:value>
</kml:Data>
<kml:Data name="pole_use"/>
<kml:Data name="fdr_on_pol">
<kml:value>1.0</kml:value>
</kml:Data>
<kml:Data name="pol_hght">
<kml:value>36</kml:value>
</kml:Data>
<kml:Data name="pole_type">
<kml:value>Steel Structure</kml:value>
</kml:Data>
<kml:Data name="eqp_type">
<kml:value>Primary Pole</kml:value>
</kml:Data>
<kml:Data name="eqp_number">
<kml:value/>
</kml:Data>
<kml:Data name="eqp_unit"/>
<kml:Data name="eqp_size">
<kml:value/>
</kml:Data>
<kml:Data name="eqp_phase">
<kml:value/>
</kml:Data>
<kml:Data name="eqp_use"/>
<kml:Data name="eqp_status">
<kml:value/>
</kml:Data>
<kml:Data name="trafo_mke"/>
<kml:Data name="consmr_nam">
<kml:value/>
</kml:Data>
<kml:Data name="trafo_loc">
<kml:value/>
</kml:Data>
<kml:Data name="trafo_mnt"/>
<kml:Data name="angle"/>
<kml:Data name="tap_pole"/>
<kml:Data name="end_type">
<kml:value/>
</kml:Data>
<kml:Data name="rs_con"/>
<kml:Data name="rs_con1">
<kml:value>0.0</kml:value>
</kml:Data>
<kml:Data name="rs_con3">
<kml:value>0.0</kml:value>
</kml:Data>
<kml:Data name="sc_con">
<kml:value>0.0</kml:value>
</kml:Data>
<kml:Data name="lc_con">
<kml:value>0.0</kml:value>
</kml:Data>
<kml:Data name="si_con">
<kml:value>0.0</kml:value>
</kml:Data>
<kml:Data name="li_con">
<kml:value>0.0</kml:value>
</kml:Data>
<kml:Data name="pb_con">
<kml:value>0.0</kml:value>
</kml:Data>
<kml:Data name="ag_con">
<kml:value>0.0</kml:value>
</kml:Data>
<kml:Data name="st_con">
<kml:value>0.0</kml:value>
</kml:Data>
<kml:Data name="remarks">
<kml:value/>
</kml:Data>
<kml:Data name="wo_id">
<kml:value>386</kml:value>
</kml:Data>
<kml:Data name="sequence">
<kml:value>62</kml:value>
</kml:Data>
</kml:ExtendedData>
<kml:Point>
<kml:coordinates>67.87892698441236,29.529328855447538</kml:coordinates>
</kml:Point>
</kml:Placemark>
<kml:Placemark id="equipment_materialized.419612">
<kml:ExtendedData>
<kml:Data name="section_id">
<kml:value>02001314110120068</kml:value>
</kml:Data>
<kml:Data name="feedercode">
<kml:value>020013</kml:value>
</kml:Data>
<kml:Data name="substation">
<kml:value>220 KV-SIBI</kml:value>
</kml:Data>
<kml:Data name="gps_no">
<kml:value>14110120066</kml:value>
</kml:Data>
<kml:Data name="s_e">
<kml:value/>
</kml:Data>
<kml:Data name="pole_phase">
<kml:value>R-Y-B</kml:value>
</kml:Data>
<kml:Data name="pole_use"/>
<kml:Data name="fdr_on_pol">
<kml:value>1.0</kml:value>
</kml:Data>
<kml:Data name="pol_hght">
<kml:value>36</kml:value>
</kml:Data>
<kml:Data name="pole_type">
<kml:value>Steel Structure</kml:value>
</kml:Data>
<kml:Data name="eqp_type">
<kml:value>Primary Pole</kml:value>
</kml:Data>
<kml:Data name="eqp_number">
<kml:value/>
</kml:Data>
<kml:Data name="eqp_unit"/>
<kml:Data name="eqp_size">
<kml:value/>
</kml:Data>
<kml:Data name="eqp_phase">
<kml:value/>
</kml:Data>
<kml:Data name="eqp_use"/>
<kml:Data name="eqp_status">
<kml:value/>
</kml:Data>
<kml:Data name="trafo_mke"/>
<kml:Data name="consmr_nam">
<kml:value/>
</kml:Data>
<kml:Data name="trafo_loc">
<kml:value/>
</kml:Data>
<kml:Data name="trafo_mnt"/>
<kml:Data name="angle"/>
<kml:Data name="tap_pole"/>
<kml:Data name="end_type">
<kml:value/>
</kml:Data>
<kml:Data name="rs_con"/>
<kml:Data name="rs_con1">
<kml:value>0.0</kml:value>
</kml:Data>
<kml:Data name="rs_con3">
<kml:value>0.0</kml:value>
</kml:Data>
<kml:Data name="sc_con">
<kml:value>0.0</kml:value>
</kml:Data>
<kml:Data name="lc_con">
<kml:value>0.0</kml:value>
</kml:Data>
<kml:Data name="si_con">
<kml:value>0.0</kml:value>
</kml:Data>
<kml:Data name="li_con">
<kml:value>0.0</kml:value>
</kml:Data>
<kml:Data name="pb_con">
<kml:value>0.0</kml:value>
</kml:Data>
<kml:Data name="ag_con">
<kml:value>0.0</kml:value>
</kml:Data>
<kml:Data name="st_con">
<kml:value>0.0</kml:value>
</kml:Data>
<kml:Data name="remarks">
<kml:value/>
</kml:Data>
<kml:Data name="wo_id">
<kml:value>386</kml:value>
</kml:Data>
<kml:Data name="sequence">
<kml:value>63</kml:value>
</kml:Data>
</kml:ExtendedData>
<kml:Point>
<kml:coordinates>67.87913400979862,29.529391876923054</kml:coordinates>
</kml:Point>
</kml:Placemark>
<kml:Placemark id="equipment_materialized.419613">
<kml:ExtendedData>
<kml:Data name="section_id">
<kml:value>02001314110120068</kml:value>
</kml:Data>
<kml:Data name="feedercode">
<kml:value>020013</kml:value>
</kml:Data>
<kml:Data name="substation">
<kml:value>220 KV-SIBI</kml:value>
</kml:Data>
<kml:Data name="gps_no">
<kml:value>14110120067</kml:value>
</kml:Data>
<kml:Data name="s_e">
<kml:value/>
</kml:Data>
<kml:Data name="pole_phase">
<kml:value>R-Y-B</kml:value>
</kml:Data>
<kml:Data name="pole_use"/>
<kml:Data name="fdr_on_pol">
<kml:value>1.0</kml:value>
</kml:Data>
<kml:Data name="pol_hght">
<kml:value>36</kml:value>
</kml:Data>
<kml:Data name="pole_type">
<kml:value>Steel Structure</kml:value>
</kml:Data>
<kml:Data name="eqp_type">
<kml:value>Primary Pole</kml:value>
</kml:Data>
<kml:Data name="eqp_number">
<kml:value/>
</kml:Data>
<kml:Data name="eqp_unit"/>
<kml:Data name="eqp_size">
<kml:value/>
</kml:Data>
<kml:Data name="eqp_phase">
<kml:value/>
</kml:Data>
<kml:Data name="eqp_use"/>
<kml:Data name="eqp_status">
<kml:value/>
</kml:Data>
<kml:Data name="trafo_mke"/>
<kml:Data name="consmr_nam">
<kml:value/>
</kml:Data>
<kml:Data name="trafo_loc">
<kml:value/>
</kml:Data>
<kml:Data name="trafo_mnt"/>
<kml:Data name="angle"/>
<kml:Data name="tap_pole"/>
<kml:Data name="end_type">
<kml:value/>
</kml:Data>
<kml:Data name="rs_con"/>
<kml:Data name="rs_con1">
<kml:value>0.0</kml:value>
</kml:Data>
<kml:Data name="rs_con3">
<kml:value>0.0</kml:value>
</kml:Data>
<kml:Data name="sc_con">
<kml:value>0.0</kml:value>
</kml:Data>
<kml:Data name="lc_con">
<kml:value>0.0</kml:value>
</kml:Data>
<kml:Data name="si_con">
<kml:value>0.0</kml:value>
</kml:Data>
<kml:Data name="li_con">
<kml:value>0.0</kml:value>
</kml:Data>
<kml:Data name="pb_con">
<kml:value>0.0</kml:value>
</kml:Data>
<kml:Data name="ag_con">
<kml:value>0.0</kml:value>
</kml:Data>
<kml:Data name="st_con">
<kml:value>0.0</kml:value>
</kml:Data>
<kml:Data name="remarks">
<kml:value/>
</kml:Data>
<kml:Data name="wo_id">
<kml:value>386</kml:value>
</kml:Data>
<kml:Data name="sequence">
<kml:value>64</kml:value>
</kml:Data>
</kml:ExtendedData>
<kml:Point>
<kml:coordinates>67.88000300112198,29.52938891482396</kml:coordinates>
</kml:Point>
</kml:Placemark>
<kml:Placemark id="equipment_materialized.419614">
<kml:ExtendedData>
<kml:Data name="section_id">
<kml:value>02001314110120068</kml:value>
</kml:Data>
<kml:Data name="feedercode">
<kml:value>020013</kml:value>
</kml:Data>
<kml:Data name="substation">
<kml:value>220 KV-SIBI</kml:value>
</kml:Data>
<kml:Data name="gps_no">
<kml:value>14110120068</kml:value>
</kml:Data>
<kml:Data name="s_e">
<kml:value>E</kml:value>
</kml:Data>
<kml:Data name="pole_phase">
<kml:value>R-Y-B</kml:value>
</kml:Data>
<kml:Data name="pole_use"/>
<kml:Data name="fdr_on_pol">
<kml:value>1.0</kml:value>
</kml:Data>
<kml:Data name="pol_hght">
<kml:value>36</kml:value>
</kml:Data>
<kml:Data name="pole_type">
<kml:value>Steel Structure</kml:value>
</kml:Data>
<kml:Data name="eqp_type">
<kml:value>Primary Pole</kml:value>
</kml:Data>
<kml:Data name="eqp_number">
<kml:value/>
</kml:Data>
<kml:Data name="eqp_unit"/>
<kml:Data name="eqp_size">
<kml:value/>
</kml:Data>
<kml:Data name="eqp_phase">
<kml:value/>
</kml:Data>
<kml:Data name="eqp_use"/>
<kml:Data name="eqp_status">
<kml:value/>
</kml:Data>
<kml:Data name="trafo_mke"/>
<kml:Data name="consmr_nam">
<kml:value/>
</kml:Data>
<kml:Data name="trafo_loc">
<kml:value/>
</kml:Data>
<kml:Data name="trafo_mnt"/>
<kml:Data name="angle"/>
<kml:Data name="tap_pole"/>
<kml:Data name="end_type">
<kml:value/>
</kml:Data>
<kml:Data name="rs_con"/>
<kml:Data name="rs_con1">
<kml:value>0.0</kml:value>
</kml:Data>
<kml:Data name="rs_con3">
<kml:value>0.0</kml:value>
</kml:Data>
<kml:Data name="sc_con">
<kml:value>0.0</kml:value>
</kml:Data>
<kml:Data name="lc_con">
<kml:value>0.0</kml:value>
</kml:Data>
<kml:Data name="si_con">
<kml:value>0.0</kml:value>
</kml:Data>
<kml:Data name="li_con">
<kml:value>0.0</kml:value>
</kml:Data>
<kml:Data name="pb_con">
<kml:value>0.0</kml:value>
</kml:Data>
<kml:Data name="ag_con">
<kml:value>0.0</kml:value>
</kml:Data>
<kml:Data name="st_con">
<kml:value>0.0</kml:value>
</kml:Data>
<kml:Data name="remarks">
<kml:value/>
</kml:Data>
<kml:Data name="wo_id">
<kml:value>386</kml:value>
</kml:Data>
<kml:Data name="sequence"/>
</kml:ExtendedData>
<kml:Point>
<kml:coordinates>67.88071903093345,29.52940785158279</kml:coordinates>
</kml:Point>
</kml:Placemark>
<kml:Placemark id="equipment_materialized.419616">
<kml:ExtendedData>
<kml:Data name="section_id">
<kml:value>02001314110120069</kml:value>
</kml:Data>
<kml:Data name="feedercode">
<kml:value>020013</kml:value>
</kml:Data>
<kml:Data name="substation">
<kml:value>220 KV-SIBI</kml:value>
</kml:Data>
<kml:Data name="gps_no">
<kml:value>14110120069</kml:value>
</kml:Data>
<kml:Data name="s_e">
<kml:value>E</kml:value>
</kml:Data>
<kml:Data name="pole_phase">
<kml:value>R-Y-B</kml:value>
</kml:Data>
<kml:Data name="pole_use"/>
<kml:Data name="fdr_on_pol">
<kml:value>1.0</kml:value>
</kml:Data>
<kml:Data name="pol_hght">
<kml:value>36</kml:value>
</kml:Data>
<kml:Data name="pole_type">
<kml:value>Steel Structure</kml:value>
</kml:Data>
<kml:Data name="eqp_type">
<kml:value>Primary Pole</kml:value>
</kml:Data>
<kml:Data name="eqp_number">
<kml:value/>
</kml:Data>
<kml:Data name="eqp_unit"/>
<kml:Data name="eqp_size">
<kml:value/>
</kml:Data>
<kml:Data name="eqp_phase">
<kml:value/>
</kml:Data>
<kml:Data name="eqp_use"/>
<kml:Data name="eqp_status">
<kml:value/>
</kml:Data>
<kml:Data name="trafo_mke"/>
<kml:Data name="consmr_nam">
<kml:value/>
</kml:Data>
<kml:Data name="trafo_loc">
<kml:value/>
</kml:Data>
<kml:Data name="trafo_mnt"/>
<kml:Data name="angle"/>
<kml:Data name="tap_pole"/>
<kml:Data name="end_type">
<kml:value/>
</kml:Data>
<kml:Data name="rs_con"/>
<kml:Data name="rs_con1">
<kml:value>0.0</kml:value>
</kml:Data>
<kml:Data name="rs_con3">
<kml:value>0.0</kml:value>
</kml:Data>
<kml:Data name="sc_con">
<kml:value>0.0</kml:value>
</kml:Data>
<kml:Data name="lc_con">
<kml:value>0.0</kml:value>
</kml:Data>
<kml:Data name="si_con">
<kml:value>0.0</kml:value>
</kml:Data>
<kml:Data name="li_con">
<kml:value>0.0</kml:value>
</kml:Data>
<kml:Data name="pb_con">
<kml:value>0.0</kml:value>
</kml:Data>
<kml:Data name="ag_con">
<kml:value>0.0</kml:value>
</kml:Data>
<kml:Data name="st_con">
<kml:value>0.0</kml:value>
</kml:Data>
<kml:Data name="remarks">
<kml:value/>
</kml:Data>
<kml:Data name="wo_id">
<kml:value>386</kml:value>
</kml:Data>
<kml:Data name="sequence"/>
</kml:ExtendedData>
<kml:Point>
<kml:coordinates>67.88105703781704,29.529392919660918</kml:coordinates>
</kml:Point>
</kml:Placemark>
<kml:Placemark id="equipment_materialized.419618">
<kml:ExtendedData>
<kml:Data name="section_id">
<kml:value>02001314110120071</kml:value>
</kml:Data>
<kml:Data name="feedercode">
<kml:value>020013</kml:value>
</kml:Data>
<kml:Data name="substation">
<kml:value>220 KV-SIBI</kml:value>
</kml:Data>
<kml:Data name="gps_no">
<kml:value>14110120070</kml:value>
</kml:Data>
<kml:Data name="s_e">
<kml:value/>
</kml:Data>
<kml:Data name="pole_phase">
<kml:value>R-Y-B</kml:value>
</kml:Data>
<kml:Data name="pole_use"/>
<kml:Data name="fdr_on_pol">
<kml:value>1.0</kml:value>
</kml:Data>
<kml:Data name="pol_hght">
<kml:value>36</kml:value>
</kml:Data>
<kml:Data name="pole_type">
<kml:value>Steel Structure</kml:value>
</kml:Data>
<kml:Data name="eqp_type">
<kml:value>Primary Pole</kml:value>
</kml:Data>
<kml:Data name="eqp_number">
<kml:value/>
</kml:Data>
<kml:Data name="eqp_unit"/>
<kml:Data name="eqp_size">
<kml:value/>
</kml:Data>
<kml:Data name="eqp_phase">
<kml:value/>
</kml:Data>
<kml:Data name="eqp_use"/>
<kml:Data name="eqp_status">
<kml:value/>
</kml:Data>
<kml:Data name="trafo_mke"/>
<kml:Data name="consmr_nam">
<kml:value/>
</kml:Data>
<kml:Data name="trafo_loc">
<kml:value/>
</kml:Data>
<kml:Data name="trafo_mnt"/>
<kml:Data name="angle"/>
<kml:Data name="tap_pole"/>
<kml:Data name="end_type">
<kml:value/>
</kml:Data>
<kml:Data name="rs_con"/>
<kml:Data name="rs_con1">
<kml:value>0.0</kml:value>
</kml:Data>
<kml:Data name="rs_con3">
<kml:value>0.0</kml:value>
</kml:Data>
<kml:Data name="sc_con">
<kml:value>0.0</kml:value>
</kml:Data>
<kml:Data name="lc_con">
<kml:value>0.0</kml:value>
</kml:Data>
<kml:Data name="si_con">
<kml:value>0.0</kml:value>
</kml:Data>
<kml:Data name="li_con">
<kml:value>0.0</kml:value>
</kml:Data>
<kml:Data name="pb_con">
<kml:value>0.0</kml:value>
</kml:Data>
<kml:Data name="ag_con">
<kml:value>0.0</kml:value>
</kml:Data>
<kml:Data name="st_con">
<kml:value>0.0</kml:value>
</kml:Data>
<kml:Data name="remarks">
<kml:value/>
</kml:Data>
<kml:Data name="wo_id">
<kml:value>386</kml:value>
</kml:Data>
<kml:Data name="sequence">
<kml:value>0</kml:value>
</kml:Data>
</kml:ExtendedData>
<kml:Point>
<kml:coordinates>67.8815139983893,29.529595843413</kml:coordinates>
</kml:Point>
</kml:Placemark>
<kml:Placemark id="equipment_materialized.419619">
<kml:ExtendedData>
<kml:Data name="section_id">
<kml:value>02001314110120071</kml:value>
</kml:Data>
<kml:Data name="feedercode">
<kml:value>020013</kml:value>
</kml:Data>
<kml:Data name="substation">
<kml:value>220 KV-SIBI</kml:value>
</kml:Data>
<kml:Data name="gps_no">
<kml:value>14110120071</kml:value>
</kml:Data>
<kml:Data name="s_e">
<kml:value>E</kml:value>
</kml:Data>
<kml:Data name="pole_phase">
<kml:value>R-Y-B</kml:value>
</kml:Data>
<kml:Data name="pole_use"/>
<kml:Data name="fdr_on_pol">
<kml:value>1.0</kml:value>
</kml:Data>
<kml:Data name="pol_hght">
<kml:value>36</kml:value>
</kml:Data>
<kml:Data name="pole_type">
<kml:value>Steel Structure</kml:value>
</kml:Data>
<kml:Data name="eqp_type">
<kml:value>Primary Pole</kml:value>
</kml:Data>
<kml:Data name="eqp_number">
<kml:value/>
</kml:Data>
<kml:Data name="eqp_unit"/>
<kml:Data name="eqp_size">
<kml:value/>
</kml:Data>
<kml:Data name="eqp_phase">
<kml:value/>
</kml:Data>
<kml:Data name="eqp_use"/>
<kml:Data name="eqp_status">
<kml:value/>
</kml:Data>
<kml:Data name="trafo_mke"/>
<kml:Data name="consmr_nam">
<kml:value/>
</kml:Data>
<kml:Data name="trafo_loc">
<kml:value/>
</kml:Data>
<kml:Data name="trafo_mnt"/>
<kml:Data name="angle"/>
<kml:Data name="tap_pole"/>
<kml:Data name="end_type">
<kml:value/>
</kml:Data>
<kml:Data name="rs_con"/>
<kml:Data name="rs_con1">
<kml:value>0.0</kml:value>
</kml:Data>
<kml:Data name="rs_con3">
<kml:value>0.0</kml:value>
</kml:Data>
<kml:Data name="sc_con">
<kml:value>0.0</kml:value>
</kml:Data>
<kml:Data name="lc_con">
<kml:value>0.0</kml:value>
</kml:Data>
<kml:Data name="si_con">
<kml:value>0.0</kml:value>
</kml:Data>
<kml:Data name="li_con">
<kml:value>0.0</kml:value>
</kml:Data>
<kml:Data name="pb_con">
<kml:value>0.0</kml:value>
</kml:Data>
<kml:Data name="ag_con">
<kml:value>0.0</kml:value>
</kml:Data>
<kml:Data name="st_con">
<kml:value>0.0</kml:value>
</kml:Data>
<kml:Data name="remarks">
<kml:value/>
</kml:Data>
<kml:Data name="wo_id">
<kml:value>386</kml:value>
</kml:Data>
<kml:Data name="sequence"/>
</kml:ExtendedData>
<kml:Point>
<kml:coordinates>67.88199101362366,29.52977691487408</kml:coordinates>
</kml:Point>
</kml:Placemark>
<kml:Placemark id="equipment_materialized.419621">
<kml:ExtendedData>
<kml:Data name="section_id">
<kml:value>02001314110120073</kml:value>
</kml:Data>
<kml:Data name="feedercode">
<kml:value>020013</kml:value>
</kml:Data>
<kml:Data name="substation">
<kml:value>220 KV-SIBI</kml:value>
</kml:Data>
<kml:Data name="gps_no">
<kml:value>14110120072</kml:value>
</kml:Data>
<kml:Data name="s_e">
<kml:value/>
</kml:Data>
<kml:Data name="pole_phase">
<kml:value>R-Y-B</kml:value>
</kml:Data>
<kml:Data name="pole_use"/>
<kml:Data name="fdr_on_pol">
<kml:value>1.0</kml:value>
</kml:Data>
<kml:Data name="pol_hght">
<kml:value>36</kml:value>
</kml:Data>
<kml:Data name="pole_type">
<kml:value>Steel Structure</kml:value>
</kml:Data>
<kml:Data name="eqp_type">
<kml:value>Primary Pole</kml:value>
</kml:Data>
<kml:Data name="eqp_number">
<kml:value/>
</kml:Data>
<kml:Data name="eqp_unit"/>
<kml:Data name="eqp_size">
<kml:value/>
</kml:Data>
<kml:Data name="eqp_phase">
<kml:value/>
</kml:Data>
<kml:Data name="eqp_use"/>
<kml:Data name="eqp_status">
<kml:value/>
</kml:Data>
<kml:Data name="trafo_mke"/>
<kml:Data name="consmr_nam">
<kml:value/>
</kml:Data>
<kml:Data name="trafo_loc">
<kml:value/>
</kml:Data>
<kml:Data name="trafo_mnt"/>
<kml:Data name="angle"/>
<kml:Data name="tap_pole"/>
<kml:Data name="end_type">
<kml:value/>
</kml:Data>
<kml:Data name="rs_con"/>
<kml:Data name="rs_con1">
<kml:value>0.0</kml:value>
</kml:Data>
<kml:Data name="rs_con3">
<kml:value>0.0</kml:value>
</kml:Data>
<kml:Data name="sc_con">
<kml:value>0.0</kml:value>
</kml:Data>
<kml:Data name="lc_con">
<kml:value>0.0</kml:value>
</kml:Data>
<kml:Data name="si_con">
<kml:value>0.0</kml:value>
</kml:Data>
<kml:Data name="li_con">
<kml:value>0.0</kml:value>
</kml:Data>
<kml:Data name="pb_con">
<kml:value>0.0</kml:value>
</kml:Data>
<kml:Data name="ag_con">
<kml:value>0.0</kml:value>
</kml:Data>
<kml:Data name="st_con">
<kml:value>0.0</kml:value>
</kml:Data>
<kml:Data name="remarks">
<kml:value/>
</kml:Data>
<kml:Data name="wo_id">
<kml:value>386</kml:value>
</kml:Data>
<kml:Data name="sequence">
<kml:value>0</kml:value>
</kml:Data>
</kml:ExtendedData>
<kml:Point>
<kml:coordinates>67.88246698299696,29.530043887794655</kml:coordinates>
</kml:Point>
</kml:Placemark>
<kml:Placemark id="equipment_materialized.419622">
<kml:ExtendedData>
<kml:Data name="section_id">
<kml:value>02001314110120073</kml:value>
</kml:Data>
<kml:Data name="feedercode">
<kml:value>020013</kml:value>
</kml:Data>
<kml:Data name="substation">
<kml:value>220 KV-SIBI</kml:value>
</kml:Data>
<kml:Data name="gps_no">
<kml:value>14110120073</kml:value>
</kml:Data>
<kml:Data name="s_e">
<kml:value>E</kml:value>
</kml:Data>
<kml:Data name="pole_phase">
<kml:value>R-Y-B</kml:value>
</kml:Data>
<kml:Data name="pole_use"/>
<kml:Data name="fdr_on_pol">
<kml:value>1.0</kml:value>
</kml:Data>
<kml:Data name="pol_hght">
<kml:value>36</kml:value>
</kml:Data>
<kml:Data name="pole_type">
<kml:value>Steel Structure</kml:value>
</kml:Data>
<kml:Data name="eqp_type">
<kml:value>Primary Pole</kml:value>
</kml:Data>
<kml:Data name="eqp_number">
<kml:value/>
</kml:Data>
<kml:Data name="eqp_unit"/>
<kml:Data name="eqp_size">
<kml:value/>
</kml:Data>
<kml:Data name="eqp_phase">
<kml:value/>
</kml:Data>
<kml:Data name="eqp_use"/>
<kml:Data name="eqp_status">
<kml:value/>
</kml:Data>
<kml:Data name="trafo_mke"/>
<kml:Data name="consmr_nam">
<kml:value/>
</kml:Data>
<kml:Data name="trafo_loc">
<kml:value/>
</kml:Data>
<kml:Data name="trafo_mnt"/>
<kml:Data name="angle"/>
<kml:Data name="tap_pole"/>
<kml:Data name="end_type">
<kml:value/>
</kml:Data>
<kml:Data name="rs_con"/>
<kml:Data name="rs_con1">
<kml:value>0.0</kml:value>
</kml:Data>
<kml:Data name="rs_con3">
<kml:value>0.0</kml:value>
</kml:Data>
<kml:Data name="sc_con">
<kml:value>0.0</kml:value>
</kml:Data>
<kml:Data name="lc_con">
<kml:value>0.0</kml:value>
</kml:Data>
<kml:Data name="si_con">
<kml:value>0.0</kml:value>
</kml:Data>
<kml:Data name="li_con">
<kml:value>0.0</kml:value>
</kml:Data>
<kml:Data name="pb_con">
<kml:value>0.0</kml:value>
</kml:Data>
<kml:Data name="ag_con">
<kml:value>0.0</kml:value>
</kml:Data>
<kml:Data name="st_con">
<kml:value>0.0</kml:value>
</kml:Data>
<kml:Data name="remarks">
<kml:value/>
</kml:Data>
<kml:Data name="wo_id">
<kml:value>386</kml:value>
</kml:Data>
<kml:Data name="sequence"/>
</kml:ExtendedData>
<kml:Point>
<kml:coordinates>67.88300598991232,29.53020887207524</kml:coordinates>
</kml:Point>
</kml:Placemark>
<kml:Placemark id="equipment_materialized.419624">
<kml:ExtendedData>
<kml:Data name="section_id">
<kml:value>02001314110120074</kml:value>
</kml:Data>
<kml:Data name="feedercode">
<kml:value>020013</kml:value>
</kml:Data>
<kml:Data name="substation">
<kml:value>220 KV-SIBI</kml:value>
</kml:Data>
<kml:Data name="gps_no">
<kml:value>14110120074</kml:value>
</kml:Data>
<kml:Data name="s_e">
<kml:value>E</kml:value>
</kml:Data>
<kml:Data name="pole_phase">
<kml:value>R-Y-B</kml:value>
</kml:Data>
<kml:Data name="pole_use"/>
<kml:Data name="fdr_on_pol">
<kml:value>1.0</kml:value>
</kml:Data>
<kml:Data name="pol_hght">
<kml:value>36</kml:value>
</kml:Data>
<kml:Data name="pole_type">
<kml:value>Steel Structure</kml:value>
</kml:Data>
<kml:Data name="eqp_type">
<kml:value>Primary Pole</kml:value>
</kml:Data>
<kml:Data name="eqp_number">
<kml:value/>
</kml:Data>
<kml:Data name="eqp_unit"/>
<kml:Data name="eqp_size">
<kml:value/>
</kml:Data>
<kml:Data name="eqp_phase">
<kml:value/>
</kml:Data>
<kml:Data name="eqp_use"/>
<kml:Data name="eqp_status">
<kml:value/>
</kml:Data>
<kml:Data name="trafo_mke"/>
<kml:Data name="consmr_nam">
<kml:value/>
</kml:Data>
<kml:Data name="trafo_loc">
<kml:value/>
</kml:Data>
<kml:Data name="trafo_mnt"/>
<kml:Data name="angle"/>
<kml:Data name="tap_pole"/>
<kml:Data name="end_type">
<kml:value/>
</kml:Data>
<kml:Data name="rs_con"/>
<kml:Data name="rs_con1">
<kml:value>0.0</kml:value>
</kml:Data>
<kml:Data name="rs_con3">
<kml:value>0.0</kml:value>
</kml:Data>
<kml:Data name="sc_con">
<kml:value>0.0</kml:value>
</kml:Data>
<kml:Data name="lc_con">
<kml:value>0.0</kml:value>
</kml:Data>
<kml:Data name="si_con">
<kml:value>0.0</kml:value>
</kml:Data>
<kml:Data name="li_con">
<kml:value>0.0</kml:value>
</kml:Data>
<kml:Data name="pb_con">
<kml:value>0.0</kml:value>
</kml:Data>
<kml:Data name="ag_con">
<kml:value>0.0</kml:value>
</kml:Data>
<kml:Data name="st_con">
<kml:value>0.0</kml:value>
</kml:Data>
<kml:Data name="remarks">
<kml:value/>
</kml:Data>
<kml:Data name="wo_id">
<kml:value>386</kml:value>
</kml:Data>
<kml:Data name="sequence"/>
</kml:ExtendedData>
<kml:Point>
<kml:coordinates>67.88343100536868,29.530464854855637</kml:coordinates>
</kml:Point>
</kml:Placemark>
<kml:Placemark id="equipment_materialized.419626">
<kml:ExtendedData>
<kml:Data name="section_id">
<kml:value>02001314110120075</kml:value>
</kml:Data>
<kml:Data name="feedercode">
<kml:value>020013</kml:value>
</kml:Data>
<kml:Data name="substation">
<kml:value>220 KV-SIBI</kml:value>
</kml:Data>
<kml:Data name="gps_no">
<kml:value>14110120075</kml:value>
</kml:Data>
<kml:Data name="s_e">
<kml:value>E</kml:value>
</kml:Data>
<kml:Data name="pole_phase">
<kml:value>R-Y-B</kml:value>
</kml:Data>
<kml:Data name="pole_use"/>
<kml:Data name="fdr_on_pol">
<kml:value>1.0</kml:value>
</kml:Data>
<kml:Data name="pol_hght">
<kml:value>36</kml:value>
</kml:Data>
<kml:Data name="pole_type">
<kml:value>Steel Structure</kml:value>
</kml:Data>
<kml:Data name="eqp_type">
<kml:value>Primary Pole</kml:value>
</kml:Data>
<kml:Data name="eqp_number">
<kml:value/>
</kml:Data>
<kml:Data name="eqp_unit"/>
<kml:Data name="eqp_size">
<kml:value/>
</kml:Data>
<kml:Data name="eqp_phase">
<kml:value/>
</kml:Data>
<kml:Data name="eqp_use"/>
<kml:Data name="eqp_status">
<kml:value/>
</kml:Data>
<kml:Data name="trafo_mke"/>
<kml:Data name="consmr_nam">
<kml:value/>
</kml:Data>
<kml:Data name="trafo_loc">
<kml:value/>
</kml:Data>
<kml:Data name="trafo_mnt"/>
<kml:Data name="angle"/>
<kml:Data name="tap_pole"/>
<kml:Data name="end_type">
<kml:value/>
</kml:Data>
<kml:Data name="rs_con"/>
<kml:Data name="rs_con1">
<kml:value>0.0</kml:value>
</kml:Data>
<kml:Data name="rs_con3">
<kml:value>0.0</kml:value>
</kml:Data>
<kml:Data name="sc_con">
<kml:value>0.0</kml:value>
</kml:Data>
<kml:Data name="lc_con">
<kml:value>0.0</kml:value>
</kml:Data>
<kml:Data name="si_con">
<kml:value>0.0</kml:value>
</kml:Data>
<kml:Data name="li_con">
<kml:value>0.0</kml:value>
</kml:Data>
<kml:Data name="pb_con">
<kml:value>0.0</kml:value>
</kml:Data>
<kml:Data name="ag_con">
<kml:value>0.0</kml:value>
</kml:Data>
<kml:Data name="st_con">
<kml:value>0.0</kml:value>
</kml:Data>
<kml:Data name="remarks">
<kml:value/>
</kml:Data>
<kml:Data name="wo_id">
<kml:value>386</kml:value>
</kml:Data>
<kml:Data name="sequence"/>
</kml:ExtendedData>
<kml:Point>
<kml:coordinates>67.88383695629642,29.5306529032193</kml:coordinates>
</kml:Point>
</kml:Placemark>
<kml:Placemark id="equipment_materialized.419628">
<kml:ExtendedData>
<kml:Data name="section_id">
<kml:value>02001314130120077</kml:value>
</kml:Data>
<kml:Data name="feedercode">
<kml:value>020013</kml:value>
</kml:Data>
<kml:Data name="substation">
<kml:value>220 KV-SIBI</kml:value>
</kml:Data>
<kml:Data name="gps_no">
<kml:value>14130120076</kml:value>
</kml:Data>
<kml:Data name="s_e">
<kml:value/>
</kml:Data>
<kml:Data name="pole_phase">
<kml:value>R-Y-B</kml:value>
</kml:Data>
<kml:Data name="pole_use"/>
<kml:Data name="fdr_on_pol">
<kml:value>1.0</kml:value>
</kml:Data>
<kml:Data name="pol_hght">
<kml:value>36</kml:value>
</kml:Data>
<kml:Data name="pole_type">
<kml:value>Steel Structure</kml:value>
</kml:Data>
<kml:Data name="eqp_type">
<kml:value>Primary Pole</kml:value>
</kml:Data>
<kml:Data name="eqp_number">
<kml:value/>
</kml:Data>
<kml:Data name="eqp_unit"/>
<kml:Data name="eqp_size">
<kml:value/>
</kml:Data>
<kml:Data name="eqp_phase">
<kml:value/>
</kml:Data>
<kml:Data name="eqp_use"/>
<kml:Data name="eqp_status">
<kml:value/>
</kml:Data>
<kml:Data name="trafo_mke"/>
<kml:Data name="consmr_nam">
<kml:value/>
</kml:Data>
<kml:Data name="trafo_loc">
<kml:value/>
</kml:Data>
<kml:Data name="trafo_mnt"/>
<kml:Data name="angle"/>
<kml:Data name="tap_pole"/>
<kml:Data name="end_type">
<kml:value/>
</kml:Data>
<kml:Data name="rs_con"/>
<kml:Data name="rs_con1">
<kml:value>0.0</kml:value>
</kml:Data>
<kml:Data name="rs_con3">
<kml:value>0.0</kml:value>
</kml:Data>
<kml:Data name="sc_con">
<kml:value>0.0</kml:value>
</kml:Data>
<kml:Data name="lc_con">
<kml:value>0.0</kml:value>
</kml:Data>
<kml:Data name="si_con">
<kml:value>0.0</kml:value>
</kml:Data>
<kml:Data name="li_con">
<kml:value>0.0</kml:value>
</kml:Data>
<kml:Data name="pb_con">
<kml:value>0.0</kml:value>
</kml:Data>
<kml:Data name="ag_con">
<kml:value>0.0</kml:value>
</kml:Data>
<kml:Data name="st_con">
<kml:value>0.0</kml:value>
</kml:Data>
<kml:Data name="remarks">
<kml:value/>
</kml:Data>
<kml:Data name="wo_id">
<kml:value>386</kml:value>
</kml:Data>
<kml:Data name="sequence">
<kml:value>0</kml:value>
</kml:Data>
</kml:ExtendedData>
<kml:Point>
<kml:coordinates>67.8842020523365,29.53092489494476</kml:coordinates>
</kml:Point>
</kml:Placemark>
<kml:Placemark id="equipment_materialized.419629">
<kml:ExtendedData>
<kml:Data name="section_id">
<kml:value>02001314130120077</kml:value>
</kml:Data>
<kml:Data name="feedercode">
<kml:value>020013</kml:value>
</kml:Data>
<kml:Data name="substation">
<kml:value>220 KV-SIBI</kml:value>
</kml:Data>
<kml:Data name="gps_no">
<kml:value>14130120077</kml:value>
</kml:Data>
<kml:Data name="s_e">
<kml:value>E</kml:value>
</kml:Data>
<kml:Data name="pole_phase">
<kml:value>R-Y-B</kml:value>
</kml:Data>
<kml:Data name="pole_use"/>
<kml:Data name="fdr_on_pol">
<kml:value>1.0</kml:value>
</kml:Data>
<kml:Data name="pol_hght">
<kml:value>36</kml:value>
</kml:Data>
<kml:Data name="pole_type">
<kml:value>Steel Structure</kml:value>
</kml:Data>
<kml:Data name="eqp_type">
<kml:value>Primary Pole</kml:value>
</kml:Data>
<kml:Data name="eqp_number">
<kml:value/>
</kml:Data>
<kml:Data name="eqp_unit"/>
<kml:Data name="eqp_size">
<kml:value/>
</kml:Data>
<kml:Data name="eqp_phase">
<kml:value/>
</kml:Data>
<kml:Data name="eqp_use"/>
<kml:Data name="eqp_status">
<kml:value/>
</kml:Data>
<kml:Data name="trafo_mke"/>
<kml:Data name="consmr_nam">
<kml:value/>
</kml:Data>
<kml:Data name="trafo_loc">
<kml:value/>
</kml:Data>
<kml:Data name="trafo_mnt"/>
<kml:Data name="angle"/>
<kml:Data name="tap_pole"/>
<kml:Data name="end_type">
<kml:value/>
</kml:Data>
<kml:Data name="rs_con"/>
<kml:Data name="rs_con1">
<kml:value>0.0</kml:value>
</kml:Data>
<kml:Data name="rs_con3">
<kml:value>0.0</kml:value>
</kml:Data>
<kml:Data name="sc_con">
<kml:value>0.0</kml:value>
</kml:Data>
<kml:Data name="lc_con">
<kml:value>0.0</kml:value>
</kml:Data>
<kml:Data name="si_con">
<kml:value>0.0</kml:value>
</kml:Data>
<kml:Data name="li_con">
<kml:value>0.0</kml:value>
</kml:Data>
<kml:Data name="pb_con">
<kml:value>0.0</kml:value>
</kml:Data>
<kml:Data name="ag_con">
<kml:value>0.0</kml:value>
</kml:Data>
<kml:Data name="st_con">
<kml:value>0.0</kml:value>
</kml:Data>
<kml:Data name="remarks">
<kml:value/>
</kml:Data>
<kml:Data name="wo_id">
<kml:value>386</kml:value>
</kml:Data>
<kml:Data name="sequence"/>
</kml:ExtendedData>
<kml:Point>
<kml:coordinates>67.88480996147126,29.53108386268339</kml:coordinates>
</kml:Point>
</kml:Placemark>
<kml:Placemark id="equipment_materialized.419631">
<kml:ExtendedData>
<kml:Data name="section_id">
<kml:value>02001314130120078</kml:value>
</kml:Data>
<kml:Data name="feedercode">
<kml:value>020013</kml:value>
</kml:Data>
<kml:Data name="substation">
<kml:value>220 KV-SIBI</kml:value>
</kml:Data>
<kml:Data name="gps_no">
<kml:value>14130120078</kml:value>
</kml:Data>
<kml:Data name="s_e">
<kml:value>E</kml:value>
</kml:Data>
<kml:Data name="pole_phase">
<kml:value>R-Y-B</kml:value>
</kml:Data>
<kml:Data name="pole_use"/>
<kml:Data name="fdr_on_pol">
<kml:value>1.0</kml:value>
</kml:Data>
<kml:Data name="pol_hght">
<kml:value>36</kml:value>
</kml:Data>
<kml:Data name="pole_type">
<kml:value>Steel Structure</kml:value>
</kml:Data>
<kml:Data name="eqp_type">
<kml:value>Primary Pole</kml:value>
</kml:Data>
<kml:Data name="eqp_number">
<kml:value/>
</kml:Data>
<kml:Data name="eqp_unit"/>
<kml:Data name="eqp_size">
<kml:value/>
</kml:Data>
<kml:Data name="eqp_phase">
<kml:value/>
</kml:Data>
<kml:Data name="eqp_use"/>
<kml:Data name="eqp_status">
<kml:value/>
</kml:Data>
<kml:Data name="trafo_mke"/>
<kml:Data name="consmr_nam">
<kml:value/>
</kml:Data>
<kml:Data name="trafo_loc">
<kml:value/>
</kml:Data>
<kml:Data name="trafo_mnt"/>
<kml:Data name="angle"/>
<kml:Data name="tap_pole"/>
<kml:Data name="end_type">
<kml:value/>
</kml:Data>
<kml:Data name="rs_con"/>
<kml:Data name="rs_con1">
<kml:value>0.0</kml:value>
</kml:Data>
<kml:Data name="rs_con3">
<kml:value>0.0</kml:value>
</kml:Data>
<kml:Data name="sc_con">
<kml:value>0.0</kml:value>
</kml:Data>
<kml:Data name="lc_con">
<kml:value>0.0</kml:value>
</kml:Data>
<kml:Data name="si_con">
<kml:value>0.0</kml:value>
</kml:Data>
<kml:Data name="li_con">
<kml:value>0.0</kml:value>
</kml:Data>
<kml:Data name="pb_con">
<kml:value>0.0</kml:value>
</kml:Data>
<kml:Data name="ag_con">
<kml:value>0.0</kml:value>
</kml:Data>
<kml:Data name="st_con">
<kml:value>0.0</kml:value>
</kml:Data>
<kml:Data name="remarks">
<kml:value/>
</kml:Data>
<kml:Data name="wo_id">
<kml:value>386</kml:value>
</kml:Data>
<kml:Data name="sequence"/>
</kml:ExtendedData>
<kml:Point>
<kml:coordinates>67.88533400407458,29.531296902210922</kml:coordinates>
</kml:Point>
</kml:Placemark>
<kml:Placemark id="equipment_materialized.419633">
<kml:ExtendedData>
<kml:Data name="section_id">
<kml:value>02001314130120080</kml:value>
</kml:Data>
<kml:Data name="feedercode">
<kml:value>020013</kml:value>
</kml:Data>
<kml:Data name="substation">
<kml:value>220 KV-SIBI</kml:value>
</kml:Data>
<kml:Data name="gps_no">
<kml:value>14130120079</kml:value>
</kml:Data>
<kml:Data name="s_e">
<kml:value/>
</kml:Data>
<kml:Data name="pole_phase">
<kml:value>R-Y-B</kml:value>
</kml:Data>
<kml:Data name="pole_use"/>
<kml:Data name="fdr_on_pol">
<kml:value>1.0</kml:value>
</kml:Data>
<kml:Data name="pol_hght">
<kml:value>36</kml:value>
</kml:Data>
<kml:Data name="pole_type">
<kml:value>Steel Structure</kml:value>
</kml:Data>
<kml:Data name="eqp_type">
<kml:value>Primary Pole</kml:value>
</kml:Data>
<kml:Data name="eqp_number">
<kml:value/>
</kml:Data>
<kml:Data name="eqp_unit"/>
<kml:Data name="eqp_size">
<kml:value/>
</kml:Data>
<kml:Data name="eqp_phase">
<kml:value/>
</kml:Data>
<kml:Data name="eqp_use"/>
<kml:Data name="eqp_status">
<kml:value/>
</kml:Data>
<kml:Data name="trafo_mke"/>
<kml:Data name="consmr_nam">
<kml:value/>
</kml:Data>
<kml:Data name="trafo_loc">
<kml:value/>
</kml:Data>
<kml:Data name="trafo_mnt"/>
<kml:Data name="angle"/>
<kml:Data name="tap_pole"/>
<kml:Data name="end_type">
<kml:value/>
</kml:Data>
<kml:Data name="rs_con"/>
<kml:Data name="rs_con1">
<kml:value>0.0</kml:value>
</kml:Data>
<kml:Data name="rs_con3">
<kml:value>0.0</kml:value>
</kml:Data>
<kml:Data name="sc_con">
<kml:value>0.0</kml:value>
</kml:Data>
<kml:Data name="lc_con">
<kml:value>0.0</kml:value>
</kml:Data>
<kml:Data name="si_con">
<kml:value>0.0</kml:value>
</kml:Data>
<kml:Data name="li_con">
<kml:value>0.0</kml:value>
</kml:Data>
<kml:Data name="pb_con">
<kml:value>0.0</kml:value>
</kml:Data>
<kml:Data name="ag_con">
<kml:value>0.0</kml:value>
</kml:Data>
<kml:Data name="st_con">
<kml:value>0.0</kml:value>
</kml:Data>
<kml:Data name="remarks">
<kml:value/>
</kml:Data>
<kml:Data name="wo_id">
<kml:value>386</kml:value>
</kml:Data>
<kml:Data name="sequence">
<kml:value>0</kml:value>
</kml:Data>
</kml:ExtendedData>
<kml:Point>
<kml:coordinates>67.88582900979009,29.53156086444096</kml:coordinates>
</kml:Point>
</kml:Placemark>
<kml:Placemark id="equipment_materialized.419634">
<kml:ExtendedData>
<kml:Data name="section_id">
<kml:value>02001314130120080</kml:value>
</kml:Data>
<kml:Data name="feedercode">
<kml:value>020013</kml:value>
</kml:Data>
<kml:Data name="substation">
<kml:value>220 KV-SIBI</kml:value>
</kml:Data>
<kml:Data name="gps_no">
<kml:value>14130120080</kml:value>
</kml:Data>
<kml:Data name="s_e">
<kml:value>E</kml:value>
</kml:Data>
<kml:Data name="pole_phase">
<kml:value>R-Y-B</kml:value>
</kml:Data>
<kml:Data name="pole_use"/>
<kml:Data name="fdr_on_pol">
<kml:value>1.0</kml:value>
</kml:Data>
<kml:Data name="pol_hght">
<kml:value>36</kml:value>
</kml:Data>
<kml:Data name="pole_type">
<kml:value>Steel Structure</kml:value>
</kml:Data>
<kml:Data name="eqp_type">
<kml:value>Primary Pole</kml:value>
</kml:Data>
<kml:Data name="eqp_number">
<kml:value/>
</kml:Data>
<kml:Data name="eqp_unit"/>
<kml:Data name="eqp_size">
<kml:value/>
</kml:Data>
<kml:Data name="eqp_phase">
<kml:value/>
</kml:Data>
<kml:Data name="eqp_use"/>
<kml:Data name="eqp_status">
<kml:value/>
</kml:Data>
<kml:Data name="trafo_mke"/>
<kml:Data name="consmr_nam">
<kml:value/>
</kml:Data>
<kml:Data name="trafo_loc">
<kml:value/>
</kml:Data>
<kml:Data name="trafo_mnt"/>
<kml:Data name="angle"/>
<kml:Data name="tap_pole"/>
<kml:Data name="end_type">
<kml:value/>
</kml:Data>
<kml:Data name="rs_con"/>
<kml:Data name="rs_con1">
<kml:value>0.0</kml:value>
</kml:Data>
<kml:Data name="rs_con3">
<kml:value>0.0</kml:value>
</kml:Data>
<kml:Data name="sc_con">
<kml:value>0.0</kml:value>
</kml:Data>
<kml:Data name="lc_con">
<kml:value>0.0</kml:value>
</kml:Data>
<kml:Data name="si_con">
<kml:value>0.0</kml:value>
</kml:Data>
<kml:Data name="li_con">
<kml:value>0.0</kml:value>
</kml:Data>
<kml:Data name="pb_con">
<kml:value>0.0</kml:value>
</kml:Data>
<kml:Data name="ag_con">
<kml:value>0.0</kml:value>
</kml:Data>
<kml:Data name="st_con">
<kml:value>0.0</kml:value>
</kml:Data>
<kml:Data name="remarks">
<kml:value/>
</kml:Data>
<kml:Data name="wo_id">
<kml:value>386</kml:value>
</kml:Data>
<kml:Data name="sequence"/>
</kml:ExtendedData>
<kml:Point>
<kml:coordinates>67.88627796589863,29.531770924476337</kml:coordinates>
</kml:Point>
</kml:Placemark>
<kml:Placemark id="equipment_materialized.419636">
<kml:ExtendedData>
<kml:Data name="section_id">
<kml:value>02001314130120082</kml:value>
</kml:Data>
<kml:Data name="feedercode">
<kml:value>020013</kml:value>
</kml:Data>
<kml:Data name="substation">
<kml:value>220 KV-SIBI</kml:value>
</kml:Data>
<kml:Data name="gps_no">
<kml:value>14130120081</kml:value>
</kml:Data>
<kml:Data name="s_e">
<kml:value/>
</kml:Data>
<kml:Data name="pole_phase">
<kml:value>R-Y-B</kml:value>
</kml:Data>
<kml:Data name="pole_use"/>
<kml:Data name="fdr_on_pol">
<kml:value>1.0</kml:value>
</kml:Data>
<kml:Data name="pol_hght">
<kml:value>36</kml:value>
</kml:Data>
<kml:Data name="pole_type">
<kml:value>Steel Structure</kml:value>
</kml:Data>
<kml:Data name="eqp_type">
<kml:value>Primary Pole</kml:value>
</kml:Data>
<kml:Data name="eqp_number">
<kml:value/>
</kml:Data>
<kml:Data name="eqp_unit"/>
<kml:Data name="eqp_size">
<kml:value/>
</kml:Data>
<kml:Data name="eqp_phase">
<kml:value/>
</kml:Data>
<kml:Data name="eqp_use"/>
<kml:Data name="eqp_status">
<kml:value/>
</kml:Data>
<kml:Data name="trafo_mke"/>
<kml:Data name="consmr_nam">
<kml:value/>
</kml:Data>
<kml:Data name="trafo_loc">
<kml:value/>
</kml:Data>
<kml:Data name="trafo_mnt"/>
<kml:Data name="angle"/>
<kml:Data name="tap_pole"/>
<kml:Data name="end_type">
<kml:value/>
</kml:Data>
<kml:Data name="rs_con"/>
<kml:Data name="rs_con1">
<kml:value>0.0</kml:value>
</kml:Data>
<kml:Data name="rs_con3">
<kml:value>0.0</kml:value>
</kml:Data>
<kml:Data name="sc_con">
<kml:value>0.0</kml:value>
</kml:Data>
<kml:Data name="lc_con">
<kml:value>0.0</kml:value>
</kml:Data>
<kml:Data name="si_con">
<kml:value>0.0</kml:value>
</kml:Data>
<kml:Data name="li_con">
<kml:value>0.0</kml:value>
</kml:Data>
<kml:Data name="pb_con">
<kml:value>0.0</kml:value>
</kml:Data>
<kml:Data name="ag_con">
<kml:value>0.0</kml:value>
</kml:Data>
<kml:Data name="st_con">
<kml:value>0.0</kml:value>
</kml:Data>
<kml:Data name="remarks">
<kml:value/>
</kml:Data>
<kml:Data name="wo_id">
<kml:value>386</kml:value>
</kml:Data>
<kml:Data name="sequence">
<kml:value>0</kml:value>
</kml:Data>
</kml:ExtendedData>
<kml:Point>
<kml:coordinates>67.88671804267443,29.53194390873414</kml:coordinates>
</kml:Point>
</kml:Placemark>
<kml:Placemark id="equipment_materialized.419637">
<kml:ExtendedData>
<kml:Data name="section_id">
<kml:value>02001314130120082</kml:value>
</kml:Data>
<kml:Data name="feedercode">
<kml:value>020013</kml:value>
</kml:Data>
<kml:Data name="substation">
<kml:value>220 KV-SIBI</kml:value>
</kml:Data>
<kml:Data name="gps_no">
<kml:value>14130120082</kml:value>
</kml:Data>
<kml:Data name="s_e">
<kml:value>E</kml:value>
</kml:Data>
<kml:Data name="pole_phase">
<kml:value>R-Y-B</kml:value>
</kml:Data>
<kml:Data name="pole_use"/>
<kml:Data name="fdr_on_pol">
<kml:value>1.0</kml:value>
</kml:Data>
<kml:Data name="pol_hght">
<kml:value>36</kml:value>
</kml:Data>
<kml:Data name="pole_type">
<kml:value>Steel Structure</kml:value>
</kml:Data>
<kml:Data name="eqp_type">
<kml:value>Primary Pole</kml:value>
</kml:Data>
<kml:Data name="eqp_number">
<kml:value/>
</kml:Data>
<kml:Data name="eqp_unit"/>
<kml:Data name="eqp_size">
<kml:value/>
</kml:Data>
<kml:Data name="eqp_phase">
<kml:value/>
</kml:Data>
<kml:Data name="eqp_use"/>
<kml:Data name="eqp_status">
<kml:value/>
</kml:Data>
<kml:Data name="trafo_mke"/>
<kml:Data name="consmr_nam">
<kml:value/>
</kml:Data>
<kml:Data name="trafo_loc">
<kml:value/>
</kml:Data>
<kml:Data name="trafo_mnt"/>
<kml:Data name="angle"/>
<kml:Data name="tap_pole"/>
<kml:Data name="end_type">
<kml:value/>
</kml:Data>
<kml:Data name="rs_con"/>
<kml:Data name="rs_con1">
<kml:value>0.0</kml:value>
</kml:Data>
<kml:Data name="rs_con3">
<kml:value>0.0</kml:value>
</kml:Data>
<kml:Data name="sc_con">
<kml:value>0.0</kml:value>
</kml:Data>
<kml:Data name="lc_con">
<kml:value>0.0</kml:value>
</kml:Data>
<kml:Data name="si_con">
<kml:value>0.0</kml:value>
</kml:Data>
<kml:Data name="li_con">
<kml:value>0.0</kml:value>
</kml:Data>
<kml:Data name="pb_con">
<kml:value>0.0</kml:value>
</kml:Data>
<kml:Data name="ag_con">
<kml:value>0.0</kml:value>
</kml:Data>
<kml:Data name="st_con">
<kml:value>0.0</kml:value>
</kml:Data>
<kml:Data name="remarks">
<kml:value/>
</kml:Data>
<kml:Data name="wo_id">
<kml:value>386</kml:value>
</kml:Data>
<kml:Data name="sequence"/>
</kml:ExtendedData>
<kml:Point>
<kml:coordinates>67.8869590275475,29.53202588308029</kml:coordinates>
</kml:Point>
</kml:Placemark>
<kml:Placemark id="equipment_materialized.419639">
<kml:ExtendedData>
<kml:Data name="section_id">
<kml:value>02001314130120092</kml:value>
</kml:Data>
<kml:Data name="feedercode">
<kml:value>020013</kml:value>
</kml:Data>
<kml:Data name="substation">
<kml:value>220 KV-SIBI</kml:value>
</kml:Data>
<kml:Data name="gps_no">
<kml:value>14130120083</kml:value>
</kml:Data>
<kml:Data name="s_e">
<kml:value/>
</kml:Data>
<kml:Data name="pole_phase">
<kml:value>R-Y-B</kml:value>
</kml:Data>
<kml:Data name="pole_use"/>
<kml:Data name="fdr_on_pol">
<kml:value>1.0</kml:value>
</kml:Data>
<kml:Data name="pol_hght">
<kml:value>36</kml:value>
</kml:Data>
<kml:Data name="pole_type">
<kml:value>Steel Structure</kml:value>
</kml:Data>
<kml:Data name="eqp_type">
<kml:value>Primary Pole</kml:value>
</kml:Data>
<kml:Data name="eqp_number">
<kml:value/>
</kml:Data>
<kml:Data name="eqp_unit"/>
<kml:Data name="eqp_size">
<kml:value/>
</kml:Data>
<kml:Data name="eqp_phase">
<kml:value/>
</kml:Data>
<kml:Data name="eqp_use"/>
<kml:Data name="eqp_status">
<kml:value/>
</kml:Data>
<kml:Data name="trafo_mke"/>
<kml:Data name="consmr_nam">
<kml:value/>
</kml:Data>
<kml:Data name="trafo_loc">
<kml:value/>
</kml:Data>
<kml:Data name="trafo_mnt"/>
<kml:Data name="angle"/>
<kml:Data name="tap_pole"/>
<kml:Data name="end_type">
<kml:value/>
</kml:Data>
<kml:Data name="rs_con"/>
<kml:Data name="rs_con1">
<kml:value>0.0</kml:value>
</kml:Data>
<kml:Data name="rs_con3">
<kml:value>0.0</kml:value>
</kml:Data>
<kml:Data name="sc_con">
<kml:value>0.0</kml:value>
</kml:Data>
<kml:Data name="lc_con">
<kml:value>0.0</kml:value>
</kml:Data>
<kml:Data name="si_con">
<kml:value>0.0</kml:value>
</kml:Data>
<kml:Data name="li_con">
<kml:value>0.0</kml:value>
</kml:Data>
<kml:Data name="pb_con">
<kml:value>0.0</kml:value>
</kml:Data>
<kml:Data name="ag_con">
<kml:value>0.0</kml:value>
</kml:Data>
<kml:Data name="st_con">
<kml:value>0.0</kml:value>
</kml:Data>
<kml:Data name="remarks">
<kml:value/>
</kml:Data>
<kml:Data name="wo_id">
<kml:value>386</kml:value>
</kml:Data>
<kml:Data name="sequence">
<kml:value>0</kml:value>
</kml:Data>
</kml:ExtendedData>
<kml:Point>
<kml:coordinates>67.8877629793093,29.532404868905676</kml:coordinates>
</kml:Point>
</kml:Placemark>
<kml:Placemark id="equipment_materialized.419640">
<kml:ExtendedData>
<kml:Data name="section_id">
<kml:value>02001314130120092</kml:value>
</kml:Data>
<kml:Data name="feedercode">
<kml:value>020013</kml:value>
</kml:Data>
<kml:Data name="substation">
<kml:value>220 KV-SIBI</kml:value>
</kml:Data>
<kml:Data name="gps_no">
<kml:value>14130120084</kml:value>
</kml:Data>
<kml:Data name="s_e">
<kml:value/>
</kml:Data>
<kml:Data name="pole_phase">
<kml:value>R-Y-B</kml:value>
</kml:Data>
<kml:Data name="pole_use"/>
<kml:Data name="fdr_on_pol">
<kml:value>1.0</kml:value>
</kml:Data>
<kml:Data name="pol_hght">
<kml:value>36</kml:value>
</kml:Data>
<kml:Data name="pole_type">
<kml:value>Steel Structure</kml:value>
</kml:Data>
<kml:Data name="eqp_type">
<kml:value>Primary Pole</kml:value>
</kml:Data>
<kml:Data name="eqp_number">
<kml:value/>
</kml:Data>
<kml:Data name="eqp_unit"/>
<kml:Data name="eqp_size">
<kml:value/>
</kml:Data>
<kml:Data name="eqp_phase">
<kml:value/>
</kml:Data>
<kml:Data name="eqp_use"/>
<kml:Data name="eqp_status">
<kml:value/>
</kml:Data>
<kml:Data name="trafo_mke"/>
<kml:Data name="consmr_nam">
<kml:value/>
</kml:Data>
<kml:Data name="trafo_loc">
<kml:value/>
</kml:Data>
<kml:Data name="trafo_mnt"/>
<kml:Data name="angle"/>
<kml:Data name="tap_pole"/>
<kml:Data name="end_type">
<kml:value/>
</kml:Data>
<kml:Data name="rs_con"/>
<kml:Data name="rs_con1">
<kml:value>0.0</kml:value>
</kml:Data>
<kml:Data name="rs_con3">
<kml:value>0.0</kml:value>
</kml:Data>
<kml:Data name="sc_con">
<kml:value>0.0</kml:value>
</kml:Data>
<kml:Data name="lc_con">
<kml:value>0.0</kml:value>
</kml:Data>
<kml:Data name="si_con">
<kml:value>0.0</kml:value>
</kml:Data>
<kml:Data name="li_con">
<kml:value>0.0</kml:value>
</kml:Data>
<kml:Data name="pb_con">
<kml:value>0.0</kml:value>
</kml:Data>
<kml:Data name="ag_con">
<kml:value>0.0</kml:value>
</kml:Data>
<kml:Data name="st_con">
<kml:value>0.0</kml:value>
</kml:Data>
<kml:Data name="remarks">
<kml:value/>
</kml:Data>
<kml:Data name="wo_id">
<kml:value>386</kml:value>
</kml:Data>
<kml:Data name="sequence">
<kml:value>1</kml:value>
</kml:Data>
</kml:ExtendedData>
<kml:Point>
<kml:coordinates>67.88817499072523,29.532596925683983</kml:coordinates>
</kml:Point>
</kml:Placemark>
<kml:Placemark id="equipment_materialized.419641">
<kml:ExtendedData>
<kml:Data name="section_id">
<kml:value>02001314130120092</kml:value>
</kml:Data>
<kml:Data name="feedercode">
<kml:value>020013</kml:value>
</kml:Data>
<kml:Data name="substation">
<kml:value>220 KV-SIBI</kml:value>
</kml:Data>
<kml:Data name="gps_no">
<kml:value>14130120085</kml:value>
</kml:Data>
<kml:Data name="s_e">
<kml:value/>
</kml:Data>
<kml:Data name="pole_phase">
<kml:value>R-Y-B</kml:value>
</kml:Data>
<kml:Data name="pole_use"/>
<kml:Data name="fdr_on_pol">
<kml:value>1.0</kml:value>
</kml:Data>
<kml:Data name="pol_hght">
<kml:value>36</kml:value>
</kml:Data>
<kml:Data name="pole_type">
<kml:value>Steel Structure</kml:value>
</kml:Data>
<kml:Data name="eqp_type">
<kml:value>Primary Pole</kml:value>
</kml:Data>
<kml:Data name="eqp_number">
<kml:value/>
</kml:Data>
<kml:Data name="eqp_unit"/>
<kml:Data name="eqp_size">
<kml:value/>
</kml:Data>
<kml:Data name="eqp_phase">
<kml:value/>
</kml:Data>
<kml:Data name="eqp_use"/>
<kml:Data name="eqp_status">
<kml:value/>
</kml:Data>
<kml:Data name="trafo_mke"/>
<kml:Data name="consmr_nam">
<kml:value/>
</kml:Data>
<kml:Data name="trafo_loc">
<kml:value/>
</kml:Data>
<kml:Data name="trafo_mnt"/>
<kml:Data name="angle"/>
<kml:Data name="tap_pole"/>
<kml:Data name="end_type">
<kml:value/>
</kml:Data>
<kml:Data name="rs_con"/>
<kml:Data name="rs_con1">
<kml:value>0.0</kml:value>
</kml:Data>
<kml:Data name="rs_con3">
<kml:value>0.0</kml:value>
</kml:Data>
<kml:Data name="sc_con">
<kml:value>0.0</kml:value>
</kml:Data>
<kml:Data name="lc_con">
<kml:value>0.0</kml:value>
</kml:Data>
<kml:Data name="si_con">
<kml:value>0.0</kml:value>
</kml:Data>
<kml:Data name="li_con">
<kml:value>0.0</kml:value>
</kml:Data>
<kml:Data name="pb_con">
<kml:value>0.0</kml:value>
</kml:Data>
<kml:Data name="ag_con">
<kml:value>0.0</kml:value>
</kml:Data>
<kml:Data name="st_con">
<kml:value>0.0</kml:value>
</kml:Data>
<kml:Data name="remarks">
<kml:value/>
</kml:Data>
<kml:Data name="wo_id">
<kml:value>386</kml:value>
</kml:Data>
<kml:Data name="sequence">
<kml:value>2</kml:value>
</kml:Data>
</kml:ExtendedData>
<kml:Point>
<kml:coordinates>67.88856698779605,29.532750911477102</kml:coordinates>
</kml:Point>
</kml:Placemark>
<kml:Placemark id="equipment_materialized.419642">
<kml:ExtendedData>
<kml:Data name="section_id">
<kml:value>02001314130120092</kml:value>
</kml:Data>
<kml:Data name="feedercode">
<kml:value>020013</kml:value>
</kml:Data>
<kml:Data name="substation">
<kml:value>220 KV-SIBI</kml:value>
</kml:Data>
<kml:Data name="gps_no">
<kml:value>14130120086</kml:value>
</kml:Data>
<kml:Data name="s_e">
<kml:value/>
</kml:Data>
<kml:Data name="pole_phase">
<kml:value>R-Y-B</kml:value>
</kml:Data>
<kml:Data name="pole_use"/>
<kml:Data name="fdr_on_pol">
<kml:value>1.0</kml:value>
</kml:Data>
<kml:Data name="pol_hght">
<kml:value>36</kml:value>
</kml:Data>
<kml:Data name="pole_type">
<kml:value>Steel Structure</kml:value>
</kml:Data>
<kml:Data name="eqp_type">
<kml:value>Primary Pole</kml:value>
</kml:Data>
<kml:Data name="eqp_number">
<kml:value/>
</kml:Data>
<kml:Data name="eqp_unit"/>
<kml:Data name="eqp_size">
<kml:value/>
</kml:Data>
<kml:Data name="eqp_phase">
<kml:value/>
</kml:Data>
<kml:Data name="eqp_use"/>
<kml:Data name="eqp_status">
<kml:value/>
</kml:Data>
<kml:Data name="trafo_mke"/>
<kml:Data name="consmr_nam">
<kml:value/>
</kml:Data>
<kml:Data name="trafo_loc">
<kml:value/>
</kml:Data>
<kml:Data name="trafo_mnt"/>
<kml:Data name="angle"/>
<kml:Data name="tap_pole"/>
<kml:Data name="end_type">
<kml:value/>
</kml:Data>
<kml:Data name="rs_con"/>
<kml:Data name="rs_con1">
<kml:value>0.0</kml:value>
</kml:Data>
<kml:Data name="rs_con3">
<kml:value>0.0</kml:value>
</kml:Data>
<kml:Data name="sc_con">
<kml:value>0.0</kml:value>
</kml:Data>
<kml:Data name="lc_con">
<kml:value>0.0</kml:value>
</kml:Data>
<kml:Data name="si_con">
<kml:value>0.0</kml:value>
</kml:Data>
<kml:Data name="li_con">
<kml:value>0.0</kml:value>
</kml:Data>
<kml:Data name="pb_con">
<kml:value>0.0</kml:value>
</kml:Data>
<kml:Data name="ag_con">
<kml:value>0.0</kml:value>
</kml:Data>
<kml:Data name="st_con">
<kml:value>0.0</kml:value>
</kml:Data>
<kml:Data name="remarks">
<kml:value/>
</kml:Data>
<kml:Data name="wo_id">
<kml:value>386</kml:value>
</kml:Data>
<kml:Data name="sequence">
<kml:value>3</kml:value>
</kml:Data>
</kml:ExtendedData>
<kml:Point>
<kml:coordinates>67.88894398913183,29.532926880472075</kml:coordinates>
</kml:Point>
</kml:Placemark>
<kml:Placemark id="equipment_materialized.419643">
<kml:ExtendedData>
<kml:Data name="section_id">
<kml:value>02001314130120092</kml:value>
</kml:Data>
<kml:Data name="feedercode">
<kml:value>020013</kml:value>
</kml:Data>
<kml:Data name="substation">
<kml:value>220 KV-SIBI</kml:value>
</kml:Data>
<kml:Data name="gps_no">
<kml:value>14130120087</kml:value>
</kml:Data>
<kml:Data name="s_e">
<kml:value/>
</kml:Data>
<kml:Data name="pole_phase">
<kml:value>R-Y-B</kml:value>
</kml:Data>
<kml:Data name="pole_use"/>
<kml:Data name="fdr_on_pol">
<kml:value>1.0</kml:value>
</kml:Data>
<kml:Data name="pol_hght">
<kml:value>36</kml:value>
</kml:Data>
<kml:Data name="pole_type">
<kml:value>Steel Structure</kml:value>
</kml:Data>
<kml:Data name="eqp_type">
<kml:value>Primary Pole</kml:value>
</kml:Data>
<kml:Data name="eqp_number">
<kml:value/>
</kml:Data>
<kml:Data name="eqp_unit"/>
<kml:Data name="eqp_size">
<kml:value/>
</kml:Data>
<kml:Data name="eqp_phase">
<kml:value/>
</kml:Data>
<kml:Data name="eqp_use"/>
<kml:Data name="eqp_status">
<kml:value/>
</kml:Data>
<kml:Data name="trafo_mke"/>
<kml:Data name="consmr_nam">
<kml:value/>
</kml:Data>
<kml:Data name="trafo_loc">
<kml:value/>
</kml:Data>
<kml:Data name="trafo_mnt"/>
<kml:Data name="angle"/>
<kml:Data name="tap_pole"/>
<kml:Data name="end_type">
<kml:value/>
</kml:Data>
<kml:Data name="rs_con"/>
<kml:Data name="rs_con1">
<kml:value>0.0</kml:value>
</kml:Data>
<kml:Data name="rs_con3">
<kml:value>0.0</kml:value>
</kml:Data>
<kml:Data name="sc_con">
<kml:value>0.0</kml:value>
</kml:Data>
<kml:Data name="lc_con">
<kml:value>0.0</kml:value>
</kml:Data>
<kml:Data name="si_con">
<kml:value>0.0</kml:value>
</kml:Data>
<kml:Data name="li_con">
<kml:value>0.0</kml:value>
</kml:Data>
<kml:Data name="pb_con">
<kml:value>0.0</kml:value>
</kml:Data>
<kml:Data name="ag_con">
<kml:value>0.0</kml:value>
</kml:Data>
<kml:Data name="st_con">
<kml:value>0.0</kml:value>
</kml:Data>
<kml:Data name="remarks">
<kml:value/>
</kml:Data>
<kml:Data name="wo_id">
<kml:value>386</kml:value>
</kml:Data>
<kml:Data name="sequence">
<kml:value>4</kml:value>
</kml:Data>
</kml:ExtendedData>
<kml:Point>
<kml:coordinates>67.88933404749727,29.5331168550675</kml:coordinates>
</kml:Point>
</kml:Placemark>
<kml:Placemark id="equipment_materialized.419644">
<kml:ExtendedData>
<kml:Data name="section_id">
<kml:value>02001314130120092</kml:value>
</kml:Data>
<kml:Data name="feedercode">
<kml:value>020013</kml:value>
</kml:Data>
<kml:Data name="substation">
<kml:value>220 KV-SIBI</kml:value>
</kml:Data>
<kml:Data name="gps_no">
<kml:value>14130120088</kml:value>
</kml:Data>
<kml:Data name="s_e">
<kml:value/>
</kml:Data>
<kml:Data name="pole_phase">
<kml:value>R-Y-B</kml:value>
</kml:Data>
<kml:Data name="pole_use"/>
<kml:Data name="fdr_on_pol">
<kml:value>1.0</kml:value>
</kml:Data>
<kml:Data name="pol_hght">
<kml:value>36</kml:value>
</kml:Data>
<kml:Data name="pole_type">
<kml:value>Steel Structure</kml:value>
</kml:Data>
<kml:Data name="eqp_type">
<kml:value>Primary Pole</kml:value>
</kml:Data>
<kml:Data name="eqp_number">
<kml:value/>
</kml:Data>
<kml:Data name="eqp_unit"/>
<kml:Data name="eqp_size">
<kml:value/>
</kml:Data>
<kml:Data name="eqp_phase">
<kml:value/>
</kml:Data>
<kml:Data name="eqp_use"/>
<kml:Data name="eqp_status">
<kml:value/>
</kml:Data>
<kml:Data name="trafo_mke"/>
<kml:Data name="consmr_nam">
<kml:value/>
</kml:Data>
<kml:Data name="trafo_loc">
<kml:value/>
</kml:Data>
<kml:Data name="trafo_mnt"/>
<kml:Data name="angle"/>
<kml:Data name="tap_pole"/>
<kml:Data name="end_type">
<kml:value/>
</kml:Data>
<kml:Data name="rs_con"/>
<kml:Data name="rs_con1">
<kml:value>0.0</kml:value>
</kml:Data>
<kml:Data name="rs_con3">
<kml:value>0.0</kml:value>
</kml:Data>
<kml:Data name="sc_con">
<kml:value>0.0</kml:value>
</kml:Data>
<kml:Data name="lc_con">
<kml:value>0.0</kml:value>
</kml:Data>
<kml:Data name="si_con">
<kml:value>0.0</kml:value>
</kml:Data>
<kml:Data name="li_con">
<kml:value>0.0</kml:value>
</kml:Data>
<kml:Data name="pb_con">
<kml:value>0.0</kml:value>
</kml:Data>
<kml:Data name="ag_con">
<kml:value>0.0</kml:value>
</kml:Data>
<kml:Data name="st_con">
<kml:value>0.0</kml:value>
</kml:Data>
<kml:Data name="remarks">
<kml:value/>
</kml:Data>
<kml:Data name="wo_id">
<kml:value>386</kml:value>
</kml:Data>
<kml:Data name="sequence">
<kml:value>5</kml:value>
</kml:Data>
</kml:ExtendedData>
<kml:Point>
<kml:coordinates>67.89008400913578,29.533470919829135</kml:coordinates>
</kml:Point>
</kml:Placemark>
<kml:Placemark id="equipment_materialized.419645">
<kml:ExtendedData>
<kml:Data name="section_id">
<kml:value>02001314130120092</kml:value>
</kml:Data>
<kml:Data name="feedercode">
<kml:value>020013</kml:value>
</kml:Data>
<kml:Data name="substation">
<kml:value>220 KV-SIBI</kml:value>
</kml:Data>
<kml:Data name="gps_no">
<kml:value>14130120089</kml:value>
</kml:Data>
<kml:Data name="s_e">
<kml:value/>
</kml:Data>
<kml:Data name="pole_phase">
<kml:value>R-Y-B</kml:value>
</kml:Data>
<kml:Data name="pole_use"/>
<kml:Data name="fdr_on_pol">
<kml:value>1.0</kml:value>
</kml:Data>
<kml:Data name="pol_hght">
<kml:value>36</kml:value>
</kml:Data>
<kml:Data name="pole_type">
<kml:value>Steel Structure</kml:value>
</kml:Data>
<kml:Data name="eqp_type">
<kml:value>Primary Pole</kml:value>
</kml:Data>
<kml:Data name="eqp_number">
<kml:value/>
</kml:Data>
<kml:Data name="eqp_unit"/>
<kml:Data name="eqp_size">
<kml:value/>
</kml:Data>
<kml:Data name="eqp_phase">
<kml:value/>
</kml:Data>
<kml:Data name="eqp_use"/>
<kml:Data name="eqp_status">
<kml:value/>
</kml:Data>
<kml:Data name="trafo_mke"/>
<kml:Data name="consmr_nam">
<kml:value/>
</kml:Data>
<kml:Data name="trafo_loc">
<kml:value/>
</kml:Data>
<kml:Data name="trafo_mnt"/>
<kml:Data name="angle"/>
<kml:Data name="tap_pole"/>
<kml:Data name="end_type">
<kml:value/>
</kml:Data>
<kml:Data name="rs_con"/>
<kml:Data name="rs_con1">
<kml:value>0.0</kml:value>
</kml:Data>
<kml:Data name="rs_con3">
<kml:value>0.0</kml:value>
</kml:Data>
<kml:Data name="sc_con">
<kml:value>0.0</kml:value>
</kml:Data>
<kml:Data name="lc_con">
<kml:value>0.0</kml:value>
</kml:Data>
<kml:Data name="si_con">
<kml:value>0.0</kml:value>
</kml:Data>
<kml:Data name="li_con">
<kml:value>0.0</kml:value>
</kml:Data>
<kml:Data name="pb_con">
<kml:value>0.0</kml:value>
</kml:Data>
<kml:Data name="ag_con">
<kml:value>0.0</kml:value>
</kml:Data>
<kml:Data name="st_con">
<kml:value>0.0</kml:value>
</kml:Data>
<kml:Data name="remarks">
<kml:value/>
</kml:Data>
<kml:Data name="wo_id">
<kml:value>386</kml:value>
</kml:Data>
<kml:Data name="sequence">
<kml:value>6</kml:value>
</kml:Data>
</kml:ExtendedData>
<kml:Point>
<kml:coordinates>67.88987597328848,29.533876903279427</kml:coordinates>
</kml:Point>
</kml:Placemark>
<kml:Placemark id="equipment_materialized.419646">
<kml:ExtendedData>
<kml:Data name="section_id">
<kml:value>02001314130120092</kml:value>
</kml:Data>
<kml:Data name="feedercode">
<kml:value>020013</kml:value>
</kml:Data>
<kml:Data name="substation">
<kml:value>220 KV-SIBI</kml:value>
</kml:Data>
<kml:Data name="gps_no">
<kml:value>14130120090</kml:value>
</kml:Data>
<kml:Data name="s_e">
<kml:value/>
</kml:Data>
<kml:Data name="pole_phase">
<kml:value>R-Y-B</kml:value>
</kml:Data>
<kml:Data name="pole_use"/>
<kml:Data name="fdr_on_pol">
<kml:value>1.0</kml:value>
</kml:Data>
<kml:Data name="pol_hght">
<kml:value>36</kml:value>
</kml:Data>
<kml:Data name="pole_type">
<kml:value>Steel Structure</kml:value>
</kml:Data>
<kml:Data name="eqp_type">
<kml:value>Primary Pole</kml:value>
</kml:Data>
<kml:Data name="eqp_number">
<kml:value/>
</kml:Data>
<kml:Data name="eqp_unit"/>
<kml:Data name="eqp_size">
<kml:value/>
</kml:Data>
<kml:Data name="eqp_phase">
<kml:value/>
</kml:Data>
<kml:Data name="eqp_use"/>
<kml:Data name="eqp_status">
<kml:value/>
</kml:Data>
<kml:Data name="trafo_mke"/>
<kml:Data name="consmr_nam">
<kml:value/>
</kml:Data>
<kml:Data name="trafo_loc">
<kml:value/>
</kml:Data>
<kml:Data name="trafo_mnt"/>
<kml:Data name="angle"/>
<kml:Data name="tap_pole"/>
<kml:Data name="end_type">
<kml:value/>
</kml:Data>
<kml:Data name="rs_con"/>
<kml:Data name="rs_con1">
<kml:value>0.0</kml:value>
</kml:Data>
<kml:Data name="rs_con3">
<kml:value>0.0</kml:value>
</kml:Data>
<kml:Data name="sc_con">
<kml:value>0.0</kml:value>
</kml:Data>
<kml:Data name="lc_con">
<kml:value>0.0</kml:value>
</kml:Data>
<kml:Data name="si_con">
<kml:value>0.0</kml:value>
</kml:Data>
<kml:Data name="li_con">
<kml:value>0.0</kml:value>
</kml:Data>
<kml:Data name="pb_con">
<kml:value>0.0</kml:value>
</kml:Data>
<kml:Data name="ag_con">
<kml:value>0.0</kml:value>
</kml:Data>
<kml:Data name="st_con">
<kml:value>0.0</kml:value>
</kml:Data>
<kml:Data name="remarks">
<kml:value/>
</kml:Data>
<kml:Data name="wo_id">
<kml:value>386</kml:value>
</kml:Data>
<kml:Data name="sequence">
<kml:value>7</kml:value>
</kml:Data>
</kml:ExtendedData>
<kml:Point>
<kml:coordinates>67.89029896084715,29.53455789543162</kml:coordinates>
</kml:Point>
</kml:Placemark>
<kml:Placemark id="equipment_materialized.419647">
<kml:ExtendedData>
<kml:Data name="section_id">
<kml:value>02001314130120092</kml:value>
</kml:Data>
<kml:Data name="feedercode">
<kml:value>020013</kml:value>
</kml:Data>
<kml:Data name="substation">
<kml:value>220 KV-SIBI</kml:value>
</kml:Data>
<kml:Data name="gps_no">
<kml:value>14130120091</kml:value>
</kml:Data>
<kml:Data name="s_e">
<kml:value/>
</kml:Data>
<kml:Data name="pole_phase">
<kml:value>R-Y-B</kml:value>
</kml:Data>
<kml:Data name="pole_use"/>
<kml:Data name="fdr_on_pol">
<kml:value>1.0</kml:value>
</kml:Data>
<kml:Data name="pol_hght">
<kml:value>36</kml:value>
</kml:Data>
<kml:Data name="pole_type">
<kml:value>Steel Structure</kml:value>
</kml:Data>
<kml:Data name="eqp_type">
<kml:value>Primary Pole</kml:value>
</kml:Data>
<kml:Data name="eqp_number">
<kml:value/>
</kml:Data>
<kml:Data name="eqp_unit"/>
<kml:Data name="eqp_size">
<kml:value/>
</kml:Data>
<kml:Data name="eqp_phase">
<kml:value/>
</kml:Data>
<kml:Data name="eqp_use"/>
<kml:Data name="eqp_status">
<kml:value/>
</kml:Data>
<kml:Data name="trafo_mke"/>
<kml:Data name="consmr_nam">
<kml:value/>
</kml:Data>
<kml:Data name="trafo_loc">
<kml:value/>
</kml:Data>
<kml:Data name="trafo_mnt"/>
<kml:Data name="angle"/>
<kml:Data name="tap_pole"/>
<kml:Data name="end_type">
<kml:value/>
</kml:Data>
<kml:Data name="rs_con"/>
<kml:Data name="rs_con1">
<kml:value>0.0</kml:value>
</kml:Data>
<kml:Data name="rs_con3">
<kml:value>0.0</kml:value>
</kml:Data>
<kml:Data name="sc_con">
<kml:value>0.0</kml:value>
</kml:Data>
<kml:Data name="lc_con">
<kml:value>0.0</kml:value>
</kml:Data>
<kml:Data name="si_con">
<kml:value>0.0</kml:value>
</kml:Data>
<kml:Data name="li_con">
<kml:value>0.0</kml:value>
</kml:Data>
<kml:Data name="pb_con">
<kml:value>0.0</kml:value>
</kml:Data>
<kml:Data name="ag_con">
<kml:value>0.0</kml:value>
</kml:Data>
<kml:Data name="st_con">
<kml:value>0.0</kml:value>
</kml:Data>
<kml:Data name="remarks">
<kml:value/>
</kml:Data>
<kml:Data name="wo_id">
<kml:value>386</kml:value>
</kml:Data>
<kml:Data name="sequence">
<kml:value>8</kml:value>
</kml:Data>
</kml:ExtendedData>
<kml:Point>
<kml:coordinates>67.89073398440274,29.535242867215374</kml:coordinates>
</kml:Point>
</kml:Placemark>
<kml:Placemark id="equipment_materialized.419648">
<kml:ExtendedData>
<kml:Data name="section_id">
<kml:value>02001314130120092</kml:value>
</kml:Data>
<kml:Data name="feedercode">
<kml:value>020013</kml:value>
</kml:Data>
<kml:Data name="substation">
<kml:value>220 KV-SIBI</kml:value>
</kml:Data>
<kml:Data name="gps_no">
<kml:value>14130120092</kml:value>
</kml:Data>
<kml:Data name="s_e">
<kml:value>E</kml:value>
</kml:Data>
<kml:Data name="pole_phase">
<kml:value>R-Y-B</kml:value>
</kml:Data>
<kml:Data name="pole_use"/>
<kml:Data name="fdr_on_pol">
<kml:value>1.0</kml:value>
</kml:Data>
<kml:Data name="pol_hght">
<kml:value>36</kml:value>
</kml:Data>
<kml:Data name="pole_type">
<kml:value>Steel Structure</kml:value>
</kml:Data>
<kml:Data name="eqp_type">
<kml:value>Primary Pole</kml:value>
</kml:Data>
<kml:Data name="eqp_number">
<kml:value/>
</kml:Data>
<kml:Data name="eqp_unit"/>
<kml:Data name="eqp_size">
<kml:value/>
</kml:Data>
<kml:Data name="eqp_phase">
<kml:value/>
</kml:Data>
<kml:Data name="eqp_use"/>
<kml:Data name="eqp_status">
<kml:value/>
</kml:Data>
<kml:Data name="trafo_mke"/>
<kml:Data name="consmr_nam">
<kml:value/>
</kml:Data>
<kml:Data name="trafo_loc">
<kml:value/>
</kml:Data>
<kml:Data name="trafo_mnt"/>
<kml:Data name="angle"/>
<kml:Data name="tap_pole"/>
<kml:Data name="end_type">
<kml:value/>
</kml:Data>
<kml:Data name="rs_con"/>
<kml:Data name="rs_con1">
<kml:value>0.0</kml:value>
</kml:Data>
<kml:Data name="rs_con3">
<kml:value>0.0</kml:value>
</kml:Data>
<kml:Data name="sc_con">
<kml:value>0.0</kml:value>
</kml:Data>
<kml:Data name="lc_con">
<kml:value>0.0</kml:value>
</kml:Data>
<kml:Data name="si_con">
<kml:value>0.0</kml:value>
</kml:Data>
<kml:Data name="li_con">
<kml:value>0.0</kml:value>
</kml:Data>
<kml:Data name="pb_con">
<kml:value>0.0</kml:value>
</kml:Data>
<kml:Data name="ag_con">
<kml:value>0.0</kml:value>
</kml:Data>
<kml:Data name="st_con">
<kml:value>0.0</kml:value>
</kml:Data>
<kml:Data name="remarks">
<kml:value/>
</kml:Data>
<kml:Data name="wo_id">
<kml:value>386</kml:value>
</kml:Data>
<kml:Data name="sequence"/>
</kml:ExtendedData>
<kml:Point>
<kml:coordinates>67.89107102122277,29.535800859296135</kml:coordinates>
</kml:Point>
</kml:Placemark>
<kml:Placemark id="equipment_materialized.419650">
<kml:ExtendedData>
<kml:Data name="section_id">
<kml:value>02001314130120095</kml:value>
</kml:Data>
<kml:Data name="feedercode">
<kml:value>020013</kml:value>
</kml:Data>
<kml:Data name="substation">
<kml:value>220 KV-SIBI</kml:value>
</kml:Data>
<kml:Data name="gps_no">
<kml:value>14130120093</kml:value>
</kml:Data>
<kml:Data name="s_e">
<kml:value/>
</kml:Data>
<kml:Data name="pole_phase">
<kml:value>R-Y-B</kml:value>
</kml:Data>
<kml:Data name="pole_use"/>
<kml:Data name="fdr_on_pol">
<kml:value>1.0</kml:value>
</kml:Data>
<kml:Data name="pol_hght">
<kml:value>36</kml:value>
</kml:Data>
<kml:Data name="pole_type">
<kml:value>Steel Structure</kml:value>
</kml:Data>
<kml:Data name="eqp_type">
<kml:value>Primary Pole</kml:value>
</kml:Data>
<kml:Data name="eqp_number">
<kml:value/>
</kml:Data>
<kml:Data name="eqp_unit"/>
<kml:Data name="eqp_size">
<kml:value/>
</kml:Data>
<kml:Data name="eqp_phase">
<kml:value/>
</kml:Data>
<kml:Data name="eqp_use"/>
<kml:Data name="eqp_status">
<kml:value/>
</kml:Data>
<kml:Data name="trafo_mke"/>
<kml:Data name="consmr_nam">
<kml:value/>
</kml:Data>
<kml:Data name="trafo_loc">
<kml:value/>
</kml:Data>
<kml:Data name="trafo_mnt"/>
<kml:Data name="angle"/>
<kml:Data name="tap_pole"/>
<kml:Data name="end_type">
<kml:value/>
</kml:Data>
<kml:Data name="rs_con"/>
<kml:Data name="rs_con1">
<kml:value>0.0</kml:value>
</kml:Data>
<kml:Data name="rs_con3">
<kml:value>0.0</kml:value>
</kml:Data>
<kml:Data name="sc_con">
<kml:value>0.0</kml:value>
</kml:Data>
<kml:Data name="lc_con">
<kml:value>0.0</kml:value>
</kml:Data>
<kml:Data name="si_con">
<kml:value>0.0</kml:value>
</kml:Data>
<kml:Data name="li_con">
<kml:value>0.0</kml:value>
</kml:Data>
<kml:Data name="pb_con">
<kml:value>0.0</kml:value>
</kml:Data>
<kml:Data name="ag_con">
<kml:value>0.0</kml:value>
</kml:Data>
<kml:Data name="st_con">
<kml:value>0.0</kml:value>
</kml:Data>
<kml:Data name="remarks">
<kml:value/>
</kml:Data>
<kml:Data name="wo_id">
<kml:value>386</kml:value>
</kml:Data>
<kml:Data name="sequence">
<kml:value>0</kml:value>
</kml:Data>
</kml:ExtendedData>
<kml:Point>
<kml:coordinates>67.89139096344427,29.535409885678014</kml:coordinates>
</kml:Point>
</kml:Placemark>
<kml:Placemark id="equipment_materialized.419651">
<kml:ExtendedData>
<kml:Data name="section_id">
<kml:value>02001314130120095</kml:value>
</kml:Data>
<kml:Data name="feedercode">
<kml:value>020013</kml:value>
</kml:Data>
<kml:Data name="substation">
<kml:value>220 KV-SIBI</kml:value>
</kml:Data>
<kml:Data name="gps_no">
<kml:value>14130120094</kml:value>
</kml:Data>
<kml:Data name="s_e">
<kml:value/>
</kml:Data>
<kml:Data name="pole_phase">
<kml:value>R-Y-B</kml:value>
</kml:Data>
<kml:Data name="pole_use"/>
<kml:Data name="fdr_on_pol">
<kml:value>1.0</kml:value>
</kml:Data>
<kml:Data name="pol_hght">
<kml:value>36</kml:value>
</kml:Data>
<kml:Data name="pole_type">
<kml:value>Steel Structure</kml:value>
</kml:Data>
<kml:Data name="eqp_type">
<kml:value>Primary Pole</kml:value>
</kml:Data>
<kml:Data name="eqp_number">
<kml:value/>
</kml:Data>
<kml:Data name="eqp_unit"/>
<kml:Data name="eqp_size">
<kml:value/>
</kml:Data>
<kml:Data name="eqp_phase">
<kml:value/>
</kml:Data>
<kml:Data name="eqp_use"/>
<kml:Data name="eqp_status">
<kml:value/>
</kml:Data>
<kml:Data name="trafo_mke"/>
<kml:Data name="consmr_nam">
<kml:value/>
</kml:Data>
<kml:Data name="trafo_loc">
<kml:value/>
</kml:Data>
<kml:Data name="trafo_mnt"/>
<kml:Data name="angle"/>
<kml:Data name="tap_pole"/>
<kml:Data name="end_type">
<kml:value/>
</kml:Data>
<kml:Data name="rs_con"/>
<kml:Data name="rs_con1">
<kml:value>0.0</kml:value>
</kml:Data>
<kml:Data name="rs_con3">
<kml:value>0.0</kml:value>
</kml:Data>
<kml:Data name="sc_con">
<kml:value>0.0</kml:value>
</kml:Data>
<kml:Data name="lc_con">
<kml:value>0.0</kml:value>
</kml:Data>
<kml:Data name="si_con">
<kml:value>0.0</kml:value>
</kml:Data>
<kml:Data name="li_con">
<kml:value>0.0</kml:value>
</kml:Data>
<kml:Data name="pb_con">
<kml:value>0.0</kml:value>
</kml:Data>
<kml:Data name="ag_con">
<kml:value>0.0</kml:value>
</kml:Data>
<kml:Data name="st_con">
<kml:value>0.0</kml:value>
</kml:Data>
<kml:Data name="remarks">
<kml:value/>
</kml:Data>
<kml:Data name="wo_id">
<kml:value>386</kml:value>
</kml:Data>
<kml:Data name="sequence">
<kml:value>1</kml:value>
</kml:Data>
</kml:ExtendedData>
<kml:Point>
<kml:coordinates>67.89168796944818,29.535077919817827</kml:coordinates>
</kml:Point>
</kml:Placemark>
<kml:Placemark id="equipment_materialized.419652">
<kml:ExtendedData>
<kml:Data name="section_id">
<kml:value>02001314130120095</kml:value>
</kml:Data>
<kml:Data name="feedercode">
<kml:value>020013</kml:value>
</kml:Data>
<kml:Data name="substation">
<kml:value>220 KV-SIBI</kml:value>
</kml:Data>
<kml:Data name="gps_no">
<kml:value>14130120095</kml:value>
</kml:Data>
<kml:Data name="s_e">
<kml:value>E</kml:value>
</kml:Data>
<kml:Data name="pole_phase">
<kml:value>R-Y-B</kml:value>
</kml:Data>
<kml:Data name="pole_use"/>
<kml:Data name="fdr_on_pol">
<kml:value>1.0</kml:value>
</kml:Data>
<kml:Data name="pol_hght">
<kml:value>36</kml:value>
</kml:Data>
<kml:Data name="pole_type">
<kml:value>Steel Structure</kml:value>
</kml:Data>
<kml:Data name="eqp_type">
<kml:value>Primary Pole</kml:value>
</kml:Data>
<kml:Data name="eqp_number">
<kml:value/>
</kml:Data>
<kml:Data name="eqp_unit"/>
<kml:Data name="eqp_size">
<kml:value/>
</kml:Data>
<kml:Data name="eqp_phase">
<kml:value/>
</kml:Data>
<kml:Data name="eqp_use"/>
<kml:Data name="eqp_status">
<kml:value/>
</kml:Data>
<kml:Data name="trafo_mke"/>
<kml:Data name="consmr_nam">
<kml:value/>
</kml:Data>
<kml:Data name="trafo_loc">
<kml:value/>
</kml:Data>
<kml:Data name="trafo_mnt"/>
<kml:Data name="angle"/>
<kml:Data name="tap_pole"/>
<kml:Data name="end_type">
<kml:value/>
</kml:Data>
<kml:Data name="rs_con"/>
<kml:Data name="rs_con1">
<kml:value>0.0</kml:value>
</kml:Data>
<kml:Data name="rs_con3">
<kml:value>0.0</kml:value>
</kml:Data>
<kml:Data name="sc_con">
<kml:value>0.0</kml:value>
</kml:Data>
<kml:Data name="lc_con">
<kml:value>0.0</kml:value>
</kml:Data>
<kml:Data name="si_con">
<kml:value>0.0</kml:value>
</kml:Data>
<kml:Data name="li_con">
<kml:value>0.0</kml:value>
</kml:Data>
<kml:Data name="pb_con">
<kml:value>0.0</kml:value>
</kml:Data>
<kml:Data name="ag_con">
<kml:value>0.0</kml:value>
</kml:Data>
<kml:Data name="st_con">
<kml:value>0.0</kml:value>
</kml:Data>
<kml:Data name="remarks">
<kml:value/>
</kml:Data>
<kml:Data name="wo_id">
<kml:value>386</kml:value>
</kml:Data>
<kml:Data name="sequence"/>
</kml:ExtendedData>
<kml:Point>
<kml:coordinates>67.89205102349777,29.534631894375423</kml:coordinates>
</kml:Point>
</kml:Placemark>
<kml:Placemark id="equipment_materialized.419654">
<kml:ExtendedData>
<kml:Data name="section_id">
<kml:value>02001314130120096</kml:value>
</kml:Data>
<kml:Data name="feedercode">
<kml:value>020013</kml:value>
</kml:Data>
<kml:Data name="substation">
<kml:value>220 KV-SIBI</kml:value>
</kml:Data>
<kml:Data name="gps_no">
<kml:value>14130120096</kml:value>
</kml:Data>
<kml:Data name="s_e">
<kml:value>E</kml:value>
</kml:Data>
<kml:Data name="pole_phase">
<kml:value>R-Y-B</kml:value>
</kml:Data>
<kml:Data name="pole_use"/>
<kml:Data name="fdr_on_pol">
<kml:value>1.0</kml:value>
</kml:Data>
<kml:Data name="pol_hght">
<kml:value>36</kml:value>
</kml:Data>
<kml:Data name="pole_type">
<kml:value>Steel Structure</kml:value>
</kml:Data>
<kml:Data name="eqp_type">
<kml:value>Primary Pole</kml:value>
</kml:Data>
<kml:Data name="eqp_number">
<kml:value/>
</kml:Data>
<kml:Data name="eqp_unit"/>
<kml:Data name="eqp_size">
<kml:value/>
</kml:Data>
<kml:Data name="eqp_phase">
<kml:value/>
</kml:Data>
<kml:Data name="eqp_use"/>
<kml:Data name="eqp_status">
<kml:value/>
</kml:Data>
<kml:Data name="trafo_mke"/>
<kml:Data name="consmr_nam">
<kml:value/>
</kml:Data>
<kml:Data name="trafo_loc">
<kml:value/>
</kml:Data>
<kml:Data name="trafo_mnt"/>
<kml:Data name="angle"/>
<kml:Data name="tap_pole"/>
<kml:Data name="end_type">
<kml:value/>
</kml:Data>
<kml:Data name="rs_con"/>
<kml:Data name="rs_con1">
<kml:value>0.0</kml:value>
</kml:Data>
<kml:Data name="rs_con3">
<kml:value>0.0</kml:value>
</kml:Data>
<kml:Data name="sc_con">
<kml:value>0.0</kml:value>
</kml:Data>
<kml:Data name="lc_con">
<kml:value>0.0</kml:value>
</kml:Data>
<kml:Data name="si_con">
<kml:value>0.0</kml:value>
</kml:Data>
<kml:Data name="li_con">
<kml:value>0.0</kml:value>
</kml:Data>
<kml:Data name="pb_con">
<kml:value>0.0</kml:value>
</kml:Data>
<kml:Data name="ag_con">
<kml:value>0.0</kml:value>
</kml:Data>
<kml:Data name="st_con">
<kml:value>0.0</kml:value>
</kml:Data>
<kml:Data name="remarks">
<kml:value/>
</kml:Data>
<kml:Data name="wo_id">
<kml:value>386</kml:value>
</kml:Data>
<kml:Data name="sequence"/>
</kml:ExtendedData>
<kml:Point>
<kml:coordinates>67.89055301642865,29.536250912678238</kml:coordinates>
</kml:Point>
</kml:Placemark>
<kml:Placemark id="equipment_materialized.419656">
<kml:ExtendedData>
<kml:Data name="section_id">
<kml:value>02001314130120102</kml:value>
</kml:Data>
<kml:Data name="feedercode">
<kml:value>020013</kml:value>
</kml:Data>
<kml:Data name="substation">
<kml:value>220 KV-SIBI</kml:value>
</kml:Data>
<kml:Data name="gps_no">
<kml:value>14130120097</kml:value>
</kml:Data>
<kml:Data name="s_e">
<kml:value/>
</kml:Data>
<kml:Data name="pole_phase">
<kml:value>R-Y-B</kml:value>
</kml:Data>
<kml:Data name="pole_use"/>
<kml:Data name="fdr_on_pol">
<kml:value>1.0</kml:value>
</kml:Data>
<kml:Data name="pol_hght">
<kml:value>36</kml:value>
</kml:Data>
<kml:Data name="pole_type">
<kml:value>Steel Structure</kml:value>
</kml:Data>
<kml:Data name="eqp_type">
<kml:value>Primary Pole</kml:value>
</kml:Data>
<kml:Data name="eqp_number">
<kml:value/>
</kml:Data>
<kml:Data name="eqp_unit"/>
<kml:Data name="eqp_size">
<kml:value/>
</kml:Data>
<kml:Data name="eqp_phase">
<kml:value/>
</kml:Data>
<kml:Data name="eqp_use"/>
<kml:Data name="eqp_status">
<kml:value/>
</kml:Data>
<kml:Data name="trafo_mke"/>
<kml:Data name="consmr_nam">
<kml:value/>
</kml:Data>
<kml:Data name="trafo_loc">
<kml:value/>
</kml:Data>
<kml:Data name="trafo_mnt"/>
<kml:Data name="angle"/>
<kml:Data name="tap_pole"/>
<kml:Data name="end_type">
<kml:value/>
</kml:Data>
<kml:Data name="rs_con"/>
<kml:Data name="rs_con1">
<kml:value>0.0</kml:value>
</kml:Data>
<kml:Data name="rs_con3">
<kml:value>0.0</kml:value>
</kml:Data>
<kml:Data name="sc_con">
<kml:value>0.0</kml:value>
</kml:Data>
<kml:Data name="lc_con">
<kml:value>0.0</kml:value>
</kml:Data>
<kml:Data name="si_con">
<kml:value>0.0</kml:value>
</kml:Data>
<kml:Data name="li_con">
<kml:value>0.0</kml:value>
</kml:Data>
<kml:Data name="pb_con">
<kml:value>0.0</kml:value>
</kml:Data>
<kml:Data name="ag_con">
<kml:value>0.0</kml:value>
</kml:Data>
<kml:Data name="st_con">
<kml:value>0.0</kml:value>
</kml:Data>
<kml:Data name="remarks">
<kml:value/>
</kml:Data>
<kml:Data name="wo_id">
<kml:value>386</kml:value>
</kml:Data>
<kml:Data name="sequence">
<kml:value>0</kml:value>
</kml:Data>
</kml:ExtendedData>
<kml:Point>
<kml:coordinates>67.8901740518259,29.536706908116347</kml:coordinates>
</kml:Point>
</kml:Placemark>
<kml:Placemark id="equipment_materialized.419657">
<kml:ExtendedData>
<kml:Data name="section_id">
<kml:value>02001314130120102</kml:value>
</kml:Data>
<kml:Data name="feedercode">
<kml:value>020013</kml:value>
</kml:Data>
<kml:Data name="substation">
<kml:value>220 KV-SIBI</kml:value>
</kml:Data>
<kml:Data name="gps_no">
<kml:value>14130120098</kml:value>
</kml:Data>
<kml:Data name="s_e">
<kml:value/>
</kml:Data>
<kml:Data name="pole_phase">
<kml:value>R-Y-B</kml:value>
</kml:Data>
<kml:Data name="pole_use"/>
<kml:Data name="fdr_on_pol">
<kml:value>1.0</kml:value>
</kml:Data>
<kml:Data name="pol_hght">
<kml:value>36</kml:value>
</kml:Data>
<kml:Data name="pole_type">
<kml:value>Steel Structure</kml:value>
</kml:Data>
<kml:Data name="eqp_type">
<kml:value>Primary Pole</kml:value>
</kml:Data>
<kml:Data name="eqp_number">
<kml:value/>
</kml:Data>
<kml:Data name="eqp_unit"/>
<kml:Data name="eqp_size">
<kml:value/>
</kml:Data>
<kml:Data name="eqp_phase">
<kml:value/>
</kml:Data>
<kml:Data name="eqp_use"/>
<kml:Data name="eqp_status">
<kml:value/>
</kml:Data>
<kml:Data name="trafo_mke"/>
<kml:Data name="consmr_nam">
<kml:value/>
</kml:Data>
<kml:Data name="trafo_loc">
<kml:value/>
</kml:Data>
<kml:Data name="trafo_mnt"/>
<kml:Data name="angle"/>
<kml:Data name="tap_pole"/>
<kml:Data name="end_type">
<kml:value/>
</kml:Data>
<kml:Data name="rs_con"/>
<kml:Data name="rs_con1">
<kml:value>0.0</kml:value>
</kml:Data>
<kml:Data name="rs_con3">
<kml:value>0.0</kml:value>
</kml:Data>
<kml:Data name="sc_con">
<kml:value>0.0</kml:value>
</kml:Data>
<kml:Data name="lc_con">
<kml:value>0.0</kml:value>
</kml:Data>
<kml:Data name="si_con">
<kml:value>0.0</kml:value>
</kml:Data>
<kml:Data name="li_con">
<kml:value>0.0</kml:value>
</kml:Data>
<kml:Data name="pb_con">
<kml:value>0.0</kml:value>
</kml:Data>
<kml:Data name="ag_con">
<kml:value>0.0</kml:value>
</kml:Data>
<kml:Data name="st_con">
<kml:value>0.0</kml:value>
</kml:Data>
<kml:Data name="remarks">
<kml:value/>
</kml:Data>
<kml:Data name="wo_id">
<kml:value>386</kml:value>
</kml:Data>
<kml:Data name="sequence">
<kml:value>1</kml:value>
</kml:Data>
</kml:ExtendedData>
<kml:Point>
<kml:coordinates>67.88987005017326,29.537054875271387</kml:coordinates>
</kml:Point>
</kml:Placemark>
<kml:Placemark id="equipment_materialized.419658">
<kml:ExtendedData>
<kml:Data name="section_id">
<kml:value>02001314130120102</kml:value>
</kml:Data>
<kml:Data name="feedercode">
<kml:value>020013</kml:value>
</kml:Data>
<kml:Data name="substation">
<kml:value>220 KV-SIBI</kml:value>
</kml:Data>
<kml:Data name="gps_no">
<kml:value>14130120099</kml:value>
</kml:Data>
<kml:Data name="s_e">
<kml:value/>
</kml:Data>
<kml:Data name="pole_phase">
<kml:value>R-Y-B</kml:value>
</kml:Data>
<kml:Data name="pole_use"/>
<kml:Data name="fdr_on_pol">
<kml:value>1.0</kml:value>
</kml:Data>
<kml:Data name="pol_hght">
<kml:value>36</kml:value>
</kml:Data>
<kml:Data name="pole_type">
<kml:value>Steel Structure</kml:value>
</kml:Data>
<kml:Data name="eqp_type">
<kml:value>Primary Pole</kml:value>
</kml:Data>
<kml:Data name="eqp_number">
<kml:value/>
</kml:Data>
<kml:Data name="eqp_unit"/>
<kml:Data name="eqp_size">
<kml:value/>
</kml:Data>
<kml:Data name="eqp_phase">
<kml:value/>
</kml:Data>
<kml:Data name="eqp_use"/>
<kml:Data name="eqp_status">
<kml:value/>
</kml:Data>
<kml:Data name="trafo_mke"/>
<kml:Data name="consmr_nam">
<kml:value/>
</kml:Data>
<kml:Data name="trafo_loc">
<kml:value/>
</kml:Data>
<kml:Data name="trafo_mnt"/>
<kml:Data name="angle"/>
<kml:Data name="tap_pole"/>
<kml:Data name="end_type">
<kml:value/>
</kml:Data>
<kml:Data name="rs_con"/>
<kml:Data name="rs_con1">
<kml:value>0.0</kml:value>
</kml:Data>
<kml:Data name="rs_con3">
<kml:value>0.0</kml:value>
</kml:Data>
<kml:Data name="sc_con">
<kml:value>0.0</kml:value>
</kml:Data>
<kml:Data name="lc_con">
<kml:value>0.0</kml:value>
</kml:Data>
<kml:Data name="si_con">
<kml:value>0.0</kml:value>
</kml:Data>
<kml:Data name="li_con">
<kml:value>0.0</kml:value>
</kml:Data>
<kml:Data name="pb_con">
<kml:value>0.0</kml:value>
</kml:Data>
<kml:Data name="ag_con">
<kml:value>0.0</kml:value>
</kml:Data>
<kml:Data name="st_con">
<kml:value>0.0</kml:value>
</kml:Data>
<kml:Data name="remarks">
<kml:value/>
</kml:Data>
<kml:Data name="wo_id">
<kml:value>386</kml:value>
</kml:Data>
<kml:Data name="sequence">
<kml:value>2</kml:value>
</kml:Data>
</kml:ExtendedData>
<kml:Point>
<kml:coordinates>67.88955799215782,29.537393840233527</kml:coordinates>
</kml:Point>
</kml:Placemark>
<kml:Placemark id="equipment_materialized.419659">
<kml:ExtendedData>
<kml:Data name="section_id">
<kml:value>02001314130120102</kml:value>
</kml:Data>
<kml:Data name="feedercode">
<kml:value>020013</kml:value>
</kml:Data>
<kml:Data name="substation">
<kml:value>220 KV-SIBI</kml:value>
</kml:Data>
<kml:Data name="gps_no">
<kml:value>14130120100</kml:value>
</kml:Data>
<kml:Data name="s_e">
<kml:value/>
</kml:Data>
<kml:Data name="pole_phase">
<kml:value>R-Y-B</kml:value>
</kml:Data>
<kml:Data name="pole_use"/>
<kml:Data name="fdr_on_pol">
<kml:value>1.0</kml:value>
</kml:Data>
<kml:Data name="pol_hght">
<kml:value>36</kml:value>
</kml:Data>
<kml:Data name="pole_type">
<kml:value>Steel Structure</kml:value>
</kml:Data>
<kml:Data name="eqp_type">
<kml:value>Primary Pole</kml:value>
</kml:Data>
<kml:Data name="eqp_number">
<kml:value/>
</kml:Data>
<kml:Data name="eqp_unit"/>
<kml:Data name="eqp_size">
<kml:value/>
</kml:Data>
<kml:Data name="eqp_phase">
<kml:value/>
</kml:Data>
<kml:Data name="eqp_use"/>
<kml:Data name="eqp_status">
<kml:value/>
</kml:Data>
<kml:Data name="trafo_mke"/>
<kml:Data name="consmr_nam">
<kml:value/>
</kml:Data>
<kml:Data name="trafo_loc">
<kml:value/>
</kml:Data>
<kml:Data name="trafo_mnt"/>
<kml:Data name="angle"/>
<kml:Data name="tap_pole"/>
<kml:Data name="end_type">
<kml:value/>
</kml:Data>
<kml:Data name="rs_con"/>
<kml:Data name="rs_con1">
<kml:value>0.0</kml:value>
</kml:Data>
<kml:Data name="rs_con3">
<kml:value>0.0</kml:value>
</kml:Data>
<kml:Data name="sc_con">
<kml:value>0.0</kml:value>
</kml:Data>
<kml:Data name="lc_con">
<kml:value>0.0</kml:value>
</kml:Data>
<kml:Data name="si_con">
<kml:value>0.0</kml:value>
</kml:Data>
<kml:Data name="li_con">
<kml:value>0.0</kml:value>
</kml:Data>
<kml:Data name="pb_con">
<kml:value>0.0</kml:value>
</kml:Data>
<kml:Data name="ag_con">
<kml:value>0.0</kml:value>
</kml:Data>
<kml:Data name="st_con">
<kml:value>0.0</kml:value>
</kml:Data>
<kml:Data name="remarks">
<kml:value/>
</kml:Data>
<kml:Data name="wo_id">
<kml:value>386</kml:value>
</kml:Data>
<kml:Data name="sequence">
<kml:value>3</kml:value>
</kml:Data>
</kml:ExtendedData>
<kml:Point>
<kml:coordinates>67.88906298735483,29.537824857737135</kml:coordinates>
</kml:Point>
</kml:Placemark>
<kml:Placemark id="equipment_materialized.419660">
<kml:ExtendedData>
<kml:Data name="section_id">
<kml:value>02001314130120102</kml:value>
</kml:Data>
<kml:Data name="feedercode">
<kml:value>020013</kml:value>
</kml:Data>
<kml:Data name="substation">
<kml:value>220 KV-SIBI</kml:value>
</kml:Data>
<kml:Data name="gps_no">
<kml:value>14130120101</kml:value>
</kml:Data>
<kml:Data name="s_e">
<kml:value/>
</kml:Data>
<kml:Data name="pole_phase">
<kml:value>R-Y-B</kml:value>
</kml:Data>
<kml:Data name="pole_use"/>
<kml:Data name="fdr_on_pol">
<kml:value>1.0</kml:value>
</kml:Data>
<kml:Data name="pol_hght">
<kml:value>36</kml:value>
</kml:Data>
<kml:Data name="pole_type">
<kml:value>Steel Structure</kml:value>
</kml:Data>
<kml:Data name="eqp_type">
<kml:value>Primary Pole</kml:value>
</kml:Data>
<kml:Data name="eqp_number">
<kml:value/>
</kml:Data>
<kml:Data name="eqp_unit"/>
<kml:Data name="eqp_size">
<kml:value/>
</kml:Data>
<kml:Data name="eqp_phase">
<kml:value/>
</kml:Data>
<kml:Data name="eqp_use"/>
<kml:Data name="eqp_status">
<kml:value/>
</kml:Data>
<kml:Data name="trafo_mke"/>
<kml:Data name="consmr_nam">
<kml:value/>
</kml:Data>
<kml:Data name="trafo_loc">
<kml:value/>
</kml:Data>
<kml:Data name="trafo_mnt"/>
<kml:Data name="angle"/>
<kml:Data name="tap_pole"/>
<kml:Data name="end_type">
<kml:value/>
</kml:Data>
<kml:Data name="rs_con"/>
<kml:Data name="rs_con1">
<kml:value>0.0</kml:value>
</kml:Data>
<kml:Data name="rs_con3">
<kml:value>0.0</kml:value>
</kml:Data>
<kml:Data name="sc_con">
<kml:value>0.0</kml:value>
</kml:Data>
<kml:Data name="lc_con">
<kml:value>0.0</kml:value>
</kml:Data>
<kml:Data name="si_con">
<kml:value>0.0</kml:value>
</kml:Data>
<kml:Data name="li_con">
<kml:value>0.0</kml:value>
</kml:Data>
<kml:Data name="pb_con">
<kml:value>0.0</kml:value>
</kml:Data>
<kml:Data name="ag_con">
<kml:value>0.0</kml:value>
</kml:Data>
<kml:Data name="st_con">
<kml:value>0.0</kml:value>
</kml:Data>
<kml:Data name="remarks">
<kml:value/>
</kml:Data>
<kml:Data name="wo_id">
<kml:value>386</kml:value>
</kml:Data>
<kml:Data name="sequence">
<kml:value>4</kml:value>
</kml:Data>
</kml:ExtendedData>
<kml:Point>
<kml:coordinates>67.88857204701506,29.538317904658413</kml:coordinates>
</kml:Point>
</kml:Placemark>
<kml:Placemark id="equipment_materialized.419661">
<kml:ExtendedData>
<kml:Data name="section_id">
<kml:value>02001314130120102</kml:value>
</kml:Data>
<kml:Data name="feedercode">
<kml:value>020013</kml:value>
</kml:Data>
<kml:Data name="substation">
<kml:value>220 KV-SIBI</kml:value>
</kml:Data>
<kml:Data name="gps_no">
<kml:value>14130120102</kml:value>
</kml:Data>
<kml:Data name="s_e">
<kml:value>E</kml:value>
</kml:Data>
<kml:Data name="pole_phase">
<kml:value>R-Y-B</kml:value>
</kml:Data>
<kml:Data name="pole_use"/>
<kml:Data name="fdr_on_pol">
<kml:value>1.0</kml:value>
</kml:Data>
<kml:Data name="pol_hght">
<kml:value>36</kml:value>
</kml:Data>
<kml:Data name="pole_type">
<kml:value>Steel Structure</kml:value>
</kml:Data>
<kml:Data name="eqp_type">
<kml:value>Primary Pole</kml:value>
</kml:Data>
<kml:Data name="eqp_number">
<kml:value/>
</kml:Data>
<kml:Data name="eqp_unit"/>
<kml:Data name="eqp_size">
<kml:value/>
</kml:Data>
<kml:Data name="eqp_phase">
<kml:value/>
</kml:Data>
<kml:Data name="eqp_use"/>
<kml:Data name="eqp_status">
<kml:value/>
</kml:Data>
<kml:Data name="trafo_mke"/>
<kml:Data name="consmr_nam">
<kml:value/>
</kml:Data>
<kml:Data name="trafo_loc">
<kml:value/>
</kml:Data>
<kml:Data name="trafo_mnt"/>
<kml:Data name="angle"/>
<kml:Data name="tap_pole"/>
<kml:Data name="end_type">
<kml:value/>
</kml:Data>
<kml:Data name="rs_con"/>
<kml:Data name="rs_con1">
<kml:value>0.0</kml:value>
</kml:Data>
<kml:Data name="rs_con3">
<kml:value>0.0</kml:value>
</kml:Data>
<kml:Data name="sc_con">
<kml:value>0.0</kml:value>
</kml:Data>
<kml:Data name="lc_con">
<kml:value>0.0</kml:value>
</kml:Data>
<kml:Data name="si_con">
<kml:value>0.0</kml:value>
</kml:Data>
<kml:Data name="li_con">
<kml:value>0.0</kml:value>
</kml:Data>
<kml:Data name="pb_con">
<kml:value>0.0</kml:value>
</kml:Data>
<kml:Data name="ag_con">
<kml:value>0.0</kml:value>
</kml:Data>
<kml:Data name="st_con">
<kml:value>0.0</kml:value>
</kml:Data>
<kml:Data name="remarks">
<kml:value/>
</kml:Data>
<kml:Data name="wo_id">
<kml:value>386</kml:value>
</kml:Data>
<kml:Data name="sequence"/>
</kml:ExtendedData>
<kml:Point>
<kml:coordinates>67.88798103688131,29.538948906923956</kml:coordinates>
</kml:Point>
</kml:Placemark>
<kml:Placemark id="equipment_materialized.419663">
<kml:ExtendedData>
<kml:Data name="section_id">
<kml:value>02001314130120103</kml:value>
</kml:Data>
<kml:Data name="feedercode">
<kml:value>020013</kml:value>
</kml:Data>
<kml:Data name="substation">
<kml:value>220 KV-SIBI</kml:value>
</kml:Data>
<kml:Data name="gps_no">
<kml:value>14130120103</kml:value>
</kml:Data>
<kml:Data name="s_e">
<kml:value>E</kml:value>
</kml:Data>
<kml:Data name="pole_phase">
<kml:value>R-Y-B</kml:value>
</kml:Data>
<kml:Data name="pole_use"/>
<kml:Data name="fdr_on_pol">
<kml:value>1.0</kml:value>
</kml:Data>
<kml:Data name="pol_hght">
<kml:value>36</kml:value>
</kml:Data>
<kml:Data name="pole_type">
<kml:value>Steel Structure</kml:value>
</kml:Data>
<kml:Data name="eqp_type">
<kml:value>Transformer</kml:value>
</kml:Data>
<kml:Data name="eqp_number">
<kml:value>T-14130120103</kml:value>
</kml:Data>
<kml:Data name="eqp_unit"/>
<kml:Data name="eqp_size">
<kml:value>50</kml:value>
</kml:Data>
<kml:Data name="eqp_phase">
<kml:value>R-Y-B</kml:value>
</kml:Data>
<kml:Data name="eqp_use">
<kml:value>General Duty</kml:value>
</kml:Data>
<kml:Data name="eqp_status">
<kml:value>Connected</kml:value>
</kml:Data>
<kml:Data name="trafo_mke">
<kml:value>Siemens</kml:value>
</kml:Data>
<kml:Data name="consmr_nam">
<kml:value/>
</kml:Data>
<kml:Data name="trafo_loc">
<kml:value/>
</kml:Data>
<kml:Data name="trafo_mnt">
<kml:value>Double Pole</kml:value>
</kml:Data>
<kml:Data name="angle"/>
<kml:Data name="tap_pole"/>
<kml:Data name="end_type">
<kml:value/>
</kml:Data>
<kml:Data name="rs_con"/>
<kml:Data name="rs_con1">
<kml:value>0.0</kml:value>
</kml:Data>
<kml:Data name="rs_con3">
<kml:value>0.0</kml:value>
</kml:Data>
<kml:Data name="sc_con">
<kml:value>0.0</kml:value>
</kml:Data>
<kml:Data name="lc_con">
<kml:value>0.0</kml:value>
</kml:Data>
<kml:Data name="si_con">
<kml:value>0.0</kml:value>
</kml:Data>
<kml:Data name="li_con">
<kml:value>0.0</kml:value>
</kml:Data>
<kml:Data name="pb_con">
<kml:value>0.0</kml:value>
</kml:Data>
<kml:Data name="ag_con">
<kml:value>0.0</kml:value>
</kml:Data>
<kml:Data name="st_con">
<kml:value>0.0</kml:value>
</kml:Data>
<kml:Data name="remarks">
<kml:value/>
</kml:Data>
<kml:Data name="wo_id">
<kml:value>386</kml:value>
</kml:Data>
<kml:Data name="sequence"/>
</kml:ExtendedData>
<kml:Point>
<kml:coordinates>67.88796497728325,29.538935867693645</kml:coordinates>
</kml:Point>
</kml:Placemark>
<kml:Placemark id="equipment_materialized.419665">
<kml:ExtendedData>
<kml:Data name="section_id">
<kml:value>02001314130120104</kml:value>
</kml:Data>
<kml:Data name="feedercode">
<kml:value>020013</kml:value>
</kml:Data>
<kml:Data name="substation">
<kml:value>220 KV-SIBI</kml:value>
</kml:Data>
<kml:Data name="gps_no">
<kml:value>14130120104</kml:value>
</kml:Data>
<kml:Data name="s_e">
<kml:value>E</kml:value>
</kml:Data>
<kml:Data name="pole_phase">
<kml:value>R-Y-B</kml:value>
</kml:Data>
<kml:Data name="pole_use"/>
<kml:Data name="fdr_on_pol">
<kml:value>1.0</kml:value>
</kml:Data>
<kml:Data name="pol_hght">
<kml:value>36</kml:value>
</kml:Data>
<kml:Data name="pole_type">
<kml:value>Steel Structure</kml:value>
</kml:Data>
<kml:Data name="eqp_type">
<kml:value>Transformer</kml:value>
</kml:Data>
<kml:Data name="eqp_number">
<kml:value>T-14130120104</kml:value>
</kml:Data>
<kml:Data name="eqp_unit"/>
<kml:Data name="eqp_size">
<kml:value>50</kml:value>
</kml:Data>
<kml:Data name="eqp_phase">
<kml:value>R-Y-B</kml:value>
</kml:Data>
<kml:Data name="eqp_use">
<kml:value>General Duty</kml:value>
</kml:Data>
<kml:Data name="eqp_status">
<kml:value>Connected</kml:value>
</kml:Data>
<kml:Data name="trafo_mke">
<kml:value>Power Link</kml:value>
</kml:Data>
<kml:Data name="consmr_nam">
<kml:value/>
</kml:Data>
<kml:Data name="trafo_loc">
<kml:value/>
</kml:Data>
<kml:Data name="trafo_mnt">
<kml:value>Double Pole</kml:value>
</kml:Data>
<kml:Data name="angle"/>
<kml:Data name="tap_pole"/>
<kml:Data name="end_type">
<kml:value/>
</kml:Data>
<kml:Data name="rs_con"/>
<kml:Data name="rs_con1">
<kml:value>0.0</kml:value>
</kml:Data>
<kml:Data name="rs_con3">
<kml:value>0.0</kml:value>
</kml:Data>
<kml:Data name="sc_con">
<kml:value>0.0</kml:value>
</kml:Data>
<kml:Data name="lc_con">
<kml:value>0.0</kml:value>
</kml:Data>
<kml:Data name="si_con">
<kml:value>0.0</kml:value>
</kml:Data>
<kml:Data name="li_con">
<kml:value>0.0</kml:value>
</kml:Data>
<kml:Data name="pb_con">
<kml:value>0.0</kml:value>
</kml:Data>
<kml:Data name="ag_con">
<kml:value>0.0</kml:value>
</kml:Data>
<kml:Data name="st_con">
<kml:value>0.0</kml:value>
</kml:Data>
<kml:Data name="remarks">
<kml:value/>
</kml:Data>
<kml:Data name="wo_id">
<kml:value>386</kml:value>
</kml:Data>
<kml:Data name="sequence"/>
</kml:ExtendedData>
<kml:Point>
<kml:coordinates>67.8879520286846,29.538930886177237</kml:coordinates>
</kml:Point>
</kml:Placemark>
<kml:Placemark id="equipment_materialized.419667">
<kml:ExtendedData>
<kml:Data name="section_id">
<kml:value>02001314130120111</kml:value>
</kml:Data>
<kml:Data name="feedercode">
<kml:value>020013</kml:value>
</kml:Data>
<kml:Data name="substation">
<kml:value>220 KV-SIBI</kml:value>
</kml:Data>
<kml:Data name="gps_no">
<kml:value>14130120105</kml:value>
</kml:Data>
<kml:Data name="s_e">
<kml:value/>
</kml:Data>
<kml:Data name="pole_phase">
<kml:value>R-Y-B</kml:value>
</kml:Data>
<kml:Data name="pole_use"/>
<kml:Data name="fdr_on_pol">
<kml:value>1.0</kml:value>
</kml:Data>
<kml:Data name="pol_hght">
<kml:value>36</kml:value>
</kml:Data>
<kml:Data name="pole_type">
<kml:value>Steel Structure</kml:value>
</kml:Data>
<kml:Data name="eqp_type">
<kml:value>Primary Pole</kml:value>
</kml:Data>
<kml:Data name="eqp_number">
<kml:value/>
</kml:Data>
<kml:Data name="eqp_unit"/>
<kml:Data name="eqp_size">
<kml:value/>
</kml:Data>
<kml:Data name="eqp_phase">
<kml:value/>
</kml:Data>
<kml:Data name="eqp_use"/>
<kml:Data name="eqp_status">
<kml:value/>
</kml:Data>
<kml:Data name="trafo_mke"/>
<kml:Data name="consmr_nam">
<kml:value/>
</kml:Data>
<kml:Data name="trafo_loc">
<kml:value/>
</kml:Data>
<kml:Data name="trafo_mnt"/>
<kml:Data name="angle"/>
<kml:Data name="tap_pole"/>
<kml:Data name="end_type">
<kml:value/>
</kml:Data>
<kml:Data name="rs_con"/>
<kml:Data name="rs_con1">
<kml:value>0.0</kml:value>
</kml:Data>
<kml:Data name="rs_con3">
<kml:value>0.0</kml:value>
</kml:Data>
<kml:Data name="sc_con">
<kml:value>0.0</kml:value>
</kml:Data>
<kml:Data name="lc_con">
<kml:value>0.0</kml:value>
</kml:Data>
<kml:Data name="si_con">
<kml:value>0.0</kml:value>
</kml:Data>
<kml:Data name="li_con">
<kml:value>0.0</kml:value>
</kml:Data>
<kml:Data name="pb_con">
<kml:value>0.0</kml:value>
</kml:Data>
<kml:Data name="ag_con">
<kml:value>0.0</kml:value>
</kml:Data>
<kml:Data name="st_con">
<kml:value>0.0</kml:value>
</kml:Data>
<kml:Data name="remarks">
<kml:value/>
</kml:Data>
<kml:Data name="wo_id">
<kml:value>386</kml:value>
</kml:Data>
<kml:Data name="sequence">
<kml:value>0</kml:value>
</kml:Data>
</kml:ExtendedData>
<kml:Point>
<kml:coordinates>67.88753100832119,29.53937090941005</kml:coordinates>
</kml:Point>
</kml:Placemark>
<kml:Placemark id="equipment_materialized.419668">
<kml:ExtendedData>
<kml:Data name="section_id">
<kml:value>02001314130120111</kml:value>
</kml:Data>
<kml:Data name="feedercode">
<kml:value>020013</kml:value>
</kml:Data>
<kml:Data name="substation">
<kml:value>220 KV-SIBI</kml:value>
</kml:Data>
<kml:Data name="gps_no">
<kml:value>14130120106</kml:value>
</kml:Data>
<kml:Data name="s_e">
<kml:value/>
</kml:Data>
<kml:Data name="pole_phase">
<kml:value>R-Y-B</kml:value>
</kml:Data>
<kml:Data name="pole_use"/>
<kml:Data name="fdr_on_pol">
<kml:value>1.0</kml:value>
</kml:Data>
<kml:Data name="pol_hght">
<kml:value>36</kml:value>
</kml:Data>
<kml:Data name="pole_type">
<kml:value>Steel Structure</kml:value>
</kml:Data>
<kml:Data name="eqp_type">
<kml:value>Primary Pole</kml:value>
</kml:Data>
<kml:Data name="eqp_number">
<kml:value/>
</kml:Data>
<kml:Data name="eqp_unit"/>
<kml:Data name="eqp_size">
<kml:value/>
</kml:Data>
<kml:Data name="eqp_phase">
<kml:value/>
</kml:Data>
<kml:Data name="eqp_use"/>
<kml:Data name="eqp_status">
<kml:value/>
</kml:Data>
<kml:Data name="trafo_mke"/>
<kml:Data name="consmr_nam">
<kml:value/>
</kml:Data>
<kml:Data name="trafo_loc">
<kml:value/>
</kml:Data>
<kml:Data name="trafo_mnt"/>
<kml:Data name="angle"/>
<kml:Data name="tap_pole"/>
<kml:Data name="end_type">
<kml:value/>
</kml:Data>
<kml:Data name="rs_con"/>
<kml:Data name="rs_con1">
<kml:value>0.0</kml:value>
</kml:Data>
<kml:Data name="rs_con3">
<kml:value>0.0</kml:value>
</kml:Data>
<kml:Data name="sc_con">
<kml:value>0.0</kml:value>
</kml:Data>
<kml:Data name="lc_con">
<kml:value>0.0</kml:value>
</kml:Data>
<kml:Data name="si_con">
<kml:value>0.0</kml:value>
</kml:Data>
<kml:Data name="li_con">
<kml:value>0.0</kml:value>
</kml:Data>
<kml:Data name="pb_con">
<kml:value>0.0</kml:value>
</kml:Data>
<kml:Data name="ag_con">
<kml:value>0.0</kml:value>
</kml:Data>
<kml:Data name="st_con">
<kml:value>0.0</kml:value>
</kml:Data>
<kml:Data name="remarks">
<kml:value/>
</kml:Data>
<kml:Data name="wo_id">
<kml:value>386</kml:value>
</kml:Data>
<kml:Data name="sequence">
<kml:value>1</kml:value>
</kml:Data>
</kml:ExtendedData>
<kml:Point>
<kml:coordinates>67.8872719813798,29.539690910214706</kml:coordinates>
</kml:Point>
</kml:Placemark>
<kml:Placemark id="equipment_materialized.419669">
<kml:ExtendedData>
<kml:Data name="section_id">
<kml:value>02001314130120111</kml:value>
</kml:Data>
<kml:Data name="feedercode">
<kml:value>020013</kml:value>
</kml:Data>
<kml:Data name="substation">
<kml:value>220 KV-SIBI</kml:value>
</kml:Data>
<kml:Data name="gps_no">
<kml:value>14130120107</kml:value>
</kml:Data>
<kml:Data name="s_e">
<kml:value/>
</kml:Data>
<kml:Data name="pole_phase">
<kml:value>R-Y-B</kml:value>
</kml:Data>
<kml:Data name="pole_use"/>
<kml:Data name="fdr_on_pol">
<kml:value>1.0</kml:value>
</kml:Data>
<kml:Data name="pol_hght">
<kml:value>36</kml:value>
</kml:Data>
<kml:Data name="pole_type">
<kml:value>Steel Structure</kml:value>
</kml:Data>
<kml:Data name="eqp_type">
<kml:value>Primary Pole</kml:value>
</kml:Data>
<kml:Data name="eqp_number">
<kml:value/>
</kml:Data>
<kml:Data name="eqp_unit"/>
<kml:Data name="eqp_size">
<kml:value/>
</kml:Data>
<kml:Data name="eqp_phase">
<kml:value/>
</kml:Data>
<kml:Data name="eqp_use"/>
<kml:Data name="eqp_status">
<kml:value/>
</kml:Data>
<kml:Data name="trafo_mke"/>
<kml:Data name="consmr_nam">
<kml:value/>
</kml:Data>
<kml:Data name="trafo_loc">
<kml:value/>
</kml:Data>
<kml:Data name="trafo_mnt"/>
<kml:Data name="angle"/>
<kml:Data name="tap_pole"/>
<kml:Data name="end_type">
<kml:value/>
</kml:Data>
<kml:Data name="rs_con"/>
<kml:Data name="rs_con1">
<kml:value>0.0</kml:value>
</kml:Data>
<kml:Data name="rs_con3">
<kml:value>0.0</kml:value>
</kml:Data>
<kml:Data name="sc_con">
<kml:value>0.0</kml:value>
</kml:Data>
<kml:Data name="lc_con">
<kml:value>0.0</kml:value>
</kml:Data>
<kml:Data name="si_con">
<kml:value>0.0</kml:value>
</kml:Data>
<kml:Data name="li_con">
<kml:value>0.0</kml:value>
</kml:Data>
<kml:Data name="pb_con">
<kml:value>0.0</kml:value>
</kml:Data>
<kml:Data name="ag_con">
<kml:value>0.0</kml:value>
</kml:Data>
<kml:Data name="st_con">
<kml:value>0.0</kml:value>
</kml:Data>
<kml:Data name="remarks">
<kml:value/>
</kml:Data>
<kml:Data name="wo_id">
<kml:value>386</kml:value>
</kml:Data>
<kml:Data name="sequence">
<kml:value>2</kml:value>
</kml:Data>
</kml:ExtendedData>
<kml:Point>
<kml:coordinates>67.88699898938978,29.540060878684105</kml:coordinates>
</kml:Point>
</kml:Placemark>
<kml:Placemark id="equipment_materialized.419670">
<kml:ExtendedData>
<kml:Data name="section_id">
<kml:value>02001314130120111</kml:value>
</kml:Data>
<kml:Data name="feedercode">
<kml:value>020013</kml:value>
</kml:Data>
<kml:Data name="substation">
<kml:value>220 KV-SIBI</kml:value>
</kml:Data>
<kml:Data name="gps_no">
<kml:value>14130120108</kml:value>
</kml:Data>
<kml:Data name="s_e">
<kml:value/>
</kml:Data>
<kml:Data name="pole_phase">
<kml:value>R-Y-B</kml:value>
</kml:Data>
<kml:Data name="pole_use"/>
<kml:Data name="fdr_on_pol">
<kml:value>1.0</kml:value>
</kml:Data>
<kml:Data name="pol_hght">
<kml:value>36</kml:value>
</kml:Data>
<kml:Data name="pole_type">
<kml:value>Steel Structure</kml:value>
</kml:Data>
<kml:Data name="eqp_type">
<kml:value>Primary Pole</kml:value>
</kml:Data>
<kml:Data name="eqp_number">
<kml:value/>
</kml:Data>
<kml:Data name="eqp_unit"/>
<kml:Data name="eqp_size">
<kml:value/>
</kml:Data>
<kml:Data name="eqp_phase">
<kml:value/>
</kml:Data>
<kml:Data name="eqp_use"/>
<kml:Data name="eqp_status">
<kml:value/>
</kml:Data>
<kml:Data name="trafo_mke"/>
<kml:Data name="consmr_nam">
<kml:value/>
</kml:Data>
<kml:Data name="trafo_loc">
<kml:value/>
</kml:Data>
<kml:Data name="trafo_mnt"/>
<kml:Data name="angle"/>
<kml:Data name="tap_pole"/>
<kml:Data name="end_type">
<kml:value/>
</kml:Data>
<kml:Data name="rs_con"/>
<kml:Data name="rs_con1">
<kml:value>0.0</kml:value>
</kml:Data>
<kml:Data name="rs_con3">
<kml:value>0.0</kml:value>
</kml:Data>
<kml:Data name="sc_con">
<kml:value>0.0</kml:value>
</kml:Data>
<kml:Data name="lc_con">
<kml:value>0.0</kml:value>
</kml:Data>
<kml:Data name="si_con">
<kml:value>0.0</kml:value>
</kml:Data>
<kml:Data name="li_con">
<kml:value>0.0</kml:value>
</kml:Data>
<kml:Data name="pb_con">
<kml:value>0.0</kml:value>
</kml:Data>
<kml:Data name="ag_con">
<kml:value>0.0</kml:value>
</kml:Data>
<kml:Data name="st_con">
<kml:value>0.0</kml:value>
</kml:Data>
<kml:Data name="remarks">
<kml:value/>
</kml:Data>
<kml:Data name="wo_id">
<kml:value>386</kml:value>
</kml:Data>
<kml:Data name="sequence">
<kml:value>3</kml:value>
</kml:Data>
</kml:ExtendedData>
<kml:Point>
<kml:coordinates>67.88670302216134,29.540398888309998</kml:coordinates>
</kml:Point>
</kml:Placemark>
<kml:Placemark id="equipment_materialized.419671">
<kml:ExtendedData>
<kml:Data name="section_id">
<kml:value>02001314130120111</kml:value>
</kml:Data>
<kml:Data name="feedercode">
<kml:value>020013</kml:value>
</kml:Data>
<kml:Data name="substation">
<kml:value>220 KV-SIBI</kml:value>
</kml:Data>
<kml:Data name="gps_no">
<kml:value>14130120109</kml:value>
</kml:Data>
<kml:Data name="s_e">
<kml:value/>
</kml:Data>
<kml:Data name="pole_phase">
<kml:value>R-Y-B</kml:value>
</kml:Data>
<kml:Data name="pole_use"/>
<kml:Data name="fdr_on_pol">
<kml:value>1.0</kml:value>
</kml:Data>
<kml:Data name="pol_hght">
<kml:value>36</kml:value>
</kml:Data>
<kml:Data name="pole_type">
<kml:value>Steel Structure</kml:value>
</kml:Data>
<kml:Data name="eqp_type">
<kml:value>Primary Pole</kml:value>
</kml:Data>
<kml:Data name="eqp_number">
<kml:value/>
</kml:Data>
<kml:Data name="eqp_unit"/>
<kml:Data name="eqp_size">
<kml:value/>
</kml:Data>
<kml:Data name="eqp_phase">
<kml:value/>
</kml:Data>
<kml:Data name="eqp_use"/>
<kml:Data name="eqp_status">
<kml:value/>
</kml:Data>
<kml:Data name="trafo_mke"/>
<kml:Data name="consmr_nam">
<kml:value/>
</kml:Data>
<kml:Data name="trafo_loc">
<kml:value/>
</kml:Data>
<kml:Data name="trafo_mnt"/>
<kml:Data name="angle"/>
<kml:Data name="tap_pole"/>
<kml:Data name="end_type">
<kml:value/>
</kml:Data>
<kml:Data name="rs_con"/>
<kml:Data name="rs_con1">
<kml:value>0.0</kml:value>
</kml:Data>
<kml:Data name="rs_con3">
<kml:value>0.0</kml:value>
</kml:Data>
<kml:Data name="sc_con">
<kml:value>0.0</kml:value>
</kml:Data>
<kml:Data name="lc_con">
<kml:value>0.0</kml:value>
</kml:Data>
<kml:Data name="si_con">
<kml:value>0.0</kml:value>
</kml:Data>
<kml:Data name="li_con">
<kml:value>0.0</kml:value>
</kml:Data>
<kml:Data name="pb_con">
<kml:value>0.0</kml:value>
</kml:Data>
<kml:Data name="ag_con">
<kml:value>0.0</kml:value>
</kml:Data>
<kml:Data name="st_con">
<kml:value>0.0</kml:value>
</kml:Data>
<kml:Data name="remarks">
<kml:value/>
</kml:Data>
<kml:Data name="wo_id">
<kml:value>386</kml:value>
</kml:Data>
<kml:Data name="sequence">
<kml:value>4</kml:value>
</kml:Data>
</kml:ExtendedData>
<kml:Point>
<kml:coordinates>67.88646497188529,29.540781872664816</kml:coordinates>
</kml:Point>
</kml:Placemark>
<kml:Placemark id="equipment_materialized.419672">
<kml:ExtendedData>
<kml:Data name="section_id">
<kml:value>02001314130120111</kml:value>
</kml:Data>
<kml:Data name="feedercode">
<kml:value>020013</kml:value>
</kml:Data>
<kml:Data name="substation">
<kml:value>220 KV-SIBI</kml:value>
</kml:Data>
<kml:Data name="gps_no">
<kml:value>14130120110</kml:value>
</kml:Data>
<kml:Data name="s_e">
<kml:value/>
</kml:Data>
<kml:Data name="pole_phase">
<kml:value>R-Y-B</kml:value>
</kml:Data>
<kml:Data name="pole_use"/>
<kml:Data name="fdr_on_pol">
<kml:value>1.0</kml:value>
</kml:Data>
<kml:Data name="pol_hght">
<kml:value>36</kml:value>
</kml:Data>
<kml:Data name="pole_type">
<kml:value>Steel Structure</kml:value>
</kml:Data>
<kml:Data name="eqp_type">
<kml:value>Primary Pole</kml:value>
</kml:Data>
<kml:Data name="eqp_number">
<kml:value/>
</kml:Data>
<kml:Data name="eqp_unit"/>
<kml:Data name="eqp_size">
<kml:value/>
</kml:Data>
<kml:Data name="eqp_phase">
<kml:value/>
</kml:Data>
<kml:Data name="eqp_use"/>
<kml:Data name="eqp_status">
<kml:value/>
</kml:Data>
<kml:Data name="trafo_mke"/>
<kml:Data name="consmr_nam">
<kml:value/>
</kml:Data>
<kml:Data name="trafo_loc">
<kml:value/>
</kml:Data>
<kml:Data name="trafo_mnt"/>
<kml:Data name="angle"/>
<kml:Data name="tap_pole"/>
<kml:Data name="end_type">
<kml:value/>
</kml:Data>
<kml:Data name="rs_con"/>
<kml:Data name="rs_con1">
<kml:value>0.0</kml:value>
</kml:Data>
<kml:Data name="rs_con3">
<kml:value>0.0</kml:value>
</kml:Data>
<kml:Data name="sc_con">
<kml:value>0.0</kml:value>
</kml:Data>
<kml:Data name="lc_con">
<kml:value>0.0</kml:value>
</kml:Data>
<kml:Data name="si_con">
<kml:value>0.0</kml:value>
</kml:Data>
<kml:Data name="li_con">
<kml:value>0.0</kml:value>
</kml:Data>
<kml:Data name="pb_con">
<kml:value>0.0</kml:value>
</kml:Data>
<kml:Data name="ag_con">
<kml:value>0.0</kml:value>
</kml:Data>
<kml:Data name="st_con">
<kml:value>0.0</kml:value>
</kml:Data>
<kml:Data name="remarks">
<kml:value/>
</kml:Data>
<kml:Data name="wo_id">
<kml:value>386</kml:value>
</kml:Data>
<kml:Data name="sequence">
<kml:value>5</kml:value>
</kml:Data>
</kml:ExtendedData>
<kml:Point>
<kml:coordinates>67.88630098863393,29.541129921392223</kml:coordinates>
</kml:Point>
</kml:Placemark>
<kml:Placemark id="equipment_materialized.419673">
<kml:ExtendedData>
<kml:Data name="section_id">
<kml:value>02001314130120111</kml:value>
</kml:Data>
<kml:Data name="feedercode">
<kml:value>020013</kml:value>
</kml:Data>
<kml:Data name="substation">
<kml:value>220 KV-SIBI</kml:value>
</kml:Data>
<kml:Data name="gps_no">
<kml:value>14130120111</kml:value>
</kml:Data>
<kml:Data name="s_e">
<kml:value>E</kml:value>
</kml:Data>
<kml:Data name="pole_phase">
<kml:value>R-Y-B</kml:value>
</kml:Data>
<kml:Data name="pole_use"/>
<kml:Data name="fdr_on_pol">
<kml:value>1.0</kml:value>
</kml:Data>
<kml:Data name="pol_hght">
<kml:value>36</kml:value>
</kml:Data>
<kml:Data name="pole_type">
<kml:value>Steel Structure</kml:value>
</kml:Data>
<kml:Data name="eqp_type">
<kml:value>Primary Pole</kml:value>
</kml:Data>
<kml:Data name="eqp_number">
<kml:value/>
</kml:Data>
<kml:Data name="eqp_unit"/>
<kml:Data name="eqp_size">
<kml:value/>
</kml:Data>
<kml:Data name="eqp_phase">
<kml:value/>
</kml:Data>
<kml:Data name="eqp_use"/>
<kml:Data name="eqp_status">
<kml:value/>
</kml:Data>
<kml:Data name="trafo_mke"/>
<kml:Data name="consmr_nam">
<kml:value/>
</kml:Data>
<kml:Data name="trafo_loc">
<kml:value/>
</kml:Data>
<kml:Data name="trafo_mnt"/>
<kml:Data name="angle"/>
<kml:Data name="tap_pole"/>
<kml:Data name="end_type">
<kml:value/>
</kml:Data>
<kml:Data name="rs_con"/>
<kml:Data name="rs_con1">
<kml:value>0.0</kml:value>
</kml:Data>
<kml:Data name="rs_con3">
<kml:value>0.0</kml:value>
</kml:Data>
<kml:Data name="sc_con">
<kml:value>0.0</kml:value>
</kml:Data>
<kml:Data name="lc_con">
<kml:value>0.0</kml:value>
</kml:Data>
<kml:Data name="si_con">
<kml:value>0.0</kml:value>
</kml:Data>
<kml:Data name="li_con">
<kml:value>0.0</kml:value>
</kml:Data>
<kml:Data name="pb_con">
<kml:value>0.0</kml:value>
</kml:Data>
<kml:Data name="ag_con">
<kml:value>0.0</kml:value>
</kml:Data>
<kml:Data name="st_con">
<kml:value>0.0</kml:value>
</kml:Data>
<kml:Data name="remarks">
<kml:value/>
</kml:Data>
<kml:Data name="wo_id">
<kml:value>386</kml:value>
</kml:Data>
<kml:Data name="sequence"/>
</kml:ExtendedData>
<kml:Point>
<kml:coordinates>67.88606195958997,29.541601876854454</kml:coordinates>
</kml:Point>
</kml:Placemark>
<kml:Placemark id="equipment_materialized.419675">
<kml:ExtendedData>
<kml:Data name="section_id">
<kml:value>02001314130120113</kml:value>
</kml:Data>
<kml:Data name="feedercode">
<kml:value>020013</kml:value>
</kml:Data>
<kml:Data name="substation">
<kml:value>220 KV-SIBI</kml:value>
</kml:Data>
<kml:Data name="gps_no">
<kml:value>14130120112</kml:value>
</kml:Data>
<kml:Data name="s_e">
<kml:value/>
</kml:Data>
<kml:Data name="pole_phase">
<kml:value>R-Y-B</kml:value>
</kml:Data>
<kml:Data name="pole_use"/>
<kml:Data name="fdr_on_pol">
<kml:value>1.0</kml:value>
</kml:Data>
<kml:Data name="pol_hght">
<kml:value>36</kml:value>
</kml:Data>
<kml:Data name="pole_type">
<kml:value>Steel Structure</kml:value>
</kml:Data>
<kml:Data name="eqp_type">
<kml:value>Primary Pole</kml:value>
</kml:Data>
<kml:Data name="eqp_number">
<kml:value/>
</kml:Data>
<kml:Data name="eqp_unit"/>
<kml:Data name="eqp_size">
<kml:value/>
</kml:Data>
<kml:Data name="eqp_phase">
<kml:value/>
</kml:Data>
<kml:Data name="eqp_use"/>
<kml:Data name="eqp_status">
<kml:value/>
</kml:Data>
<kml:Data name="trafo_mke"/>
<kml:Data name="consmr_nam">
<kml:value/>
</kml:Data>
<kml:Data name="trafo_loc">
<kml:value/>
</kml:Data>
<kml:Data name="trafo_mnt"/>
<kml:Data name="angle"/>
<kml:Data name="tap_pole"/>
<kml:Data name="end_type">
<kml:value/>
</kml:Data>
<kml:Data name="rs_con"/>
<kml:Data name="rs_con1">
<kml:value>0.0</kml:value>
</kml:Data>
<kml:Data name="rs_con3">
<kml:value>0.0</kml:value>
</kml:Data>
<kml:Data name="sc_con">
<kml:value>0.0</kml:value>
</kml:Data>
<kml:Data name="lc_con">
<kml:value>0.0</kml:value>
</kml:Data>
<kml:Data name="si_con">
<kml:value>0.0</kml:value>
</kml:Data>
<kml:Data name="li_con">
<kml:value>0.0</kml:value>
</kml:Data>
<kml:Data name="pb_con">
<kml:value>0.0</kml:value>
</kml:Data>
<kml:Data name="ag_con">
<kml:value>0.0</kml:value>
</kml:Data>
<kml:Data name="st_con">
<kml:value>0.0</kml:value>
</kml:Data>
<kml:Data name="remarks">
<kml:value/>
</kml:Data>
<kml:Data name="wo_id">
<kml:value>386</kml:value>
</kml:Data>
<kml:Data name="sequence">
<kml:value>0</kml:value>
</kml:Data>
</kml:ExtendedData>
<kml:Point>
<kml:coordinates>67.8863450044885,29.541821916843453</kml:coordinates>
</kml:Point>
</kml:Placemark>
<kml:Placemark id="equipment_materialized.419676">
<kml:ExtendedData>
<kml:Data name="section_id">
<kml:value>02001314130120113</kml:value>
</kml:Data>
<kml:Data name="feedercode">
<kml:value>020013</kml:value>
</kml:Data>
<kml:Data name="substation">
<kml:value>220 KV-SIBI</kml:value>
</kml:Data>
<kml:Data name="gps_no">
<kml:value>14130120113</kml:value>
</kml:Data>
<kml:Data name="s_e">
<kml:value>E</kml:value>
</kml:Data>
<kml:Data name="pole_phase">
<kml:value>R-Y-B</kml:value>
</kml:Data>
<kml:Data name="pole_use"/>
<kml:Data name="fdr_on_pol">
<kml:value>1.0</kml:value>
</kml:Data>
<kml:Data name="pol_hght">
<kml:value>36</kml:value>
</kml:Data>
<kml:Data name="pole_type">
<kml:value>Steel Structure</kml:value>
</kml:Data>
<kml:Data name="eqp_type">
<kml:value>Primary Pole</kml:value>
</kml:Data>
<kml:Data name="eqp_number">
<kml:value/>
</kml:Data>
<kml:Data name="eqp_unit"/>
<kml:Data name="eqp_size">
<kml:value/>
</kml:Data>
<kml:Data name="eqp_phase">
<kml:value/>
</kml:Data>
<kml:Data name="eqp_use"/>
<kml:Data name="eqp_status">
<kml:value/>
</kml:Data>
<kml:Data name="trafo_mke"/>
<kml:Data name="consmr_nam">
<kml:value/>
</kml:Data>
<kml:Data name="trafo_loc">
<kml:value/>
</kml:Data>
<kml:Data name="trafo_mnt"/>
<kml:Data name="angle"/>
<kml:Data name="tap_pole"/>
<kml:Data name="end_type">
<kml:value/>
</kml:Data>
<kml:Data name="rs_con"/>
<kml:Data name="rs_con1">
<kml:value>0.0</kml:value>
</kml:Data>
<kml:Data name="rs_con3">
<kml:value>0.0</kml:value>
</kml:Data>
<kml:Data name="sc_con">
<kml:value>0.0</kml:value>
</kml:Data>
<kml:Data name="lc_con">
<kml:value>0.0</kml:value>
</kml:Data>
<kml:Data name="si_con">
<kml:value>0.0</kml:value>
</kml:Data>
<kml:Data name="li_con">
<kml:value>0.0</kml:value>
</kml:Data>
<kml:Data name="pb_con">
<kml:value>0.0</kml:value>
</kml:Data>
<kml:Data name="ag_con">
<kml:value>0.0</kml:value>
</kml:Data>
<kml:Data name="st_con">
<kml:value>0.0</kml:value>
</kml:Data>
<kml:Data name="remarks">
<kml:value/>
</kml:Data>
<kml:Data name="wo_id">
<kml:value>386</kml:value>
</kml:Data>
<kml:Data name="sequence"/>
</kml:ExtendedData>
<kml:Point>
<kml:coordinates>67.8868440331036,29.54215684099473</kml:coordinates>
</kml:Point>
</kml:Placemark>
<kml:Placemark id="equipment_materialized.419678">
<kml:ExtendedData>
<kml:Data name="section_id">
<kml:value>02001314130120114</kml:value>
</kml:Data>
<kml:Data name="feedercode">
<kml:value>020013</kml:value>
</kml:Data>
<kml:Data name="substation">
<kml:value>220 KV-SIBI</kml:value>
</kml:Data>
<kml:Data name="gps_no">
<kml:value>14130120114</kml:value>
</kml:Data>
<kml:Data name="s_e">
<kml:value>E</kml:value>
</kml:Data>
<kml:Data name="pole_phase">
<kml:value>R-Y-B</kml:value>
</kml:Data>
<kml:Data name="pole_use"/>
<kml:Data name="fdr_on_pol">
<kml:value>1.0</kml:value>
</kml:Data>
<kml:Data name="pol_hght">
<kml:value>36</kml:value>
</kml:Data>
<kml:Data name="pole_type">
<kml:value>Steel Structure</kml:value>
</kml:Data>
<kml:Data name="eqp_type">
<kml:value>Transformer</kml:value>
</kml:Data>
<kml:Data name="eqp_number">
<kml:value>T-14130120114</kml:value>
</kml:Data>
<kml:Data name="eqp_unit"/>
<kml:Data name="eqp_size">
<kml:value>50</kml:value>
</kml:Data>
<kml:Data name="eqp_phase">
<kml:value>R-Y-B</kml:value>
</kml:Data>
<kml:Data name="eqp_use">
<kml:value>General Duty</kml:value>
</kml:Data>
<kml:Data name="eqp_status">
<kml:value>Connected</kml:value>
</kml:Data>
<kml:Data name="trafo_mke">
<kml:value>Siemens</kml:value>
</kml:Data>
<kml:Data name="consmr_nam">
<kml:value/>
</kml:Data>
<kml:Data name="trafo_loc">
<kml:value/>
</kml:Data>
<kml:Data name="trafo_mnt"/>
<kml:Data name="angle"/>
<kml:Data name="tap_pole"/>
<kml:Data name="end_type">
<kml:value/>
</kml:Data>
<kml:Data name="rs_con"/>
<kml:Data name="rs_con1">
<kml:value>0.0</kml:value>
</kml:Data>
<kml:Data name="rs_con3">
<kml:value>0.0</kml:value>
</kml:Data>
<kml:Data name="sc_con">
<kml:value>0.0</kml:value>
</kml:Data>
<kml:Data name="lc_con">
<kml:value>0.0</kml:value>
</kml:Data>
<kml:Data name="si_con">
<kml:value>0.0</kml:value>
</kml:Data>
<kml:Data name="li_con">
<kml:value>0.0</kml:value>
</kml:Data>
<kml:Data name="pb_con">
<kml:value>0.0</kml:value>
</kml:Data>
<kml:Data name="ag_con">
<kml:value>0.0</kml:value>
</kml:Data>
<kml:Data name="st_con">
<kml:value>0.0</kml:value>
</kml:Data>
<kml:Data name="remarks">
<kml:value/>
</kml:Data>
<kml:Data name="wo_id">
<kml:value>386</kml:value>
</kml:Data>
<kml:Data name="sequence"/>
</kml:ExtendedData>
<kml:Point>
<kml:coordinates>67.88682503271737,29.54215785498265</kml:coordinates>
</kml:Point>
</kml:Placemark>
<kml:Placemark id="equipment_materialized.419680">
<kml:ExtendedData>
<kml:Data name="section_id">
<kml:value>02001314130120115</kml:value>
</kml:Data>
<kml:Data name="feedercode">
<kml:value>020013</kml:value>
</kml:Data>
<kml:Data name="substation">
<kml:value>220 KV-SIBI</kml:value>
</kml:Data>
<kml:Data name="gps_no">
<kml:value>14130120115</kml:value>
</kml:Data>
<kml:Data name="s_e">
<kml:value>E</kml:value>
</kml:Data>
<kml:Data name="pole_phase">
<kml:value>R-Y-B</kml:value>
</kml:Data>
<kml:Data name="pole_use"/>
<kml:Data name="fdr_on_pol">
<kml:value>1.0</kml:value>
</kml:Data>
<kml:Data name="pol_hght">
<kml:value>36</kml:value>
</kml:Data>
<kml:Data name="pole_type">
<kml:value>Steel Structure</kml:value>
</kml:Data>
<kml:Data name="eqp_type">
<kml:value>Primary Pole</kml:value>
</kml:Data>
<kml:Data name="eqp_number">
<kml:value/>
</kml:Data>
<kml:Data name="eqp_unit"/>
<kml:Data name="eqp_size">
<kml:value/>
</kml:Data>
<kml:Data name="eqp_phase">
<kml:value/>
</kml:Data>
<kml:Data name="eqp_use"/>
<kml:Data name="eqp_status">
<kml:value/>
</kml:Data>
<kml:Data name="trafo_mke"/>
<kml:Data name="consmr_nam">
<kml:value/>
</kml:Data>
<kml:Data name="trafo_loc">
<kml:value/>
</kml:Data>
<kml:Data name="trafo_mnt"/>
<kml:Data name="angle"/>
<kml:Data name="tap_pole"/>
<kml:Data name="end_type">
<kml:value>SDE</kml:value>
</kml:Data>
<kml:Data name="rs_con"/>
<kml:Data name="rs_con1">
<kml:value>0.0</kml:value>
</kml:Data>
<kml:Data name="rs_con3">
<kml:value>0.0</kml:value>
</kml:Data>
<kml:Data name="sc_con">
<kml:value>0.0</kml:value>
</kml:Data>
<kml:Data name="lc_con">
<kml:value>0.0</kml:value>
</kml:Data>
<kml:Data name="si_con">
<kml:value>0.0</kml:value>
</kml:Data>
<kml:Data name="li_con">
<kml:value>0.0</kml:value>
</kml:Data>
<kml:Data name="pb_con">
<kml:value>0.0</kml:value>
</kml:Data>
<kml:Data name="ag_con">
<kml:value>0.0</kml:value>
</kml:Data>
<kml:Data name="st_con">
<kml:value>0.0</kml:value>
</kml:Data>
<kml:Data name="remarks">
<kml:value/>
</kml:Data>
<kml:Data name="wo_id">
<kml:value>386</kml:value>
</kml:Data>
<kml:Data name="sequence"/>
</kml:ExtendedData>
<kml:Point>
<kml:coordinates>67.88720404617128,29.541794911605745</kml:coordinates>
</kml:Point>
</kml:Placemark>
<kml:Placemark id="equipment_materialized.419682">
<kml:ExtendedData>
<kml:Data name="section_id">
<kml:value>02001314130120116</kml:value>
</kml:Data>
<kml:Data name="feedercode">
<kml:value>020013</kml:value>
</kml:Data>
<kml:Data name="substation">
<kml:value>220 KV-SIBI</kml:value>
</kml:Data>
<kml:Data name="gps_no">
<kml:value>14130120116</kml:value>
</kml:Data>
<kml:Data name="s_e">
<kml:value>E</kml:value>
</kml:Data>
<kml:Data name="pole_phase">
<kml:value>R-Y-B</kml:value>
</kml:Data>
<kml:Data name="pole_use"/>
<kml:Data name="fdr_on_pol">
<kml:value>1.0</kml:value>
</kml:Data>
<kml:Data name="pol_hght">
<kml:value>36</kml:value>
</kml:Data>
<kml:Data name="pole_type">
<kml:value>Steel Structure</kml:value>
</kml:Data>
<kml:Data name="eqp_type">
<kml:value>Transformer</kml:value>
</kml:Data>
<kml:Data name="eqp_number">
<kml:value>T-14130120116</kml:value>
</kml:Data>
<kml:Data name="eqp_unit"/>
<kml:Data name="eqp_size">
<kml:value>50</kml:value>
</kml:Data>
<kml:Data name="eqp_phase">
<kml:value>R-Y-B</kml:value>
</kml:Data>
<kml:Data name="eqp_use">
<kml:value>General Duty</kml:value>
</kml:Data>
<kml:Data name="eqp_status">
<kml:value>Connected</kml:value>
</kml:Data>
<kml:Data name="trafo_mke">
<kml:value>Power Link</kml:value>
</kml:Data>
<kml:Data name="consmr_nam">
<kml:value/>
</kml:Data>
<kml:Data name="trafo_loc">
<kml:value/>
</kml:Data>
<kml:Data name="trafo_mnt"/>
<kml:Data name="angle"/>
<kml:Data name="tap_pole"/>
<kml:Data name="end_type">
<kml:value/>
</kml:Data>
<kml:Data name="rs_con"/>
<kml:Data name="rs_con1">
<kml:value>0.0</kml:value>
</kml:Data>
<kml:Data name="rs_con3">
<kml:value>0.0</kml:value>
</kml:Data>
<kml:Data name="sc_con">
<kml:value>0.0</kml:value>
</kml:Data>
<kml:Data name="lc_con">
<kml:value>0.0</kml:value>
</kml:Data>
<kml:Data name="si_con">
<kml:value>0.0</kml:value>
</kml:Data>
<kml:Data name="li_con">
<kml:value>0.0</kml:value>
</kml:Data>
<kml:Data name="pb_con">
<kml:value>0.0</kml:value>
</kml:Data>
<kml:Data name="ag_con">
<kml:value>0.0</kml:value>
</kml:Data>
<kml:Data name="st_con">
<kml:value>0.0</kml:value>
</kml:Data>
<kml:Data name="remarks">
<kml:value/>
</kml:Data>
<kml:Data name="wo_id">
<kml:value>386</kml:value>
</kml:Data>
<kml:Data name="sequence"/>
</kml:ExtendedData>
<kml:Point>
<kml:coordinates>67.88719904408352,29.541789906318666</kml:coordinates>
</kml:Point>
</kml:Placemark>
<kml:Placemark id="equipment_materialized.419684">
<kml:ExtendedData>
<kml:Data name="section_id">
<kml:value>02001314130120119</kml:value>
</kml:Data>
<kml:Data name="feedercode">
<kml:value>020013</kml:value>
</kml:Data>
<kml:Data name="substation">
<kml:value>220 KV-SIBI</kml:value>
</kml:Data>
<kml:Data name="gps_no">
<kml:value>14130120117</kml:value>
</kml:Data>
<kml:Data name="s_e">
<kml:value/>
</kml:Data>
<kml:Data name="pole_phase">
<kml:value>R-Y-B</kml:value>
</kml:Data>
<kml:Data name="pole_use"/>
<kml:Data name="fdr_on_pol">
<kml:value>1.0</kml:value>
</kml:Data>
<kml:Data name="pol_hght">
<kml:value>36</kml:value>
</kml:Data>
<kml:Data name="pole_type">
<kml:value>Steel Structure</kml:value>
</kml:Data>
<kml:Data name="eqp_type">
<kml:value>Primary Pole</kml:value>
</kml:Data>
<kml:Data name="eqp_number">
<kml:value/>
</kml:Data>
<kml:Data name="eqp_unit"/>
<kml:Data name="eqp_size">
<kml:value/>
</kml:Data>
<kml:Data name="eqp_phase">
<kml:value/>
</kml:Data>
<kml:Data name="eqp_use"/>
<kml:Data name="eqp_status">
<kml:value/>
</kml:Data>
<kml:Data name="trafo_mke"/>
<kml:Data name="consmr_nam">
<kml:value/>
</kml:Data>
<kml:Data name="trafo_loc">
<kml:value/>
</kml:Data>
<kml:Data name="trafo_mnt"/>
<kml:Data name="angle"/>
<kml:Data name="tap_pole"/>
<kml:Data name="end_type">
<kml:value/>
</kml:Data>
<kml:Data name="rs_con"/>
<kml:Data name="rs_con1">
<kml:value>0.0</kml:value>
</kml:Data>
<kml:Data name="rs_con3">
<kml:value>0.0</kml:value>
</kml:Data>
<kml:Data name="sc_con">
<kml:value>0.0</kml:value>
</kml:Data>
<kml:Data name="lc_con">
<kml:value>0.0</kml:value>
</kml:Data>
<kml:Data name="si_con">
<kml:value>0.0</kml:value>
</kml:Data>
<kml:Data name="li_con">
<kml:value>0.0</kml:value>
</kml:Data>
<kml:Data name="pb_con">
<kml:value>0.0</kml:value>
</kml:Data>
<kml:Data name="ag_con">
<kml:value>0.0</kml:value>
</kml:Data>
<kml:Data name="st_con">
<kml:value>0.0</kml:value>
</kml:Data>
<kml:Data name="remarks">
<kml:value/>
</kml:Data>
<kml:Data name="wo_id">
<kml:value>386</kml:value>
</kml:Data>
<kml:Data name="sequence">
<kml:value>0</kml:value>
</kml:Data>
</kml:ExtendedData>
<kml:Point>
<kml:coordinates>67.88586901453544,29.542030901336254</kml:coordinates>
</kml:Point>
</kml:Placemark>
<kml:Placemark id="equipment_materialized.419685">
<kml:ExtendedData>
<kml:Data name="section_id">
<kml:value>02001314130120119</kml:value>
</kml:Data>
<kml:Data name="feedercode">
<kml:value>020013</kml:value>
</kml:Data>
<kml:Data name="substation">
<kml:value>220 KV-SIBI</kml:value>
</kml:Data>
<kml:Data name="gps_no">
<kml:value>14130120118</kml:value>
</kml:Data>
<kml:Data name="s_e">
<kml:value/>
</kml:Data>
<kml:Data name="pole_phase">
<kml:value>R-Y-B</kml:value>
</kml:Data>
<kml:Data name="pole_use"/>
<kml:Data name="fdr_on_pol">
<kml:value>1.0</kml:value>
</kml:Data>
<kml:Data name="pol_hght">
<kml:value>36</kml:value>
</kml:Data>
<kml:Data name="pole_type">
<kml:value>Steel Structure</kml:value>
</kml:Data>
<kml:Data name="eqp_type">
<kml:value>Primary Pole</kml:value>
</kml:Data>
<kml:Data name="eqp_number">
<kml:value/>
</kml:Data>
<kml:Data name="eqp_unit"/>
<kml:Data name="eqp_size">
<kml:value/>
</kml:Data>
<kml:Data name="eqp_phase">
<kml:value/>
</kml:Data>
<kml:Data name="eqp_use"/>
<kml:Data name="eqp_status">
<kml:value/>
</kml:Data>
<kml:Data name="trafo_mke"/>
<kml:Data name="consmr_nam">
<kml:value/>
</kml:Data>
<kml:Data name="trafo_loc">
<kml:value/>
</kml:Data>
<kml:Data name="trafo_mnt"/>
<kml:Data name="angle"/>
<kml:Data name="tap_pole"/>
<kml:Data name="end_type">
<kml:value/>
</kml:Data>
<kml:Data name="rs_con"/>
<kml:Data name="rs_con1">
<kml:value>0.0</kml:value>
</kml:Data>
<kml:Data name="rs_con3">
<kml:value>0.0</kml:value>
</kml:Data>
<kml:Data name="sc_con">
<kml:value>0.0</kml:value>
</kml:Data>
<kml:Data name="lc_con">
<kml:value>0.0</kml:value>
</kml:Data>
<kml:Data name="si_con">
<kml:value>0.0</kml:value>
</kml:Data>
<kml:Data name="li_con">
<kml:value>0.0</kml:value>
</kml:Data>
<kml:Data name="pb_con">
<kml:value>0.0</kml:value>
</kml:Data>
<kml:Data name="ag_con">
<kml:value>0.0</kml:value>
</kml:Data>
<kml:Data name="st_con">
<kml:value>0.0</kml:value>
</kml:Data>
<kml:Data name="remarks">
<kml:value/>
</kml:Data>
<kml:Data name="wo_id">
<kml:value>386</kml:value>
</kml:Data>
<kml:Data name="sequence">
<kml:value>1</kml:value>
</kml:Data>
</kml:ExtendedData>
<kml:Point>
<kml:coordinates>67.88563298979417,29.542397927865352</kml:coordinates>
</kml:Point>
</kml:Placemark>
<kml:Placemark id="equipment_materialized.419686">
<kml:ExtendedData>
<kml:Data name="section_id">
<kml:value>02001314130120119</kml:value>
</kml:Data>
<kml:Data name="feedercode">
<kml:value>020013</kml:value>
</kml:Data>
<kml:Data name="substation">
<kml:value>220 KV-SIBI</kml:value>
</kml:Data>
<kml:Data name="gps_no">
<kml:value>14130120119</kml:value>
</kml:Data>
<kml:Data name="s_e">
<kml:value>E</kml:value>
</kml:Data>
<kml:Data name="pole_phase">
<kml:value>R-Y-B</kml:value>
</kml:Data>
<kml:Data name="pole_use"/>
<kml:Data name="fdr_on_pol">
<kml:value>1.0</kml:value>
</kml:Data>
<kml:Data name="pol_hght">
<kml:value>36</kml:value>
</kml:Data>
<kml:Data name="pole_type">
<kml:value>Steel Structure</kml:value>
</kml:Data>
<kml:Data name="eqp_type">
<kml:value>Primary Pole</kml:value>
</kml:Data>
<kml:Data name="eqp_number">
<kml:value/>
</kml:Data>
<kml:Data name="eqp_unit"/>
<kml:Data name="eqp_size">
<kml:value/>
</kml:Data>
<kml:Data name="eqp_phase">
<kml:value/>
</kml:Data>
<kml:Data name="eqp_use"/>
<kml:Data name="eqp_status">
<kml:value/>
</kml:Data>
<kml:Data name="trafo_mke"/>
<kml:Data name="consmr_nam">
<kml:value/>
</kml:Data>
<kml:Data name="trafo_loc">
<kml:value/>
</kml:Data>
<kml:Data name="trafo_mnt"/>
<kml:Data name="angle"/>
<kml:Data name="tap_pole"/>
<kml:Data name="end_type">
<kml:value/>
</kml:Data>
<kml:Data name="rs_con"/>
<kml:Data name="rs_con1">
<kml:value>0.0</kml:value>
</kml:Data>
<kml:Data name="rs_con3">
<kml:value>0.0</kml:value>
</kml:Data>
<kml:Data name="sc_con">
<kml:value>0.0</kml:value>
</kml:Data>
<kml:Data name="lc_con">
<kml:value>0.0</kml:value>
</kml:Data>
<kml:Data name="si_con">
<kml:value>0.0</kml:value>
</kml:Data>
<kml:Data name="li_con">
<kml:value>0.0</kml:value>
</kml:Data>
<kml:Data name="pb_con">
<kml:value>0.0</kml:value>
</kml:Data>
<kml:Data name="ag_con">
<kml:value>0.0</kml:value>
</kml:Data>
<kml:Data name="st_con">
<kml:value>0.0</kml:value>
</kml:Data>
<kml:Data name="remarks">
<kml:value/>
</kml:Data>
<kml:Data name="wo_id">
<kml:value>386</kml:value>
</kml:Data>
<kml:Data name="sequence"/>
</kml:ExtendedData>
<kml:Point>
<kml:coordinates>67.88543195954182,29.542829861830295</kml:coordinates>
</kml:Point>
</kml:Placemark>
<kml:Placemark id="equipment_materialized.419688">
<kml:ExtendedData>
<kml:Data name="section_id">
<kml:value>02001314130120120</kml:value>
</kml:Data>
<kml:Data name="feedercode">
<kml:value>020013</kml:value>
</kml:Data>
<kml:Data name="substation">
<kml:value>220 KV-SIBI</kml:value>
</kml:Data>
<kml:Data name="gps_no">
<kml:value>14130120120</kml:value>
</kml:Data>
<kml:Data name="s_e">
<kml:value>E</kml:value>
</kml:Data>
<kml:Data name="pole_phase">
<kml:value>R-Y-B</kml:value>
</kml:Data>
<kml:Data name="pole_use"/>
<kml:Data name="fdr_on_pol">
<kml:value>1.0</kml:value>
</kml:Data>
<kml:Data name="pol_hght">
<kml:value>36</kml:value>
</kml:Data>
<kml:Data name="pole_type">
<kml:value>Steel Structure</kml:value>
</kml:Data>
<kml:Data name="eqp_type">
<kml:value>Primary Pole</kml:value>
</kml:Data>
<kml:Data name="eqp_number">
<kml:value/>
</kml:Data>
<kml:Data name="eqp_unit"/>
<kml:Data name="eqp_size">
<kml:value/>
</kml:Data>
<kml:Data name="eqp_phase">
<kml:value/>
</kml:Data>
<kml:Data name="eqp_use"/>
<kml:Data name="eqp_status">
<kml:value/>
</kml:Data>
<kml:Data name="trafo_mke"/>
<kml:Data name="consmr_nam">
<kml:value/>
</kml:Data>
<kml:Data name="trafo_loc">
<kml:value/>
</kml:Data>
<kml:Data name="trafo_mnt"/>
<kml:Data name="angle"/>
<kml:Data name="tap_pole"/>
<kml:Data name="end_type">
<kml:value/>
</kml:Data>
<kml:Data name="rs_con"/>
<kml:Data name="rs_con1">
<kml:value>0.0</kml:value>
</kml:Data>
<kml:Data name="rs_con3">
<kml:value>0.0</kml:value>
</kml:Data>
<kml:Data name="sc_con">
<kml:value>0.0</kml:value>
</kml:Data>
<kml:Data name="lc_con">
<kml:value>0.0</kml:value>
</kml:Data>
<kml:Data name="si_con">
<kml:value>0.0</kml:value>
</kml:Data>
<kml:Data name="li_con">
<kml:value>0.0</kml:value>
</kml:Data>
<kml:Data name="pb_con">
<kml:value>0.0</kml:value>
</kml:Data>
<kml:Data name="ag_con">
<kml:value>0.0</kml:value>
</kml:Data>
<kml:Data name="st_con">
<kml:value>0.0</kml:value>
</kml:Data>
<kml:Data name="remarks">
<kml:value/>
</kml:Data>
<kml:Data name="wo_id">
<kml:value>386</kml:value>
</kml:Data>
<kml:Data name="sequence"/>
</kml:ExtendedData>
<kml:Point>
<kml:coordinates>67.88493501369369,29.54166588272398</kml:coordinates>
</kml:Point>
</kml:Placemark>
<kml:Placemark id="equipment_materialized.419690">
<kml:ExtendedData>
<kml:Data name="section_id">
<kml:value>02001314130120121</kml:value>
</kml:Data>
<kml:Data name="feedercode">
<kml:value>020013</kml:value>
</kml:Data>
<kml:Data name="substation">
<kml:value>220 KV-SIBI</kml:value>
</kml:Data>
<kml:Data name="gps_no">
<kml:value>14130120121</kml:value>
</kml:Data>
<kml:Data name="s_e">
<kml:value>E</kml:value>
</kml:Data>
<kml:Data name="pole_phase">
<kml:value>R-Y-B</kml:value>
</kml:Data>
<kml:Data name="pole_use"/>
<kml:Data name="fdr_on_pol">
<kml:value>1.0</kml:value>
</kml:Data>
<kml:Data name="pol_hght">
<kml:value>36</kml:value>
</kml:Data>
<kml:Data name="pole_type">
<kml:value>Steel Structure</kml:value>
</kml:Data>
<kml:Data name="eqp_type">
<kml:value>Transformer</kml:value>
</kml:Data>
<kml:Data name="eqp_number">
<kml:value>T-14130120121</kml:value>
</kml:Data>
<kml:Data name="eqp_unit"/>
<kml:Data name="eqp_size">
<kml:value>50</kml:value>
</kml:Data>
<kml:Data name="eqp_phase">
<kml:value>R-Y-B</kml:value>
</kml:Data>
<kml:Data name="eqp_use">
<kml:value>General Duty</kml:value>
</kml:Data>
<kml:Data name="eqp_status">
<kml:value>Connected</kml:value>
</kml:Data>
<kml:Data name="trafo_mke">
<kml:value>Power Link</kml:value>
</kml:Data>
<kml:Data name="consmr_nam">
<kml:value/>
</kml:Data>
<kml:Data name="trafo_loc">
<kml:value/>
</kml:Data>
<kml:Data name="trafo_mnt">
<kml:value>Single Pole</kml:value>
</kml:Data>
<kml:Data name="angle"/>
<kml:Data name="tap_pole"/>
<kml:Data name="end_type">
<kml:value/>
</kml:Data>
<kml:Data name="rs_con"/>
<kml:Data name="rs_con1">
<kml:value>0.0</kml:value>
</kml:Data>
<kml:Data name="rs_con3">
<kml:value>0.0</kml:value>
</kml:Data>
<kml:Data name="sc_con">
<kml:value>0.0</kml:value>
</kml:Data>
<kml:Data name="lc_con">
<kml:value>0.0</kml:value>
</kml:Data>
<kml:Data name="si_con">
<kml:value>0.0</kml:value>
</kml:Data>
<kml:Data name="li_con">
<kml:value>0.0</kml:value>
</kml:Data>
<kml:Data name="pb_con">
<kml:value>0.0</kml:value>
</kml:Data>
<kml:Data name="ag_con">
<kml:value>0.0</kml:value>
</kml:Data>
<kml:Data name="st_con">
<kml:value>0.0</kml:value>
</kml:Data>
<kml:Data name="remarks">
<kml:value/>
</kml:Data>
<kml:Data name="wo_id">
<kml:value>386</kml:value>
</kml:Data>
<kml:Data name="sequence"/>
</kml:ExtendedData>
<kml:Point>
<kml:coordinates>67.88496101861905,29.54168487160323</kml:coordinates>
</kml:Point>
</kml:Placemark>
<kml:Placemark id="equipment_materialized.419692">
<kml:ExtendedData>
<kml:Data name="section_id">
<kml:value>02001314130120125</kml:value>
</kml:Data>
<kml:Data name="feedercode">
<kml:value>020013</kml:value>
</kml:Data>
<kml:Data name="substation">
<kml:value>220 KV-SIBI</kml:value>
</kml:Data>
<kml:Data name="gps_no">
<kml:value>14130120122</kml:value>
</kml:Data>
<kml:Data name="s_e">
<kml:value/>
</kml:Data>
<kml:Data name="pole_phase">
<kml:value>R-Y-B</kml:value>
</kml:Data>
<kml:Data name="pole_use"/>
<kml:Data name="fdr_on_pol">
<kml:value>1.0</kml:value>
</kml:Data>
<kml:Data name="pol_hght">
<kml:value>36</kml:value>
</kml:Data>
<kml:Data name="pole_type">
<kml:value>PC Ordinary</kml:value>
</kml:Data>
<kml:Data name="eqp_type">
<kml:value>Primary Pole</kml:value>
</kml:Data>
<kml:Data name="eqp_number">
<kml:value/>
</kml:Data>
<kml:Data name="eqp_unit"/>
<kml:Data name="eqp_size">
<kml:value/>
</kml:Data>
<kml:Data name="eqp_phase">
<kml:value/>
</kml:Data>
<kml:Data name="eqp_use"/>
<kml:Data name="eqp_status">
<kml:value/>
</kml:Data>
<kml:Data name="trafo_mke"/>
<kml:Data name="consmr_nam">
<kml:value/>
</kml:Data>
<kml:Data name="trafo_loc">
<kml:value/>
</kml:Data>
<kml:Data name="trafo_mnt"/>
<kml:Data name="angle"/>
<kml:Data name="tap_pole"/>
<kml:Data name="end_type">
<kml:value/>
</kml:Data>
<kml:Data name="rs_con"/>
<kml:Data name="rs_con1">
<kml:value>0.0</kml:value>
</kml:Data>
<kml:Data name="rs_con3">
<kml:value>0.0</kml:value>
</kml:Data>
<kml:Data name="sc_con">
<kml:value>0.0</kml:value>
</kml:Data>
<kml:Data name="lc_con">
<kml:value>0.0</kml:value>
</kml:Data>
<kml:Data name="si_con">
<kml:value>0.0</kml:value>
</kml:Data>
<kml:Data name="li_con">
<kml:value>0.0</kml:value>
</kml:Data>
<kml:Data name="pb_con">
<kml:value>0.0</kml:value>
</kml:Data>
<kml:Data name="ag_con">
<kml:value>0.0</kml:value>
</kml:Data>
<kml:Data name="st_con">
<kml:value>0.0</kml:value>
</kml:Data>
<kml:Data name="remarks">
<kml:value/>
</kml:Data>
<kml:Data name="wo_id">
<kml:value>386</kml:value>
</kml:Data>
<kml:Data name="sequence">
<kml:value>0</kml:value>
</kml:Data>
</kml:ExtendedData>
<kml:Point>
<kml:coordinates>67.88453896845803,29.541708853508222</kml:coordinates>
</kml:Point>
</kml:Placemark>
<kml:Placemark id="equipment_materialized.419693">
<kml:ExtendedData>
<kml:Data name="section_id">
<kml:value>02001314130120125</kml:value>
</kml:Data>
<kml:Data name="feedercode">
<kml:value>020013</kml:value>
</kml:Data>
<kml:Data name="substation">
<kml:value>220 KV-SIBI</kml:value>
</kml:Data>
<kml:Data name="gps_no">
<kml:value>14130120123</kml:value>
</kml:Data>
<kml:Data name="s_e">
<kml:value/>
</kml:Data>
<kml:Data name="pole_phase">
<kml:value>R-Y-B</kml:value>
</kml:Data>
<kml:Data name="pole_use"/>
<kml:Data name="fdr_on_pol">
<kml:value>1.0</kml:value>
</kml:Data>
<kml:Data name="pol_hght">
<kml:value>36</kml:value>
</kml:Data>
<kml:Data name="pole_type">
<kml:value>PC Ordinary</kml:value>
</kml:Data>
<kml:Data name="eqp_type">
<kml:value>Primary Pole</kml:value>
</kml:Data>
<kml:Data name="eqp_number">
<kml:value/>
</kml:Data>
<kml:Data name="eqp_unit"/>
<kml:Data name="eqp_size">
<kml:value/>
</kml:Data>
<kml:Data name="eqp_phase">
<kml:value/>
</kml:Data>
<kml:Data name="eqp_use"/>
<kml:Data name="eqp_status">
<kml:value/>
</kml:Data>
<kml:Data name="trafo_mke"/>
<kml:Data name="consmr_nam">
<kml:value/>
</kml:Data>
<kml:Data name="trafo_loc">
<kml:value/>
</kml:Data>
<kml:Data name="trafo_mnt"/>
<kml:Data name="angle"/>
<kml:Data name="tap_pole"/>
<kml:Data name="end_type">
<kml:value/>
</kml:Data>
<kml:Data name="rs_con"/>
<kml:Data name="rs_con1">
<kml:value>0.0</kml:value>
</kml:Data>
<kml:Data name="rs_con3">
<kml:value>0.0</kml:value>
</kml:Data>
<kml:Data name="sc_con">
<kml:value>0.0</kml:value>
</kml:Data>
<kml:Data name="lc_con">
<kml:value>0.0</kml:value>
</kml:Data>
<kml:Data name="si_con">
<kml:value>0.0</kml:value>
</kml:Data>
<kml:Data name="li_con">
<kml:value>0.0</kml:value>
</kml:Data>
<kml:Data name="pb_con">
<kml:value>0.0</kml:value>
</kml:Data>
<kml:Data name="ag_con">
<kml:value>0.0</kml:value>
</kml:Data>
<kml:Data name="st_con">
<kml:value>0.0</kml:value>
</kml:Data>
<kml:Data name="remarks">
<kml:value/>
</kml:Data>
<kml:Data name="wo_id">
<kml:value>386</kml:value>
</kml:Data>
<kml:Data name="sequence">
<kml:value>1</kml:value>
</kml:Data>
</kml:ExtendedData>
<kml:Point>
<kml:coordinates>67.88402596300617,29.541829894153988</kml:coordinates>
</kml:Point>
</kml:Placemark>
<kml:Placemark id="equipment_materialized.419694">
<kml:ExtendedData>
<kml:Data name="section_id">
<kml:value>02001314130120125</kml:value>
</kml:Data>
<kml:Data name="feedercode">
<kml:value>020013</kml:value>
</kml:Data>
<kml:Data name="substation">
<kml:value>220 KV-SIBI</kml:value>
</kml:Data>
<kml:Data name="gps_no">
<kml:value>14130120124</kml:value>
</kml:Data>
<kml:Data name="s_e">
<kml:value/>
</kml:Data>
<kml:Data name="pole_phase">
<kml:value>R-Y-B</kml:value>
</kml:Data>
<kml:Data name="pole_use"/>
<kml:Data name="fdr_on_pol">
<kml:value>1.0</kml:value>
</kml:Data>
<kml:Data name="pol_hght">
<kml:value>36</kml:value>
</kml:Data>
<kml:Data name="pole_type">
<kml:value>Steel Structure</kml:value>
</kml:Data>
<kml:Data name="eqp_type">
<kml:value>Primary Pole</kml:value>
</kml:Data>
<kml:Data name="eqp_number">
<kml:value/>
</kml:Data>
<kml:Data name="eqp_unit"/>
<kml:Data name="eqp_size">
<kml:value/>
</kml:Data>
<kml:Data name="eqp_phase">
<kml:value/>
</kml:Data>
<kml:Data name="eqp_use"/>
<kml:Data name="eqp_status">
<kml:value/>
</kml:Data>
<kml:Data name="trafo_mke"/>
<kml:Data name="consmr_nam">
<kml:value/>
</kml:Data>
<kml:Data name="trafo_loc">
<kml:value/>
</kml:Data>
<kml:Data name="trafo_mnt"/>
<kml:Data name="angle"/>
<kml:Data name="tap_pole"/>
<kml:Data name="end_type">
<kml:value/>
</kml:Data>
<kml:Data name="rs_con"/>
<kml:Data name="rs_con1">
<kml:value>0.0</kml:value>
</kml:Data>
<kml:Data name="rs_con3">
<kml:value>0.0</kml:value>
</kml:Data>
<kml:Data name="sc_con">
<kml:value>0.0</kml:value>
</kml:Data>
<kml:Data name="lc_con">
<kml:value>0.0</kml:value>
</kml:Data>
<kml:Data name="si_con">
<kml:value>0.0</kml:value>
</kml:Data>
<kml:Data name="li_con">
<kml:value>0.0</kml:value>
</kml:Data>
<kml:Data name="pb_con">
<kml:value>0.0</kml:value>
</kml:Data>
<kml:Data name="ag_con">
<kml:value>0.0</kml:value>
</kml:Data>
<kml:Data name="st_con">
<kml:value>0.0</kml:value>
</kml:Data>
<kml:Data name="remarks">
<kml:value/>
</kml:Data>
<kml:Data name="wo_id">
<kml:value>386</kml:value>
</kml:Data>
<kml:Data name="sequence">
<kml:value>2</kml:value>
</kml:Data>
</kml:ExtendedData>
<kml:Point>
<kml:coordinates>67.88363905089255,29.54193385330284</kml:coordinates>
</kml:Point>
</kml:Placemark>
<kml:Placemark id="equipment_materialized.419695">
<kml:ExtendedData>
<kml:Data name="section_id">
<kml:value>02001314130120125</kml:value>
</kml:Data>
<kml:Data name="feedercode">
<kml:value>020013</kml:value>
</kml:Data>
<kml:Data name="substation">
<kml:value>220 KV-SIBI</kml:value>
</kml:Data>
<kml:Data name="gps_no">
<kml:value>14130120125</kml:value>
</kml:Data>
<kml:Data name="s_e">
<kml:value>E</kml:value>
</kml:Data>
<kml:Data name="pole_phase">
<kml:value>R-Y-B</kml:value>
</kml:Data>
<kml:Data name="pole_use"/>
<kml:Data name="fdr_on_pol">
<kml:value>1.0</kml:value>
</kml:Data>
<kml:Data name="pol_hght">
<kml:value>36</kml:value>
</kml:Data>
<kml:Data name="pole_type">
<kml:value>Steel Structure</kml:value>
</kml:Data>
<kml:Data name="eqp_type">
<kml:value>Primary Pole</kml:value>
</kml:Data>
<kml:Data name="eqp_number">
<kml:value/>
</kml:Data>
<kml:Data name="eqp_unit"/>
<kml:Data name="eqp_size">
<kml:value/>
</kml:Data>
<kml:Data name="eqp_phase">
<kml:value/>
</kml:Data>
<kml:Data name="eqp_use"/>
<kml:Data name="eqp_status">
<kml:value/>
</kml:Data>
<kml:Data name="trafo_mke"/>
<kml:Data name="consmr_nam">
<kml:value/>
</kml:Data>
<kml:Data name="trafo_loc">
<kml:value/>
</kml:Data>
<kml:Data name="trafo_mnt"/>
<kml:Data name="angle"/>
<kml:Data name="tap_pole"/>
<kml:Data name="end_type">
<kml:value>SDE</kml:value>
</kml:Data>
<kml:Data name="rs_con"/>
<kml:Data name="rs_con1">
<kml:value>0.0</kml:value>
</kml:Data>
<kml:Data name="rs_con3">
<kml:value>0.0</kml:value>
</kml:Data>
<kml:Data name="sc_con">
<kml:value>0.0</kml:value>
</kml:Data>
<kml:Data name="lc_con">
<kml:value>0.0</kml:value>
</kml:Data>
<kml:Data name="si_con">
<kml:value>0.0</kml:value>
</kml:Data>
<kml:Data name="li_con">
<kml:value>0.0</kml:value>
</kml:Data>
<kml:Data name="pb_con">
<kml:value>0.0</kml:value>
</kml:Data>
<kml:Data name="ag_con">
<kml:value>0.0</kml:value>
</kml:Data>
<kml:Data name="st_con">
<kml:value>0.0</kml:value>
</kml:Data>
<kml:Data name="remarks">
<kml:value/>
</kml:Data>
<kml:Data name="wo_id">
<kml:value>386</kml:value>
</kml:Data>
<kml:Data name="sequence"/>
</kml:ExtendedData>
<kml:Point>
<kml:coordinates>67.883329010367,29.54196391623529</kml:coordinates>
</kml:Point>
</kml:Placemark>
<kml:Placemark id="equipment_materialized.419697">
<kml:ExtendedData>
<kml:Data name="section_id">
<kml:value>02001314130120126</kml:value>
</kml:Data>
<kml:Data name="feedercode">
<kml:value>020013</kml:value>
</kml:Data>
<kml:Data name="substation">
<kml:value>220 KV-SIBI</kml:value>
</kml:Data>
<kml:Data name="gps_no">
<kml:value>14130120126</kml:value>
</kml:Data>
<kml:Data name="s_e">
<kml:value>E</kml:value>
</kml:Data>
<kml:Data name="pole_phase">
<kml:value>R-Y-B</kml:value>
</kml:Data>
<kml:Data name="pole_use"/>
<kml:Data name="fdr_on_pol">
<kml:value>1.0</kml:value>
</kml:Data>
<kml:Data name="pol_hght">
<kml:value>36</kml:value>
</kml:Data>
<kml:Data name="pole_type">
<kml:value>Steel Structure</kml:value>
</kml:Data>
<kml:Data name="eqp_type">
<kml:value>Transformer</kml:value>
</kml:Data>
<kml:Data name="eqp_number">
<kml:value>T-14130120126</kml:value>
</kml:Data>
<kml:Data name="eqp_unit"/>
<kml:Data name="eqp_size">
<kml:value>100</kml:value>
</kml:Data>
<kml:Data name="eqp_phase">
<kml:value>R-Y-B</kml:value>
</kml:Data>
<kml:Data name="eqp_use">
<kml:value>General Duty</kml:value>
</kml:Data>
<kml:Data name="eqp_status">
<kml:value>Connected</kml:value>
</kml:Data>
<kml:Data name="trafo_mke">
<kml:value>Siemens</kml:value>
</kml:Data>
<kml:Data name="consmr_nam">
<kml:value/>
</kml:Data>
<kml:Data name="trafo_loc">
<kml:value/>
</kml:Data>
<kml:Data name="trafo_mnt">
<kml:value>Double Pole</kml:value>
</kml:Data>
<kml:Data name="angle"/>
<kml:Data name="tap_pole"/>
<kml:Data name="end_type">
<kml:value/>
</kml:Data>
<kml:Data name="rs_con"/>
<kml:Data name="rs_con1">
<kml:value>0.0</kml:value>
</kml:Data>
<kml:Data name="rs_con3">
<kml:value>0.0</kml:value>
</kml:Data>
<kml:Data name="sc_con">
<kml:value>0.0</kml:value>
</kml:Data>
<kml:Data name="lc_con">
<kml:value>0.0</kml:value>
</kml:Data>
<kml:Data name="si_con">
<kml:value>0.0</kml:value>
</kml:Data>
<kml:Data name="li_con">
<kml:value>0.0</kml:value>
</kml:Data>
<kml:Data name="pb_con">
<kml:value>0.0</kml:value>
</kml:Data>
<kml:Data name="ag_con">
<kml:value>0.0</kml:value>
</kml:Data>
<kml:Data name="st_con">
<kml:value>0.0</kml:value>
</kml:Data>
<kml:Data name="remarks">
<kml:value/>
</kml:Data>
<kml:Data name="wo_id">
<kml:value>386</kml:value>
</kml:Data>
<kml:Data name="sequence"/>
</kml:ExtendedData>
<kml:Point>
<kml:coordinates>67.88332595231927,29.541969846605962</kml:coordinates>
</kml:Point>
</kml:Placemark>
<kml:Placemark id="equipment_materialized.419699">
<kml:ExtendedData>
<kml:Data name="section_id">
<kml:value>02001314130120128</kml:value>
</kml:Data>
<kml:Data name="feedercode">
<kml:value>020013</kml:value>
</kml:Data>
<kml:Data name="substation">
<kml:value>220 KV-SIBI</kml:value>
</kml:Data>
<kml:Data name="gps_no">
<kml:value>14130120127</kml:value>
</kml:Data>
<kml:Data name="s_e">
<kml:value/>
</kml:Data>
<kml:Data name="pole_phase">
<kml:value>R-Y-B</kml:value>
</kml:Data>
<kml:Data name="pole_use"/>
<kml:Data name="fdr_on_pol">
<kml:value>1.0</kml:value>
</kml:Data>
<kml:Data name="pol_hght">
<kml:value>36</kml:value>
</kml:Data>
<kml:Data name="pole_type">
<kml:value>Steel Structure</kml:value>
</kml:Data>
<kml:Data name="eqp_type">
<kml:value>Primary Pole</kml:value>
</kml:Data>
<kml:Data name="eqp_number">
<kml:value/>
</kml:Data>
<kml:Data name="eqp_unit"/>
<kml:Data name="eqp_size">
<kml:value/>
</kml:Data>
<kml:Data name="eqp_phase">
<kml:value/>
</kml:Data>
<kml:Data name="eqp_use"/>
<kml:Data name="eqp_status">
<kml:value/>
</kml:Data>
<kml:Data name="trafo_mke"/>
<kml:Data name="consmr_nam">
<kml:value/>
</kml:Data>
<kml:Data name="trafo_loc">
<kml:value/>
</kml:Data>
<kml:Data name="trafo_mnt"/>
<kml:Data name="angle"/>
<kml:Data name="tap_pole"/>
<kml:Data name="end_type">
<kml:value/>
</kml:Data>
<kml:Data name="rs_con"/>
<kml:Data name="rs_con1">
<kml:value>0.0</kml:value>
</kml:Data>
<kml:Data name="rs_con3">
<kml:value>0.0</kml:value>
</kml:Data>
<kml:Data name="sc_con">
<kml:value>0.0</kml:value>
</kml:Data>
<kml:Data name="lc_con">
<kml:value>0.0</kml:value>
</kml:Data>
<kml:Data name="si_con">
<kml:value>0.0</kml:value>
</kml:Data>
<kml:Data name="li_con">
<kml:value>0.0</kml:value>
</kml:Data>
<kml:Data name="pb_con">
<kml:value>0.0</kml:value>
</kml:Data>
<kml:Data name="ag_con">
<kml:value>0.0</kml:value>
</kml:Data>
<kml:Data name="st_con">
<kml:value>0.0</kml:value>
</kml:Data>
<kml:Data name="remarks">
<kml:value/>
</kml:Data>
<kml:Data name="wo_id">
<kml:value>386</kml:value>
</kml:Data>
<kml:Data name="sequence">
<kml:value>0</kml:value>
</kml:Data>
</kml:ExtendedData>
<kml:Point>
<kml:coordinates>67.88468002064609,29.54111885223639</kml:coordinates>
</kml:Point>
</kml:Placemark>
<kml:Placemark id="equipment_materialized.419700">
<kml:ExtendedData>
<kml:Data name="section_id">
<kml:value>02001314130120128</kml:value>
</kml:Data>
<kml:Data name="feedercode">
<kml:value>020013</kml:value>
</kml:Data>
<kml:Data name="substation">
<kml:value>220 KV-SIBI</kml:value>
</kml:Data>
<kml:Data name="gps_no">
<kml:value>14130120128</kml:value>
</kml:Data>
<kml:Data name="s_e">
<kml:value>E</kml:value>
</kml:Data>
<kml:Data name="pole_phase">
<kml:value>R-Y-B</kml:value>
</kml:Data>
<kml:Data name="pole_use"/>
<kml:Data name="fdr_on_pol">
<kml:value>1.0</kml:value>
</kml:Data>
<kml:Data name="pol_hght">
<kml:value>36</kml:value>
</kml:Data>
<kml:Data name="pole_type">
<kml:value>Steel Structure</kml:value>
</kml:Data>
<kml:Data name="eqp_type">
<kml:value>Primary Pole</kml:value>
</kml:Data>
<kml:Data name="eqp_number">
<kml:value/>
</kml:Data>
<kml:Data name="eqp_unit"/>
<kml:Data name="eqp_size">
<kml:value/>
</kml:Data>
<kml:Data name="eqp_phase">
<kml:value/>
</kml:Data>
<kml:Data name="eqp_use"/>
<kml:Data name="eqp_status">
<kml:value/>
</kml:Data>
<kml:Data name="trafo_mke"/>
<kml:Data name="consmr_nam">
<kml:value/>
</kml:Data>
<kml:Data name="trafo_loc">
<kml:value/>
</kml:Data>
<kml:Data name="trafo_mnt"/>
<kml:Data name="angle"/>
<kml:Data name="tap_pole"/>
<kml:Data name="end_type">
<kml:value/>
</kml:Data>
<kml:Data name="rs_con"/>
<kml:Data name="rs_con1">
<kml:value>0.0</kml:value>
</kml:Data>
<kml:Data name="rs_con3">
<kml:value>0.0</kml:value>
</kml:Data>
<kml:Data name="sc_con">
<kml:value>0.0</kml:value>
</kml:Data>
<kml:Data name="lc_con">
<kml:value>0.0</kml:value>
</kml:Data>
<kml:Data name="si_con">
<kml:value>0.0</kml:value>
</kml:Data>
<kml:Data name="li_con">
<kml:value>0.0</kml:value>
</kml:Data>
<kml:Data name="pb_con">
<kml:value>0.0</kml:value>
</kml:Data>
<kml:Data name="ag_con">
<kml:value>0.0</kml:value>
</kml:Data>
<kml:Data name="st_con">
<kml:value>0.0</kml:value>
</kml:Data>
<kml:Data name="remarks">
<kml:value/>
</kml:Data>
<kml:Data name="wo_id">
<kml:value>386</kml:value>
</kml:Data>
<kml:Data name="sequence"/>
</kml:ExtendedData>
<kml:Point>
<kml:coordinates>67.88446000834837,29.540581861241925</kml:coordinates>
</kml:Point>
</kml:Placemark>
<kml:Placemark id="equipment_materialized.419702">
<kml:ExtendedData>
<kml:Data name="section_id">
<kml:value>02001314130120131</kml:value>
</kml:Data>
<kml:Data name="feedercode">
<kml:value>020013</kml:value>
</kml:Data>
<kml:Data name="substation">
<kml:value>220 KV-SIBI</kml:value>
</kml:Data>
<kml:Data name="gps_no">
<kml:value>14130120129</kml:value>
</kml:Data>
<kml:Data name="s_e">
<kml:value/>
</kml:Data>
<kml:Data name="pole_phase">
<kml:value>R-Y-B</kml:value>
</kml:Data>
<kml:Data name="pole_use"/>
<kml:Data name="fdr_on_pol">
<kml:value>1.0</kml:value>
</kml:Data>
<kml:Data name="pol_hght">
<kml:value>36</kml:value>
</kml:Data>
<kml:Data name="pole_type">
<kml:value>PC Ordinary</kml:value>
</kml:Data>
<kml:Data name="eqp_type">
<kml:value>Primary Pole</kml:value>
</kml:Data>
<kml:Data name="eqp_number">
<kml:value/>
</kml:Data>
<kml:Data name="eqp_unit"/>
<kml:Data name="eqp_size">
<kml:value/>
</kml:Data>
<kml:Data name="eqp_phase">
<kml:value/>
</kml:Data>
<kml:Data name="eqp_use"/>
<kml:Data name="eqp_status">
<kml:value/>
</kml:Data>
<kml:Data name="trafo_mke"/>
<kml:Data name="consmr_nam">
<kml:value/>
</kml:Data>
<kml:Data name="trafo_loc">
<kml:value/>
</kml:Data>
<kml:Data name="trafo_mnt"/>
<kml:Data name="angle"/>
<kml:Data name="tap_pole"/>
<kml:Data name="end_type">
<kml:value/>
</kml:Data>
<kml:Data name="rs_con"/>
<kml:Data name="rs_con1">
<kml:value>0.0</kml:value>
</kml:Data>
<kml:Data name="rs_con3">
<kml:value>0.0</kml:value>
</kml:Data>
<kml:Data name="sc_con">
<kml:value>0.0</kml:value>
</kml:Data>
<kml:Data name="lc_con">
<kml:value>0.0</kml:value>
</kml:Data>
<kml:Data name="si_con">
<kml:value>0.0</kml:value>
</kml:Data>
<kml:Data name="li_con">
<kml:value>0.0</kml:value>
</kml:Data>
<kml:Data name="pb_con">
<kml:value>0.0</kml:value>
</kml:Data>
<kml:Data name="ag_con">
<kml:value>0.0</kml:value>
</kml:Data>
<kml:Data name="st_con">
<kml:value>0.0</kml:value>
</kml:Data>
<kml:Data name="remarks">
<kml:value/>
</kml:Data>
<kml:Data name="wo_id">
<kml:value>386</kml:value>
</kml:Data>
<kml:Data name="sequence">
<kml:value>0</kml:value>
</kml:Data>
</kml:ExtendedData>
<kml:Point>
<kml:coordinates>67.88415704942626,29.540521922606093</kml:coordinates>
</kml:Point>
</kml:Placemark>
<kml:Placemark id="equipment_materialized.419703">
<kml:ExtendedData>
<kml:Data name="section_id">
<kml:value>02001314130120131</kml:value>
</kml:Data>
<kml:Data name="feedercode">
<kml:value>020013</kml:value>
</kml:Data>
<kml:Data name="substation">
<kml:value>220 KV-SIBI</kml:value>
</kml:Data>
<kml:Data name="gps_no">
<kml:value>14130120130</kml:value>
</kml:Data>
<kml:Data name="s_e">
<kml:value/>
</kml:Data>
<kml:Data name="pole_phase">
<kml:value>R-Y-B</kml:value>
</kml:Data>
<kml:Data name="pole_use"/>
<kml:Data name="fdr_on_pol">
<kml:value>1.0</kml:value>
</kml:Data>
<kml:Data name="pol_hght">
<kml:value>36</kml:value>
</kml:Data>
<kml:Data name="pole_type">
<kml:value>PC Ordinary</kml:value>
</kml:Data>
<kml:Data name="eqp_type">
<kml:value>Primary Pole</kml:value>
</kml:Data>
<kml:Data name="eqp_number">
<kml:value/>
</kml:Data>
<kml:Data name="eqp_unit"/>
<kml:Data name="eqp_size">
<kml:value/>
</kml:Data>
<kml:Data name="eqp_phase">
<kml:value/>
</kml:Data>
<kml:Data name="eqp_use"/>
<kml:Data name="eqp_status">
<kml:value/>
</kml:Data>
<kml:Data name="trafo_mke"/>
<kml:Data name="consmr_nam">
<kml:value/>
</kml:Data>
<kml:Data name="trafo_loc">
<kml:value/>
</kml:Data>
<kml:Data name="trafo_mnt"/>
<kml:Data name="angle"/>
<kml:Data name="tap_pole"/>
<kml:Data name="end_type">
<kml:value/>
</kml:Data>
<kml:Data name="rs_con"/>
<kml:Data name="rs_con1">
<kml:value>0.0</kml:value>
</kml:Data>
<kml:Data name="rs_con3">
<kml:value>0.0</kml:value>
</kml:Data>
<kml:Data name="sc_con">
<kml:value>0.0</kml:value>
</kml:Data>
<kml:Data name="lc_con">
<kml:value>0.0</kml:value>
</kml:Data>
<kml:Data name="si_con">
<kml:value>0.0</kml:value>
</kml:Data>
<kml:Data name="li_con">
<kml:value>0.0</kml:value>
</kml:Data>
<kml:Data name="pb_con">
<kml:value>0.0</kml:value>
</kml:Data>
<kml:Data name="ag_con">
<kml:value>0.0</kml:value>
</kml:Data>
<kml:Data name="st_con">
<kml:value>0.0</kml:value>
</kml:Data>
<kml:Data name="remarks">
<kml:value/>
</kml:Data>
<kml:Data name="wo_id">
<kml:value>386</kml:value>
</kml:Data>
<kml:Data name="sequence">
<kml:value>1</kml:value>
</kml:Data>
</kml:ExtendedData>
<kml:Point>
<kml:coordinates>67.88368098340773,29.540662855076405</kml:coordinates>
</kml:Point>
</kml:Placemark>
<kml:Placemark id="equipment_materialized.419704">
<kml:ExtendedData>
<kml:Data name="section_id">
<kml:value>02001314130120131</kml:value>
</kml:Data>
<kml:Data name="feedercode">
<kml:value>020013</kml:value>
</kml:Data>
<kml:Data name="substation">
<kml:value>220 KV-SIBI</kml:value>
</kml:Data>
<kml:Data name="gps_no">
<kml:value>14130120131</kml:value>
</kml:Data>
<kml:Data name="s_e">
<kml:value>E</kml:value>
</kml:Data>
<kml:Data name="pole_phase">
<kml:value>R-Y-B</kml:value>
</kml:Data>
<kml:Data name="pole_use"/>
<kml:Data name="fdr_on_pol">
<kml:value>1.0</kml:value>
</kml:Data>
<kml:Data name="pol_hght">
<kml:value>36</kml:value>
</kml:Data>
<kml:Data name="pole_type">
<kml:value>PC Ordinary</kml:value>
</kml:Data>
<kml:Data name="eqp_type">
<kml:value>Primary Pole</kml:value>
</kml:Data>
<kml:Data name="eqp_number">
<kml:value/>
</kml:Data>
<kml:Data name="eqp_unit"/>
<kml:Data name="eqp_size">
<kml:value/>
</kml:Data>
<kml:Data name="eqp_phase">
<kml:value/>
</kml:Data>
<kml:Data name="eqp_use"/>
<kml:Data name="eqp_status">
<kml:value/>
</kml:Data>
<kml:Data name="trafo_mke"/>
<kml:Data name="consmr_nam">
<kml:value/>
</kml:Data>
<kml:Data name="trafo_loc">
<kml:value/>
</kml:Data>
<kml:Data name="trafo_mnt"/>
<kml:Data name="angle"/>
<kml:Data name="tap_pole"/>
<kml:Data name="end_type">
<kml:value>SDE</kml:value>
</kml:Data>
<kml:Data name="rs_con"/>
<kml:Data name="rs_con1">
<kml:value>0.0</kml:value>
</kml:Data>
<kml:Data name="rs_con3">
<kml:value>0.0</kml:value>
</kml:Data>
<kml:Data name="sc_con">
<kml:value>0.0</kml:value>
</kml:Data>
<kml:Data name="lc_con">
<kml:value>0.0</kml:value>
</kml:Data>
<kml:Data name="si_con">
<kml:value>0.0</kml:value>
</kml:Data>
<kml:Data name="li_con">
<kml:value>0.0</kml:value>
</kml:Data>
<kml:Data name="pb_con">
<kml:value>0.0</kml:value>
</kml:Data>
<kml:Data name="ag_con">
<kml:value>0.0</kml:value>
</kml:Data>
<kml:Data name="st_con">
<kml:value>0.0</kml:value>
</kml:Data>
<kml:Data name="remarks">
<kml:value/>
</kml:Data>
<kml:Data name="wo_id">
<kml:value>386</kml:value>
</kml:Data>
<kml:Data name="sequence"/>
</kml:ExtendedData>
<kml:Point>
<kml:coordinates>67.88323495966871,29.54078391400533</kml:coordinates>
</kml:Point>
</kml:Placemark>
<kml:Placemark id="equipment_materialized.419706">
<kml:ExtendedData>
<kml:Data name="section_id">
<kml:value>02001314130120132</kml:value>
</kml:Data>
<kml:Data name="feedercode">
<kml:value>020013</kml:value>
</kml:Data>
<kml:Data name="substation">
<kml:value>220 KV-SIBI</kml:value>
</kml:Data>
<kml:Data name="gps_no">
<kml:value>14130120132</kml:value>
</kml:Data>
<kml:Data name="s_e">
<kml:value>E</kml:value>
</kml:Data>
<kml:Data name="pole_phase">
<kml:value>R-Y-B</kml:value>
</kml:Data>
<kml:Data name="pole_use"/>
<kml:Data name="fdr_on_pol">
<kml:value>1.0</kml:value>
</kml:Data>
<kml:Data name="pol_hght">
<kml:value>36</kml:value>
</kml:Data>
<kml:Data name="pole_type">
<kml:value>PC Ordinary</kml:value>
</kml:Data>
<kml:Data name="eqp_type">
<kml:value>Transformer</kml:value>
</kml:Data>
<kml:Data name="eqp_number">
<kml:value>T-14130120132</kml:value>
</kml:Data>
<kml:Data name="eqp_unit"/>
<kml:Data name="eqp_size">
<kml:value>100</kml:value>
</kml:Data>
<kml:Data name="eqp_phase">
<kml:value>R-Y-B</kml:value>
</kml:Data>
<kml:Data name="eqp_use">
<kml:value>General Duty</kml:value>
</kml:Data>
<kml:Data name="eqp_status">
<kml:value>Connected</kml:value>
</kml:Data>
<kml:Data name="trafo_mke">
<kml:value>Siemens</kml:value>
</kml:Data>
<kml:Data name="consmr_nam">
<kml:value/>
</kml:Data>
<kml:Data name="trafo_loc">
<kml:value/>
</kml:Data>
<kml:Data name="trafo_mnt">
<kml:value>Single Pole</kml:value>
</kml:Data>
<kml:Data name="angle"/>
<kml:Data name="tap_pole"/>
<kml:Data name="end_type">
<kml:value/>
</kml:Data>
<kml:Data name="rs_con"/>
<kml:Data name="rs_con1">
<kml:value>0.0</kml:value>
</kml:Data>
<kml:Data name="rs_con3">
<kml:value>0.0</kml:value>
</kml:Data>
<kml:Data name="sc_con">
<kml:value>0.0</kml:value>
</kml:Data>
<kml:Data name="lc_con">
<kml:value>0.0</kml:value>
</kml:Data>
<kml:Data name="si_con">
<kml:value>0.0</kml:value>
</kml:Data>
<kml:Data name="li_con">
<kml:value>0.0</kml:value>
</kml:Data>
<kml:Data name="pb_con">
<kml:value>0.0</kml:value>
</kml:Data>
<kml:Data name="ag_con">
<kml:value>0.0</kml:value>
</kml:Data>
<kml:Data name="st_con">
<kml:value>0.0</kml:value>
</kml:Data>
<kml:Data name="remarks">
<kml:value/>
</kml:Data>
<kml:Data name="wo_id">
<kml:value>386</kml:value>
</kml:Data>
<kml:Data name="sequence"/>
</kml:ExtendedData>
<kml:Point>
<kml:coordinates>67.88322703284749,29.54080090340689</kml:coordinates>
</kml:Point>
</kml:Placemark>
<kml:Placemark id="equipment_materialized.419708">
<kml:ExtendedData>
<kml:Data name="section_id">
<kml:value>02001314130120139</kml:value>
</kml:Data>
<kml:Data name="feedercode">
<kml:value>020013</kml:value>
</kml:Data>
<kml:Data name="substation">
<kml:value>220 KV-SIBI</kml:value>
</kml:Data>
<kml:Data name="gps_no">
<kml:value>14130120133</kml:value>
</kml:Data>
<kml:Data name="s_e">
<kml:value/>
</kml:Data>
<kml:Data name="pole_phase">
<kml:value>R-Y-B</kml:value>
</kml:Data>
<kml:Data name="pole_use"/>
<kml:Data name="fdr_on_pol">
<kml:value>1.0</kml:value>
</kml:Data>
<kml:Data name="pol_hght">
<kml:value>36</kml:value>
</kml:Data>
<kml:Data name="pole_type">
<kml:value>Steel Structure</kml:value>
</kml:Data>
<kml:Data name="eqp_type">
<kml:value>Primary Pole</kml:value>
</kml:Data>
<kml:Data name="eqp_number">
<kml:value/>
</kml:Data>
<kml:Data name="eqp_unit"/>
<kml:Data name="eqp_size">
<kml:value/>
</kml:Data>
<kml:Data name="eqp_phase">
<kml:value/>
</kml:Data>
<kml:Data name="eqp_use"/>
<kml:Data name="eqp_status">
<kml:value/>
</kml:Data>
<kml:Data name="trafo_mke"/>
<kml:Data name="consmr_nam">
<kml:value/>
</kml:Data>
<kml:Data name="trafo_loc">
<kml:value/>
</kml:Data>
<kml:Data name="trafo_mnt"/>
<kml:Data name="angle"/>
<kml:Data name="tap_pole"/>
<kml:Data name="end_type">
<kml:value/>
</kml:Data>
<kml:Data name="rs_con"/>
<kml:Data name="rs_con1">
<kml:value>0.0</kml:value>
</kml:Data>
<kml:Data name="rs_con3">
<kml:value>0.0</kml:value>
</kml:Data>
<kml:Data name="sc_con">
<kml:value>0.0</kml:value>
</kml:Data>
<kml:Data name="lc_con">
<kml:value>0.0</kml:value>
</kml:Data>
<kml:Data name="si_con">
<kml:value>0.0</kml:value>
</kml:Data>
<kml:Data name="li_con">
<kml:value>0.0</kml:value>
</kml:Data>
<kml:Data name="pb_con">
<kml:value>0.0</kml:value>
</kml:Data>
<kml:Data name="ag_con">
<kml:value>0.0</kml:value>
</kml:Data>
<kml:Data name="st_con">
<kml:value>0.0</kml:value>
</kml:Data>
<kml:Data name="remarks">
<kml:value/>
</kml:Data>
<kml:Data name="wo_id">
<kml:value>386</kml:value>
</kml:Data>
<kml:Data name="sequence">
<kml:value>0</kml:value>
</kml:Data>
</kml:ExtendedData>
<kml:Point>
<kml:coordinates>67.88426905211927,29.5400868966127</kml:coordinates>
</kml:Point>
</kml:Placemark>
<kml:Placemark id="equipment_materialized.419709">
<kml:ExtendedData>
<kml:Data name="section_id">
<kml:value>02001314130120139</kml:value>
</kml:Data>
<kml:Data name="feedercode">
<kml:value>020013</kml:value>
</kml:Data>
<kml:Data name="substation">
<kml:value>220 KV-SIBI</kml:value>
</kml:Data>
<kml:Data name="gps_no">
<kml:value>14130120134</kml:value>
</kml:Data>
<kml:Data name="s_e">
<kml:value/>
</kml:Data>
<kml:Data name="pole_phase">
<kml:value>R-Y-B</kml:value>
</kml:Data>
<kml:Data name="pole_use"/>
<kml:Data name="fdr_on_pol">
<kml:value>1.0</kml:value>
</kml:Data>
<kml:Data name="pol_hght">
<kml:value>36</kml:value>
</kml:Data>
<kml:Data name="pole_type">
<kml:value>Steel Structure</kml:value>
</kml:Data>
<kml:Data name="eqp_type">
<kml:value>Primary Pole</kml:value>
</kml:Data>
<kml:Data name="eqp_number">
<kml:value/>
</kml:Data>
<kml:Data name="eqp_unit"/>
<kml:Data name="eqp_size">
<kml:value/>
</kml:Data>
<kml:Data name="eqp_phase">
<kml:value/>
</kml:Data>
<kml:Data name="eqp_use"/>
<kml:Data name="eqp_status">
<kml:value/>
</kml:Data>
<kml:Data name="trafo_mke"/>
<kml:Data name="consmr_nam">
<kml:value/>
</kml:Data>
<kml:Data name="trafo_loc">
<kml:value/>
</kml:Data>
<kml:Data name="trafo_mnt"/>
<kml:Data name="angle"/>
<kml:Data name="tap_pole"/>
<kml:Data name="end_type">
<kml:value/>
</kml:Data>
<kml:Data name="rs_con"/>
<kml:Data name="rs_con1">
<kml:value>0.0</kml:value>
</kml:Data>
<kml:Data name="rs_con3">
<kml:value>0.0</kml:value>
</kml:Data>
<kml:Data name="sc_con">
<kml:value>0.0</kml:value>
</kml:Data>
<kml:Data name="lc_con">
<kml:value>0.0</kml:value>
</kml:Data>
<kml:Data name="si_con">
<kml:value>0.0</kml:value>
</kml:Data>
<kml:Data name="li_con">
<kml:value>0.0</kml:value>
</kml:Data>
<kml:Data name="pb_con">
<kml:value>0.0</kml:value>
</kml:Data>
<kml:Data name="ag_con">
<kml:value>0.0</kml:value>
</kml:Data>
<kml:Data name="st_con">
<kml:value>0.0</kml:value>
</kml:Data>
<kml:Data name="remarks">
<kml:value/>
</kml:Data>
<kml:Data name="wo_id">
<kml:value>386</kml:value>
</kml:Data>
<kml:Data name="sequence">
<kml:value>1</kml:value>
</kml:Data>
</kml:ExtendedData>
<kml:Point>
<kml:coordinates>67.88403499381536,29.539588862425468</kml:coordinates>
</kml:Point>
</kml:Placemark>
<kml:Placemark id="equipment_materialized.419710">
<kml:ExtendedData>
<kml:Data name="section_id">
<kml:value>02001314130120139</kml:value>
</kml:Data>
<kml:Data name="feedercode">
<kml:value>020013</kml:value>
</kml:Data>
<kml:Data name="substation">
<kml:value>220 KV-SIBI</kml:value>
</kml:Data>
<kml:Data name="gps_no">
<kml:value>14130120135</kml:value>
</kml:Data>
<kml:Data name="s_e">
<kml:value/>
</kml:Data>
<kml:Data name="pole_phase">
<kml:value>R-Y-B</kml:value>
</kml:Data>
<kml:Data name="pole_use"/>
<kml:Data name="fdr_on_pol">
<kml:value>1.0</kml:value>
</kml:Data>
<kml:Data name="pol_hght">
<kml:value>36</kml:value>
</kml:Data>
<kml:Data name="pole_type">
<kml:value>Steel Structure</kml:value>
</kml:Data>
<kml:Data name="eqp_type">
<kml:value>Primary Pole</kml:value>
</kml:Data>
<kml:Data name="eqp_number">
<kml:value/>
</kml:Data>
<kml:Data name="eqp_unit"/>
<kml:Data name="eqp_size">
<kml:value/>
</kml:Data>
<kml:Data name="eqp_phase">
<kml:value/>
</kml:Data>
<kml:Data name="eqp_use"/>
<kml:Data name="eqp_status">
<kml:value/>
</kml:Data>
<kml:Data name="trafo_mke"/>
<kml:Data name="consmr_nam">
<kml:value/>
</kml:Data>
<kml:Data name="trafo_loc">
<kml:value/>
</kml:Data>
<kml:Data name="trafo_mnt"/>
<kml:Data name="angle"/>
<kml:Data name="tap_pole"/>
<kml:Data name="end_type">
<kml:value/>
</kml:Data>
<kml:Data name="rs_con"/>
<kml:Data name="rs_con1">
<kml:value>0.0</kml:value>
</kml:Data>
<kml:Data name="rs_con3">
<kml:value>0.0</kml:value>
</kml:Data>
<kml:Data name="sc_con">
<kml:value>0.0</kml:value>
</kml:Data>
<kml:Data name="lc_con">
<kml:value>0.0</kml:value>
</kml:Data>
<kml:Data name="si_con">
<kml:value>0.0</kml:value>
</kml:Data>
<kml:Data name="li_con">
<kml:value>0.0</kml:value>
</kml:Data>
<kml:Data name="pb_con">
<kml:value>0.0</kml:value>
</kml:Data>
<kml:Data name="ag_con">
<kml:value>0.0</kml:value>
</kml:Data>
<kml:Data name="st_con">
<kml:value>0.0</kml:value>
</kml:Data>
<kml:Data name="remarks">
<kml:value/>
</kml:Data>
<kml:Data name="wo_id">
<kml:value>386</kml:value>
</kml:Data>
<kml:Data name="sequence">
<kml:value>2</kml:value>
</kml:Data>
</kml:ExtendedData>
<kml:Point>
<kml:coordinates>67.88373899556096,29.539045907705177</kml:coordinates>
</kml:Point>
</kml:Placemark>
<kml:Placemark id="equipment_materialized.419711">
<kml:ExtendedData>
<kml:Data name="section_id">
<kml:value>02001314130120139</kml:value>
</kml:Data>
<kml:Data name="feedercode">
<kml:value>020013</kml:value>
</kml:Data>
<kml:Data name="substation">
<kml:value>220 KV-SIBI</kml:value>
</kml:Data>
<kml:Data name="gps_no">
<kml:value>14130120136</kml:value>
</kml:Data>
<kml:Data name="s_e">
<kml:value/>
</kml:Data>
<kml:Data name="pole_phase">
<kml:value>R-Y-B</kml:value>
</kml:Data>
<kml:Data name="pole_use"/>
<kml:Data name="fdr_on_pol">
<kml:value>1.0</kml:value>
</kml:Data>
<kml:Data name="pol_hght">
<kml:value>36</kml:value>
</kml:Data>
<kml:Data name="pole_type">
<kml:value>Steel Structure</kml:value>
</kml:Data>
<kml:Data name="eqp_type">
<kml:value>Primary Pole</kml:value>
</kml:Data>
<kml:Data name="eqp_number">
<kml:value/>
</kml:Data>
<kml:Data name="eqp_unit"/>
<kml:Data name="eqp_size">
<kml:value/>
</kml:Data>
<kml:Data name="eqp_phase">
<kml:value/>
</kml:Data>
<kml:Data name="eqp_use"/>
<kml:Data name="eqp_status">
<kml:value/>
</kml:Data>
<kml:Data name="trafo_mke"/>
<kml:Data name="consmr_nam">
<kml:value/>
</kml:Data>
<kml:Data name="trafo_loc">
<kml:value/>
</kml:Data>
<kml:Data name="trafo_mnt"/>
<kml:Data name="angle"/>
<kml:Data name="tap_pole"/>
<kml:Data name="end_type">
<kml:value/>
</kml:Data>
<kml:Data name="rs_con"/>
<kml:Data name="rs_con1">
<kml:value>0.0</kml:value>
</kml:Data>
<kml:Data name="rs_con3">
<kml:value>0.0</kml:value>
</kml:Data>
<kml:Data name="sc_con">
<kml:value>0.0</kml:value>
</kml:Data>
<kml:Data name="lc_con">
<kml:value>0.0</kml:value>
</kml:Data>
<kml:Data name="si_con">
<kml:value>0.0</kml:value>
</kml:Data>
<kml:Data name="li_con">
<kml:value>0.0</kml:value>
</kml:Data>
<kml:Data name="pb_con">
<kml:value>0.0</kml:value>
</kml:Data>
<kml:Data name="ag_con">
<kml:value>0.0</kml:value>
</kml:Data>
<kml:Data name="st_con">
<kml:value>0.0</kml:value>
</kml:Data>
<kml:Data name="remarks">
<kml:value/>
</kml:Data>
<kml:Data name="wo_id">
<kml:value>386</kml:value>
</kml:Data>
<kml:Data name="sequence">
<kml:value>3</kml:value>
</kml:Data>
</kml:ExtendedData>
<kml:Point>
<kml:coordinates>67.88343497628168,29.538218888518017</kml:coordinates>
</kml:Point>
</kml:Placemark>
<kml:Placemark id="equipment_materialized.419712">
<kml:ExtendedData>
<kml:Data name="section_id">
<kml:value>02001314130120139</kml:value>
</kml:Data>
<kml:Data name="feedercode">
<kml:value>020013</kml:value>
</kml:Data>
<kml:Data name="substation">
<kml:value>220 KV-SIBI</kml:value>
</kml:Data>
<kml:Data name="gps_no">
<kml:value>14130120137</kml:value>
</kml:Data>
<kml:Data name="s_e">
<kml:value/>
</kml:Data>
<kml:Data name="pole_phase">
<kml:value>R-Y-B</kml:value>
</kml:Data>
<kml:Data name="pole_use"/>
<kml:Data name="fdr_on_pol">
<kml:value>1.0</kml:value>
</kml:Data>
<kml:Data name="pol_hght">
<kml:value>36</kml:value>
</kml:Data>
<kml:Data name="pole_type">
<kml:value>Steel Structure</kml:value>
</kml:Data>
<kml:Data name="eqp_type">
<kml:value>Primary Pole</kml:value>
</kml:Data>
<kml:Data name="eqp_number">
<kml:value/>
</kml:Data>
<kml:Data name="eqp_unit"/>
<kml:Data name="eqp_size">
<kml:value/>
</kml:Data>
<kml:Data name="eqp_phase">
<kml:value/>
</kml:Data>
<kml:Data name="eqp_use"/>
<kml:Data name="eqp_status">
<kml:value/>
</kml:Data>
<kml:Data name="trafo_mke"/>
<kml:Data name="consmr_nam">
<kml:value/>
</kml:Data>
<kml:Data name="trafo_loc">
<kml:value/>
</kml:Data>
<kml:Data name="trafo_mnt"/>
<kml:Data name="angle"/>
<kml:Data name="tap_pole"/>
<kml:Data name="end_type">
<kml:value/>
</kml:Data>
<kml:Data name="rs_con"/>
<kml:Data name="rs_con1">
<kml:value>0.0</kml:value>
</kml:Data>
<kml:Data name="rs_con3">
<kml:value>0.0</kml:value>
</kml:Data>
<kml:Data name="sc_con">
<kml:value>0.0</kml:value>
</kml:Data>
<kml:Data name="lc_con">
<kml:value>0.0</kml:value>
</kml:Data>
<kml:Data name="si_con">
<kml:value>0.0</kml:value>
</kml:Data>
<kml:Data name="li_con">
<kml:value>0.0</kml:value>
</kml:Data>
<kml:Data name="pb_con">
<kml:value>0.0</kml:value>
</kml:Data>
<kml:Data name="ag_con">
<kml:value>0.0</kml:value>
</kml:Data>
<kml:Data name="st_con">
<kml:value>0.0</kml:value>
</kml:Data>
<kml:Data name="remarks">
<kml:value/>
</kml:Data>
<kml:Data name="wo_id">
<kml:value>386</kml:value>
</kml:Data>
<kml:Data name="sequence">
<kml:value>4</kml:value>
</kml:Data>
</kml:ExtendedData>
<kml:Point>
<kml:coordinates>67.8832219614693,29.537684842066337</kml:coordinates>
</kml:Point>
</kml:Placemark>
<kml:Placemark id="equipment_materialized.419713">
<kml:ExtendedData>
<kml:Data name="section_id">
<kml:value>02001314130120139</kml:value>
</kml:Data>
<kml:Data name="feedercode">
<kml:value>020013</kml:value>
</kml:Data>
<kml:Data name="substation">
<kml:value>220 KV-SIBI</kml:value>
</kml:Data>
<kml:Data name="gps_no">
<kml:value>14130120138</kml:value>
</kml:Data>
<kml:Data name="s_e">
<kml:value/>
</kml:Data>
<kml:Data name="pole_phase">
<kml:value>R-Y-B</kml:value>
</kml:Data>
<kml:Data name="pole_use"/>
<kml:Data name="fdr_on_pol">
<kml:value>1.0</kml:value>
</kml:Data>
<kml:Data name="pol_hght">
<kml:value>36</kml:value>
</kml:Data>
<kml:Data name="pole_type">
<kml:value>Steel Structure</kml:value>
</kml:Data>
<kml:Data name="eqp_type">
<kml:value>Primary Pole</kml:value>
</kml:Data>
<kml:Data name="eqp_number">
<kml:value/>
</kml:Data>
<kml:Data name="eqp_unit"/>
<kml:Data name="eqp_size">
<kml:value/>
</kml:Data>
<kml:Data name="eqp_phase">
<kml:value/>
</kml:Data>
<kml:Data name="eqp_use"/>
<kml:Data name="eqp_status">
<kml:value/>
</kml:Data>
<kml:Data name="trafo_mke"/>
<kml:Data name="consmr_nam">
<kml:value/>
</kml:Data>
<kml:Data name="trafo_loc">
<kml:value/>
</kml:Data>
<kml:Data name="trafo_mnt"/>
<kml:Data name="angle"/>
<kml:Data name="tap_pole"/>
<kml:Data name="end_type">
<kml:value/>
</kml:Data>
<kml:Data name="rs_con"/>
<kml:Data name="rs_con1">
<kml:value>0.0</kml:value>
</kml:Data>
<kml:Data name="rs_con3">
<kml:value>0.0</kml:value>
</kml:Data>
<kml:Data name="sc_con">
<kml:value>0.0</kml:value>
</kml:Data>
<kml:Data name="lc_con">
<kml:value>0.0</kml:value>
</kml:Data>
<kml:Data name="si_con">
<kml:value>0.0</kml:value>
</kml:Data>
<kml:Data name="li_con">
<kml:value>0.0</kml:value>
</kml:Data>
<kml:Data name="pb_con">
<kml:value>0.0</kml:value>
</kml:Data>
<kml:Data name="ag_con">
<kml:value>0.0</kml:value>
</kml:Data>
<kml:Data name="st_con">
<kml:value>0.0</kml:value>
</kml:Data>
<kml:Data name="remarks">
<kml:value/>
</kml:Data>
<kml:Data name="wo_id">
<kml:value>386</kml:value>
</kml:Data>
<kml:Data name="sequence">
<kml:value>5</kml:value>
</kml:Data>
</kml:ExtendedData>
<kml:Point>
<kml:coordinates>67.88292001617106,29.53696089725142</kml:coordinates>
</kml:Point>
</kml:Placemark>
<kml:Placemark id="equipment_materialized.419714">
<kml:ExtendedData>
<kml:Data name="section_id">
<kml:value>02001314130120139</kml:value>
</kml:Data>
<kml:Data name="feedercode">
<kml:value>020013</kml:value>
</kml:Data>
<kml:Data name="substation">
<kml:value>220 KV-SIBI</kml:value>
</kml:Data>
<kml:Data name="gps_no">
<kml:value>14130120139</kml:value>
</kml:Data>
<kml:Data name="s_e">
<kml:value>E</kml:value>
</kml:Data>
<kml:Data name="pole_phase">
<kml:value>R-Y-B</kml:value>
</kml:Data>
<kml:Data name="pole_use"/>
<kml:Data name="fdr_on_pol">
<kml:value>1.0</kml:value>
</kml:Data>
<kml:Data name="pol_hght">
<kml:value>36</kml:value>
</kml:Data>
<kml:Data name="pole_type">
<kml:value>Steel Structure</kml:value>
</kml:Data>
<kml:Data name="eqp_type">
<kml:value>Primary Pole</kml:value>
</kml:Data>
<kml:Data name="eqp_number">
<kml:value/>
</kml:Data>
<kml:Data name="eqp_unit"/>
<kml:Data name="eqp_size">
<kml:value/>
</kml:Data>
<kml:Data name="eqp_phase">
<kml:value/>
</kml:Data>
<kml:Data name="eqp_use"/>
<kml:Data name="eqp_status">
<kml:value/>
</kml:Data>
<kml:Data name="trafo_mke"/>
<kml:Data name="consmr_nam">
<kml:value/>
</kml:Data>
<kml:Data name="trafo_loc">
<kml:value/>
</kml:Data>
<kml:Data name="trafo_mnt"/>
<kml:Data name="angle"/>
<kml:Data name="tap_pole"/>
<kml:Data name="end_type">
<kml:value/>
</kml:Data>
<kml:Data name="rs_con"/>
<kml:Data name="rs_con1">
<kml:value>0.0</kml:value>
</kml:Data>
<kml:Data name="rs_con3">
<kml:value>0.0</kml:value>
</kml:Data>
<kml:Data name="sc_con">
<kml:value>0.0</kml:value>
</kml:Data>
<kml:Data name="lc_con">
<kml:value>0.0</kml:value>
</kml:Data>
<kml:Data name="si_con">
<kml:value>0.0</kml:value>
</kml:Data>
<kml:Data name="li_con">
<kml:value>0.0</kml:value>
</kml:Data>
<kml:Data name="pb_con">
<kml:value>0.0</kml:value>
</kml:Data>
<kml:Data name="ag_con">
<kml:value>0.0</kml:value>
</kml:Data>
<kml:Data name="st_con">
<kml:value>0.0</kml:value>
</kml:Data>
<kml:Data name="remarks">
<kml:value/>
</kml:Data>
<kml:Data name="wo_id">
<kml:value>386</kml:value>
</kml:Data>
<kml:Data name="sequence"/>
</kml:ExtendedData>
<kml:Point>
<kml:coordinates>67.88238603507949,29.53587592141056</kml:coordinates>
</kml:Point>
</kml:Placemark>
<kml:Placemark id="equipment_materialized.419716">
<kml:ExtendedData>
<kml:Data name="section_id">
<kml:value>02001314130120140</kml:value>
</kml:Data>
<kml:Data name="feedercode">
<kml:value>020013</kml:value>
</kml:Data>
<kml:Data name="substation">
<kml:value>220 KV-SIBI</kml:value>
</kml:Data>
<kml:Data name="gps_no">
<kml:value>14130120140</kml:value>
</kml:Data>
<kml:Data name="s_e">
<kml:value>E</kml:value>
</kml:Data>
<kml:Data name="pole_phase">
<kml:value>R-Y-B</kml:value>
</kml:Data>
<kml:Data name="pole_use"/>
<kml:Data name="fdr_on_pol">
<kml:value>1.0</kml:value>
</kml:Data>
<kml:Data name="pol_hght">
<kml:value>36</kml:value>
</kml:Data>
<kml:Data name="pole_type">
<kml:value>Steel Structure</kml:value>
</kml:Data>
<kml:Data name="eqp_type">
<kml:value>Primary Pole</kml:value>
</kml:Data>
<kml:Data name="eqp_number">
<kml:value/>
</kml:Data>
<kml:Data name="eqp_unit"/>
<kml:Data name="eqp_size">
<kml:value/>
</kml:Data>
<kml:Data name="eqp_phase">
<kml:value/>
</kml:Data>
<kml:Data name="eqp_use"/>
<kml:Data name="eqp_status">
<kml:value/>
</kml:Data>
<kml:Data name="trafo_mke"/>
<kml:Data name="consmr_nam">
<kml:value/>
</kml:Data>
<kml:Data name="trafo_loc">
<kml:value/>
</kml:Data>
<kml:Data name="trafo_mnt"/>
<kml:Data name="angle"/>
<kml:Data name="tap_pole"/>
<kml:Data name="end_type">
<kml:value>SDE</kml:value>
</kml:Data>
<kml:Data name="rs_con"/>
<kml:Data name="rs_con1">
<kml:value>0.0</kml:value>
</kml:Data>
<kml:Data name="rs_con3">
<kml:value>0.0</kml:value>
</kml:Data>
<kml:Data name="sc_con">
<kml:value>0.0</kml:value>
</kml:Data>
<kml:Data name="lc_con">
<kml:value>0.0</kml:value>
</kml:Data>
<kml:Data name="si_con">
<kml:value>0.0</kml:value>
</kml:Data>
<kml:Data name="li_con">
<kml:value>0.0</kml:value>
</kml:Data>
<kml:Data name="pb_con">
<kml:value>0.0</kml:value>
</kml:Data>
<kml:Data name="ag_con">
<kml:value>0.0</kml:value>
</kml:Data>
<kml:Data name="st_con">
<kml:value>0.0</kml:value>
</kml:Data>
<kml:Data name="remarks">
<kml:value/>
</kml:Data>
<kml:Data name="wo_id">
<kml:value>386</kml:value>
</kml:Data>
<kml:Data name="sequence"/>
</kml:ExtendedData>
<kml:Point>
<kml:coordinates>67.88163197126102,29.536101864463088</kml:coordinates>
</kml:Point>
</kml:Placemark>
<kml:Placemark id="equipment_materialized.419718">
<kml:ExtendedData>
<kml:Data name="section_id">
<kml:value>02001314130120141</kml:value>
</kml:Data>
<kml:Data name="feedercode">
<kml:value>020013</kml:value>
</kml:Data>
<kml:Data name="substation">
<kml:value>220 KV-SIBI</kml:value>
</kml:Data>
<kml:Data name="gps_no">
<kml:value>14130120141</kml:value>
</kml:Data>
<kml:Data name="s_e">
<kml:value>E</kml:value>
</kml:Data>
<kml:Data name="pole_phase">
<kml:value>R-Y-B</kml:value>
</kml:Data>
<kml:Data name="pole_use"/>
<kml:Data name="fdr_on_pol">
<kml:value>1.0</kml:value>
</kml:Data>
<kml:Data name="pol_hght">
<kml:value>36</kml:value>
</kml:Data>
<kml:Data name="pole_type">
<kml:value>Steel Structure</kml:value>
</kml:Data>
<kml:Data name="eqp_type">
<kml:value>Transformer</kml:value>
</kml:Data>
<kml:Data name="eqp_number">
<kml:value>T-14130120141</kml:value>
</kml:Data>
<kml:Data name="eqp_unit"/>
<kml:Data name="eqp_size">
<kml:value>100</kml:value>
</kml:Data>
<kml:Data name="eqp_phase">
<kml:value>R-Y-B</kml:value>
</kml:Data>
<kml:Data name="eqp_use">
<kml:value>General Duty</kml:value>
</kml:Data>
<kml:Data name="eqp_status">
<kml:value>Connected</kml:value>
</kml:Data>
<kml:Data name="trafo_mke">
<kml:value>Siemens</kml:value>
</kml:Data>
<kml:Data name="consmr_nam">
<kml:value/>
</kml:Data>
<kml:Data name="trafo_loc">
<kml:value/>
</kml:Data>
<kml:Data name="trafo_mnt">
<kml:value>Double Pole</kml:value>
</kml:Data>
<kml:Data name="angle"/>
<kml:Data name="tap_pole"/>
<kml:Data name="end_type">
<kml:value/>
</kml:Data>
<kml:Data name="rs_con"/>
<kml:Data name="rs_con1">
<kml:value>0.0</kml:value>
</kml:Data>
<kml:Data name="rs_con3">
<kml:value>0.0</kml:value>
</kml:Data>
<kml:Data name="sc_con">
<kml:value>0.0</kml:value>
</kml:Data>
<kml:Data name="lc_con">
<kml:value>0.0</kml:value>
</kml:Data>
<kml:Data name="si_con">
<kml:value>0.0</kml:value>
</kml:Data>
<kml:Data name="li_con">
<kml:value>0.0</kml:value>
</kml:Data>
<kml:Data name="pb_con">
<kml:value>0.0</kml:value>
</kml:Data>
<kml:Data name="ag_con">
<kml:value>0.0</kml:value>
</kml:Data>
<kml:Data name="st_con">
<kml:value>0.0</kml:value>
</kml:Data>
<kml:Data name="remarks">
<kml:value/>
</kml:Data>
<kml:Data name="wo_id">
<kml:value>386</kml:value>
</kml:Data>
<kml:Data name="sequence"/>
</kml:ExtendedData>
<kml:Point>
<kml:coordinates>67.88162898272735,29.536110863666554</kml:coordinates>
</kml:Point>
</kml:Placemark>
<kml:Placemark id="equipment_materialized.419720">
<kml:ExtendedData>
<kml:Data name="section_id">
<kml:value>02001314130120147</kml:value>
</kml:Data>
<kml:Data name="feedercode">
<kml:value>020013</kml:value>
</kml:Data>
<kml:Data name="substation">
<kml:value>220 KV-SIBI</kml:value>
</kml:Data>
<kml:Data name="gps_no">
<kml:value>14130120142</kml:value>
</kml:Data>
<kml:Data name="s_e">
<kml:value/>
</kml:Data>
<kml:Data name="pole_phase">
<kml:value>R-Y-B</kml:value>
</kml:Data>
<kml:Data name="pole_use"/>
<kml:Data name="fdr_on_pol">
<kml:value>1.0</kml:value>
</kml:Data>
<kml:Data name="pol_hght">
<kml:value>36</kml:value>
</kml:Data>
<kml:Data name="pole_type">
<kml:value>Steel Structure</kml:value>
</kml:Data>
<kml:Data name="eqp_type">
<kml:value>Primary Pole</kml:value>
</kml:Data>
<kml:Data name="eqp_number">
<kml:value/>
</kml:Data>
<kml:Data name="eqp_unit"/>
<kml:Data name="eqp_size">
<kml:value/>
</kml:Data>
<kml:Data name="eqp_phase">
<kml:value/>
</kml:Data>
<kml:Data name="eqp_use"/>
<kml:Data name="eqp_status">
<kml:value/>
</kml:Data>
<kml:Data name="trafo_mke"/>
<kml:Data name="consmr_nam">
<kml:value/>
</kml:Data>
<kml:Data name="trafo_loc">
<kml:value/>
</kml:Data>
<kml:Data name="trafo_mnt"/>
<kml:Data name="angle"/>
<kml:Data name="tap_pole"/>
<kml:Data name="end_type">
<kml:value/>
</kml:Data>
<kml:Data name="rs_con"/>
<kml:Data name="rs_con1">
<kml:value>0.0</kml:value>
</kml:Data>
<kml:Data name="rs_con3">
<kml:value>0.0</kml:value>
</kml:Data>
<kml:Data name="sc_con">
<kml:value>0.0</kml:value>
</kml:Data>
<kml:Data name="lc_con">
<kml:value>0.0</kml:value>
</kml:Data>
<kml:Data name="si_con">
<kml:value>0.0</kml:value>
</kml:Data>
<kml:Data name="li_con">
<kml:value>0.0</kml:value>
</kml:Data>
<kml:Data name="pb_con">
<kml:value>0.0</kml:value>
</kml:Data>
<kml:Data name="ag_con">
<kml:value>0.0</kml:value>
</kml:Data>
<kml:Data name="st_con">
<kml:value>0.0</kml:value>
</kml:Data>
<kml:Data name="remarks">
<kml:value/>
</kml:Data>
<kml:Data name="wo_id">
<kml:value>386</kml:value>
</kml:Data>
<kml:Data name="sequence">
<kml:value>0</kml:value>
</kml:Data>
</kml:ExtendedData>
<kml:Point>
<kml:coordinates>67.88204300033573,29.535285911468613</kml:coordinates>
</kml:Point>
</kml:Placemark>
<kml:Placemark id="equipment_materialized.419721">
<kml:ExtendedData>
<kml:Data name="section_id">
<kml:value>02001314130120147</kml:value>
</kml:Data>
<kml:Data name="feedercode">
<kml:value>020013</kml:value>
</kml:Data>
<kml:Data name="substation">
<kml:value>220 KV-SIBI</kml:value>
</kml:Data>
<kml:Data name="gps_no">
<kml:value>14130120143</kml:value>
</kml:Data>
<kml:Data name="s_e">
<kml:value/>
</kml:Data>
<kml:Data name="pole_phase">
<kml:value>R-Y-B</kml:value>
</kml:Data>
<kml:Data name="pole_use"/>
<kml:Data name="fdr_on_pol">
<kml:value>1.0</kml:value>
</kml:Data>
<kml:Data name="pol_hght">
<kml:value>36</kml:value>
</kml:Data>
<kml:Data name="pole_type">
<kml:value>Steel Structure</kml:value>
</kml:Data>
<kml:Data name="eqp_type">
<kml:value>Primary Pole</kml:value>
</kml:Data>
<kml:Data name="eqp_number">
<kml:value/>
</kml:Data>
<kml:Data name="eqp_unit"/>
<kml:Data name="eqp_size">
<kml:value/>
</kml:Data>
<kml:Data name="eqp_phase">
<kml:value/>
</kml:Data>
<kml:Data name="eqp_use"/>
<kml:Data name="eqp_status">
<kml:value/>
</kml:Data>
<kml:Data name="trafo_mke"/>
<kml:Data name="consmr_nam">
<kml:value/>
</kml:Data>
<kml:Data name="trafo_loc">
<kml:value/>
</kml:Data>
<kml:Data name="trafo_mnt"/>
<kml:Data name="angle"/>
<kml:Data name="tap_pole"/>
<kml:Data name="end_type">
<kml:value/>
</kml:Data>
<kml:Data name="rs_con"/>
<kml:Data name="rs_con1">
<kml:value>0.0</kml:value>
</kml:Data>
<kml:Data name="rs_con3">
<kml:value>0.0</kml:value>
</kml:Data>
<kml:Data name="sc_con">
<kml:value>0.0</kml:value>
</kml:Data>
<kml:Data name="lc_con">
<kml:value>0.0</kml:value>
</kml:Data>
<kml:Data name="si_con">
<kml:value>0.0</kml:value>
</kml:Data>
<kml:Data name="li_con">
<kml:value>0.0</kml:value>
</kml:Data>
<kml:Data name="pb_con">
<kml:value>0.0</kml:value>
</kml:Data>
<kml:Data name="ag_con">
<kml:value>0.0</kml:value>
</kml:Data>
<kml:Data name="st_con">
<kml:value>0.0</kml:value>
</kml:Data>
<kml:Data name="remarks">
<kml:value/>
</kml:Data>
<kml:Data name="wo_id">
<kml:value>386</kml:value>
</kml:Data>
<kml:Data name="sequence">
<kml:value>1</kml:value>
</kml:Data>
</kml:ExtendedData>
<kml:Point>
<kml:coordinates>67.88176995660578,29.534740889448504</kml:coordinates>
</kml:Point>
</kml:Placemark>
<kml:Placemark id="equipment_materialized.419722">
<kml:ExtendedData>
<kml:Data name="section_id">
<kml:value>02001314130120147</kml:value>
</kml:Data>
<kml:Data name="feedercode">
<kml:value>020013</kml:value>
</kml:Data>
<kml:Data name="substation">
<kml:value>220 KV-SIBI</kml:value>
</kml:Data>
<kml:Data name="gps_no">
<kml:value>14130120144</kml:value>
</kml:Data>
<kml:Data name="s_e">
<kml:value/>
</kml:Data>
<kml:Data name="pole_phase">
<kml:value>R-Y-B</kml:value>
</kml:Data>
<kml:Data name="pole_use"/>
<kml:Data name="fdr_on_pol">
<kml:value>1.0</kml:value>
</kml:Data>
<kml:Data name="pol_hght">
<kml:value>36</kml:value>
</kml:Data>
<kml:Data name="pole_type">
<kml:value>Steel Structure</kml:value>
</kml:Data>
<kml:Data name="eqp_type">
<kml:value>Primary Pole</kml:value>
</kml:Data>
<kml:Data name="eqp_number">
<kml:value/>
</kml:Data>
<kml:Data name="eqp_unit"/>
<kml:Data name="eqp_size">
<kml:value/>
</kml:Data>
<kml:Data name="eqp_phase">
<kml:value/>
</kml:Data>
<kml:Data name="eqp_use"/>
<kml:Data name="eqp_status">
<kml:value/>
</kml:Data>
<kml:Data name="trafo_mke"/>
<kml:Data name="consmr_nam">
<kml:value/>
</kml:Data>
<kml:Data name="trafo_loc">
<kml:value/>
</kml:Data>
<kml:Data name="trafo_mnt"/>
<kml:Data name="angle"/>
<kml:Data name="tap_pole"/>
<kml:Data name="end_type">
<kml:value/>
</kml:Data>
<kml:Data name="rs_con"/>
<kml:Data name="rs_con1">
<kml:value>0.0</kml:value>
</kml:Data>
<kml:Data name="rs_con3">
<kml:value>0.0</kml:value>
</kml:Data>
<kml:Data name="sc_con">
<kml:value>0.0</kml:value>
</kml:Data>
<kml:Data name="lc_con">
<kml:value>0.0</kml:value>
</kml:Data>
<kml:Data name="si_con">
<kml:value>0.0</kml:value>
</kml:Data>
<kml:Data name="li_con">
<kml:value>0.0</kml:value>
</kml:Data>
<kml:Data name="pb_con">
<kml:value>0.0</kml:value>
</kml:Data>
<kml:Data name="ag_con">
<kml:value>0.0</kml:value>
</kml:Data>
<kml:Data name="st_con">
<kml:value>0.0</kml:value>
</kml:Data>
<kml:Data name="remarks">
<kml:value/>
</kml:Data>
<kml:Data name="wo_id">
<kml:value>386</kml:value>
</kml:Data>
<kml:Data name="sequence">
<kml:value>2</kml:value>
</kml:Data>
</kml:ExtendedData>
<kml:Point>
<kml:coordinates>67.88161796873183,29.53438287766616</kml:coordinates>
</kml:Point>
</kml:Placemark>
<kml:Placemark id="equipment_materialized.419723">
<kml:ExtendedData>
<kml:Data name="section_id">
<kml:value>02001314130120147</kml:value>
</kml:Data>
<kml:Data name="feedercode">
<kml:value>020013</kml:value>
</kml:Data>
<kml:Data name="substation">
<kml:value>220 KV-SIBI</kml:value>
</kml:Data>
<kml:Data name="gps_no">
<kml:value>14130120145</kml:value>
</kml:Data>
<kml:Data name="s_e">
<kml:value/>
</kml:Data>
<kml:Data name="pole_phase">
<kml:value>R-Y-B</kml:value>
</kml:Data>
<kml:Data name="pole_use"/>
<kml:Data name="fdr_on_pol">
<kml:value>1.0</kml:value>
</kml:Data>
<kml:Data name="pol_hght">
<kml:value>36</kml:value>
</kml:Data>
<kml:Data name="pole_type">
<kml:value>Steel Structure</kml:value>
</kml:Data>
<kml:Data name="eqp_type">
<kml:value>Primary Pole</kml:value>
</kml:Data>
<kml:Data name="eqp_number">
<kml:value/>
</kml:Data>
<kml:Data name="eqp_unit"/>
<kml:Data name="eqp_size">
<kml:value/>
</kml:Data>
<kml:Data name="eqp_phase">
<kml:value/>
</kml:Data>
<kml:Data name="eqp_use"/>
<kml:Data name="eqp_status">
<kml:value/>
</kml:Data>
<kml:Data name="trafo_mke"/>
<kml:Data name="consmr_nam">
<kml:value/>
</kml:Data>
<kml:Data name="trafo_loc">
<kml:value/>
</kml:Data>
<kml:Data name="trafo_mnt"/>
<kml:Data name="angle"/>
<kml:Data name="tap_pole"/>
<kml:Data name="end_type">
<kml:value/>
</kml:Data>
<kml:Data name="rs_con"/>
<kml:Data name="rs_con1">
<kml:value>0.0</kml:value>
</kml:Data>
<kml:Data name="rs_con3">
<kml:value>0.0</kml:value>
</kml:Data>
<kml:Data name="sc_con">
<kml:value>0.0</kml:value>
</kml:Data>
<kml:Data name="lc_con">
<kml:value>0.0</kml:value>
</kml:Data>
<kml:Data name="si_con">
<kml:value>0.0</kml:value>
</kml:Data>
<kml:Data name="li_con">
<kml:value>0.0</kml:value>
</kml:Data>
<kml:Data name="pb_con">
<kml:value>0.0</kml:value>
</kml:Data>
<kml:Data name="ag_con">
<kml:value>0.0</kml:value>
</kml:Data>
<kml:Data name="st_con">
<kml:value>0.0</kml:value>
</kml:Data>
<kml:Data name="remarks">
<kml:value/>
</kml:Data>
<kml:Data name="wo_id">
<kml:value>386</kml:value>
</kml:Data>
<kml:Data name="sequence">
<kml:value>3</kml:value>
</kml:Data>
</kml:ExtendedData>
<kml:Point>
<kml:coordinates>67.88155201020038,29.534121879645028</kml:coordinates>
</kml:Point>
</kml:Placemark>
<kml:Placemark id="equipment_materialized.419724">
<kml:ExtendedData>
<kml:Data name="section_id">
<kml:value>02001314130120147</kml:value>
</kml:Data>
<kml:Data name="feedercode">
<kml:value>020013</kml:value>
</kml:Data>
<kml:Data name="substation">
<kml:value>220 KV-SIBI</kml:value>
</kml:Data>
<kml:Data name="gps_no">
<kml:value>14130120146</kml:value>
</kml:Data>
<kml:Data name="s_e">
<kml:value/>
</kml:Data>
<kml:Data name="pole_phase">
<kml:value>R-Y-B</kml:value>
</kml:Data>
<kml:Data name="pole_use"/>
<kml:Data name="fdr_on_pol">
<kml:value>1.0</kml:value>
</kml:Data>
<kml:Data name="pol_hght">
<kml:value>36</kml:value>
</kml:Data>
<kml:Data name="pole_type">
<kml:value>Steel Structure</kml:value>
</kml:Data>
<kml:Data name="eqp_type">
<kml:value>Primary Pole</kml:value>
</kml:Data>
<kml:Data name="eqp_number">
<kml:value/>
</kml:Data>
<kml:Data name="eqp_unit"/>
<kml:Data name="eqp_size">
<kml:value/>
</kml:Data>
<kml:Data name="eqp_phase">
<kml:value/>
</kml:Data>
<kml:Data name="eqp_use"/>
<kml:Data name="eqp_status">
<kml:value/>
</kml:Data>
<kml:Data name="trafo_mke"/>
<kml:Data name="consmr_nam">
<kml:value/>
</kml:Data>
<kml:Data name="trafo_loc">
<kml:value/>
</kml:Data>
<kml:Data name="trafo_mnt"/>
<kml:Data name="angle"/>
<kml:Data name="tap_pole"/>
<kml:Data name="end_type">
<kml:value/>
</kml:Data>
<kml:Data name="rs_con"/>
<kml:Data name="rs_con1">
<kml:value>0.0</kml:value>
</kml:Data>
<kml:Data name="rs_con3">
<kml:value>0.0</kml:value>
</kml:Data>
<kml:Data name="sc_con">
<kml:value>0.0</kml:value>
</kml:Data>
<kml:Data name="lc_con">
<kml:value>0.0</kml:value>
</kml:Data>
<kml:Data name="si_con">
<kml:value>0.0</kml:value>
</kml:Data>
<kml:Data name="li_con">
<kml:value>0.0</kml:value>
</kml:Data>
<kml:Data name="pb_con">
<kml:value>0.0</kml:value>
</kml:Data>
<kml:Data name="ag_con">
<kml:value>0.0</kml:value>
</kml:Data>
<kml:Data name="st_con">
<kml:value>0.0</kml:value>
</kml:Data>
<kml:Data name="remarks">
<kml:value/>
</kml:Data>
<kml:Data name="wo_id">
<kml:value>386</kml:value>
</kml:Data>
<kml:Data name="sequence">
<kml:value>4</kml:value>
</kml:Data>
</kml:ExtendedData>
<kml:Point>
<kml:coordinates>67.8817589916217,29.53349588713592</kml:coordinates>
</kml:Point>
</kml:Placemark>
<kml:Placemark id="equipment_materialized.419725">
<kml:ExtendedData>
<kml:Data name="section_id">
<kml:value>02001314130120147</kml:value>
</kml:Data>
<kml:Data name="feedercode">
<kml:value>020013</kml:value>
</kml:Data>
<kml:Data name="substation">
<kml:value>220 KV-SIBI</kml:value>
</kml:Data>
<kml:Data name="gps_no">
<kml:value>14130120147</kml:value>
</kml:Data>
<kml:Data name="s_e">
<kml:value>E</kml:value>
</kml:Data>
<kml:Data name="pole_phase">
<kml:value>R-Y-B</kml:value>
</kml:Data>
<kml:Data name="pole_use"/>
<kml:Data name="fdr_on_pol">
<kml:value>1.0</kml:value>
</kml:Data>
<kml:Data name="pol_hght">
<kml:value>36</kml:value>
</kml:Data>
<kml:Data name="pole_type">
<kml:value>Steel Structure</kml:value>
</kml:Data>
<kml:Data name="eqp_type">
<kml:value>Primary Pole</kml:value>
</kml:Data>
<kml:Data name="eqp_number">
<kml:value/>
</kml:Data>
<kml:Data name="eqp_unit"/>
<kml:Data name="eqp_size">
<kml:value/>
</kml:Data>
<kml:Data name="eqp_phase">
<kml:value/>
</kml:Data>
<kml:Data name="eqp_use"/>
<kml:Data name="eqp_status">
<kml:value/>
</kml:Data>
<kml:Data name="trafo_mke"/>
<kml:Data name="consmr_nam">
<kml:value/>
</kml:Data>
<kml:Data name="trafo_loc">
<kml:value/>
</kml:Data>
<kml:Data name="trafo_mnt"/>
<kml:Data name="angle"/>
<kml:Data name="tap_pole"/>
<kml:Data name="end_type">
<kml:value/>
</kml:Data>
<kml:Data name="rs_con"/>
<kml:Data name="rs_con1">
<kml:value>0.0</kml:value>
</kml:Data>
<kml:Data name="rs_con3">
<kml:value>0.0</kml:value>
</kml:Data>
<kml:Data name="sc_con">
<kml:value>0.0</kml:value>
</kml:Data>
<kml:Data name="lc_con">
<kml:value>0.0</kml:value>
</kml:Data>
<kml:Data name="si_con">
<kml:value>0.0</kml:value>
</kml:Data>
<kml:Data name="li_con">
<kml:value>0.0</kml:value>
</kml:Data>
<kml:Data name="pb_con">
<kml:value>0.0</kml:value>
</kml:Data>
<kml:Data name="ag_con">
<kml:value>0.0</kml:value>
</kml:Data>
<kml:Data name="st_con">
<kml:value>0.0</kml:value>
</kml:Data>
<kml:Data name="remarks">
<kml:value/>
</kml:Data>
<kml:Data name="wo_id">
<kml:value>386</kml:value>
</kml:Data>
<kml:Data name="sequence"/>
</kml:ExtendedData>
<kml:Point>
<kml:coordinates>67.88136897414282,29.53334090538596</kml:coordinates>
</kml:Point>
</kml:Placemark>
<kml:Placemark id="equipment_materialized.419727">
<kml:ExtendedData>
<kml:Data name="section_id">
<kml:value>02001314130120148</kml:value>
</kml:Data>
<kml:Data name="feedercode">
<kml:value>020013</kml:value>
</kml:Data>
<kml:Data name="substation">
<kml:value>220 KV-SIBI</kml:value>
</kml:Data>
<kml:Data name="gps_no">
<kml:value>14130120148</kml:value>
</kml:Data>
<kml:Data name="s_e">
<kml:value>E</kml:value>
</kml:Data>
<kml:Data name="pole_phase">
<kml:value>R-Y-B</kml:value>
</kml:Data>
<kml:Data name="pole_use"/>
<kml:Data name="fdr_on_pol">
<kml:value>1.0</kml:value>
</kml:Data>
<kml:Data name="pol_hght">
<kml:value>36</kml:value>
</kml:Data>
<kml:Data name="pole_type">
<kml:value>PC Ordinary</kml:value>
</kml:Data>
<kml:Data name="eqp_type">
<kml:value>Primary Pole</kml:value>
</kml:Data>
<kml:Data name="eqp_number">
<kml:value/>
</kml:Data>
<kml:Data name="eqp_unit"/>
<kml:Data name="eqp_size">
<kml:value/>
</kml:Data>
<kml:Data name="eqp_phase">
<kml:value/>
</kml:Data>
<kml:Data name="eqp_use"/>
<kml:Data name="eqp_status">
<kml:value/>
</kml:Data>
<kml:Data name="trafo_mke"/>
<kml:Data name="consmr_nam">
<kml:value/>
</kml:Data>
<kml:Data name="trafo_loc">
<kml:value/>
</kml:Data>
<kml:Data name="trafo_mnt"/>
<kml:Data name="angle"/>
<kml:Data name="tap_pole"/>
<kml:Data name="end_type">
<kml:value/>
</kml:Data>
<kml:Data name="rs_con"/>
<kml:Data name="rs_con1">
<kml:value>0.0</kml:value>
</kml:Data>
<kml:Data name="rs_con3">
<kml:value>0.0</kml:value>
</kml:Data>
<kml:Data name="sc_con">
<kml:value>0.0</kml:value>
</kml:Data>
<kml:Data name="lc_con">
<kml:value>0.0</kml:value>
</kml:Data>
<kml:Data name="si_con">
<kml:value>0.0</kml:value>
</kml:Data>
<kml:Data name="li_con">
<kml:value>0.0</kml:value>
</kml:Data>
<kml:Data name="pb_con">
<kml:value>0.0</kml:value>
</kml:Data>
<kml:Data name="ag_con">
<kml:value>0.0</kml:value>
</kml:Data>
<kml:Data name="st_con">
<kml:value>0.0</kml:value>
</kml:Data>
<kml:Data name="remarks">
<kml:value/>
</kml:Data>
<kml:Data name="wo_id">
<kml:value>386</kml:value>
</kml:Data>
<kml:Data name="sequence"/>
</kml:ExtendedData>
<kml:Point>
<kml:coordinates>67.88095103297069,29.533172872797664</kml:coordinates>
</kml:Point>
</kml:Placemark>
<kml:Placemark id="equipment_materialized.419729">
<kml:ExtendedData>
<kml:Data name="section_id">
<kml:value>02001314130120149</kml:value>
</kml:Data>
<kml:Data name="feedercode">
<kml:value>020013</kml:value>
</kml:Data>
<kml:Data name="substation">
<kml:value>220 KV-SIBI</kml:value>
</kml:Data>
<kml:Data name="gps_no">
<kml:value>14130120149</kml:value>
</kml:Data>
<kml:Data name="s_e">
<kml:value>E</kml:value>
</kml:Data>
<kml:Data name="pole_phase">
<kml:value>R-Y-B</kml:value>
</kml:Data>
<kml:Data name="pole_use"/>
<kml:Data name="fdr_on_pol">
<kml:value>1.0</kml:value>
</kml:Data>
<kml:Data name="pol_hght">
<kml:value>36</kml:value>
</kml:Data>
<kml:Data name="pole_type">
<kml:value>Steel Structure</kml:value>
</kml:Data>
<kml:Data name="eqp_type">
<kml:value>Transformer</kml:value>
</kml:Data>
<kml:Data name="eqp_number">
<kml:value>T-14130120149</kml:value>
</kml:Data>
<kml:Data name="eqp_unit"/>
<kml:Data name="eqp_size">
<kml:value>100</kml:value>
</kml:Data>
<kml:Data name="eqp_phase">
<kml:value>R-Y-B</kml:value>
</kml:Data>
<kml:Data name="eqp_use">
<kml:value>General Duty</kml:value>
</kml:Data>
<kml:Data name="eqp_status">
<kml:value>Connected</kml:value>
</kml:Data>
<kml:Data name="trafo_mke">
<kml:value>Siemens</kml:value>
</kml:Data>
<kml:Data name="consmr_nam">
<kml:value/>
</kml:Data>
<kml:Data name="trafo_loc">
<kml:value/>
</kml:Data>
<kml:Data name="trafo_mnt">
<kml:value>Double Pole</kml:value>
</kml:Data>
<kml:Data name="angle"/>
<kml:Data name="tap_pole"/>
<kml:Data name="end_type">
<kml:value/>
</kml:Data>
<kml:Data name="rs_con"/>
<kml:Data name="rs_con1">
<kml:value>0.0</kml:value>
</kml:Data>
<kml:Data name="rs_con3">
<kml:value>0.0</kml:value>
</kml:Data>
<kml:Data name="sc_con">
<kml:value>0.0</kml:value>
</kml:Data>
<kml:Data name="lc_con">
<kml:value>0.0</kml:value>
</kml:Data>
<kml:Data name="si_con">
<kml:value>0.0</kml:value>
</kml:Data>
<kml:Data name="li_con">
<kml:value>0.0</kml:value>
</kml:Data>
<kml:Data name="pb_con">
<kml:value>0.0</kml:value>
</kml:Data>
<kml:Data name="ag_con">
<kml:value>0.0</kml:value>
</kml:Data>
<kml:Data name="st_con">
<kml:value>0.0</kml:value>
</kml:Data>
<kml:Data name="remarks">
<kml:value/>
</kml:Data>
<kml:Data name="wo_id">
<kml:value>386</kml:value>
</kml:Data>
<kml:Data name="sequence"/>
</kml:ExtendedData>
<kml:Point>
<kml:coordinates>67.88096296567151,29.5331669269554</kml:coordinates>
</kml:Point>
</kml:Placemark>
<kml:Placemark id="equipment_materialized.419731">
<kml:ExtendedData>
<kml:Data name="section_id">
<kml:value>02001314130120150</kml:value>
</kml:Data>
<kml:Data name="feedercode">
<kml:value>020013</kml:value>
</kml:Data>
<kml:Data name="substation">
<kml:value>220 KV-SIBI</kml:value>
</kml:Data>
<kml:Data name="gps_no">
<kml:value>14130120150</kml:value>
</kml:Data>
<kml:Data name="s_e">
<kml:value>E</kml:value>
</kml:Data>
<kml:Data name="pole_phase">
<kml:value>R-Y-B</kml:value>
</kml:Data>
<kml:Data name="pole_use"/>
<kml:Data name="fdr_on_pol">
<kml:value>1.0</kml:value>
</kml:Data>
<kml:Data name="pol_hght">
<kml:value>36</kml:value>
</kml:Data>
<kml:Data name="pole_type">
<kml:value>PC Ordinary</kml:value>
</kml:Data>
<kml:Data name="eqp_type">
<kml:value>Primary Pole</kml:value>
</kml:Data>
<kml:Data name="eqp_number">
<kml:value/>
</kml:Data>
<kml:Data name="eqp_unit"/>
<kml:Data name="eqp_size">
<kml:value/>
</kml:Data>
<kml:Data name="eqp_phase">
<kml:value/>
</kml:Data>
<kml:Data name="eqp_use"/>
<kml:Data name="eqp_status">
<kml:value/>
</kml:Data>
<kml:Data name="trafo_mke"/>
<kml:Data name="consmr_nam">
<kml:value/>
</kml:Data>
<kml:Data name="trafo_loc">
<kml:value/>
</kml:Data>
<kml:Data name="trafo_mnt"/>
<kml:Data name="angle"/>
<kml:Data name="tap_pole"/>
<kml:Data name="end_type">
<kml:value/>
</kml:Data>
<kml:Data name="rs_con"/>
<kml:Data name="rs_con1">
<kml:value>0.0</kml:value>
</kml:Data>
<kml:Data name="rs_con3">
<kml:value>0.0</kml:value>
</kml:Data>
<kml:Data name="sc_con">
<kml:value>0.0</kml:value>
</kml:Data>
<kml:Data name="lc_con">
<kml:value>0.0</kml:value>
</kml:Data>
<kml:Data name="si_con">
<kml:value>0.0</kml:value>
</kml:Data>
<kml:Data name="li_con">
<kml:value>0.0</kml:value>
</kml:Data>
<kml:Data name="pb_con">
<kml:value>0.0</kml:value>
</kml:Data>
<kml:Data name="ag_con">
<kml:value>0.0</kml:value>
</kml:Data>
<kml:Data name="st_con">
<kml:value>0.0</kml:value>
</kml:Data>
<kml:Data name="remarks">
<kml:value/>
</kml:Data>
<kml:Data name="wo_id">
<kml:value>386</kml:value>
</kml:Data>
<kml:Data name="sequence"/>
</kml:ExtendedData>
<kml:Point>
<kml:coordinates>67.88018703183619,29.532934872477302</kml:coordinates>
</kml:Point>
</kml:Placemark>
<kml:Placemark id="equipment_materialized.419733">
<kml:ExtendedData>
<kml:Data name="section_id">
<kml:value>02001314130120151</kml:value>
</kml:Data>
<kml:Data name="feedercode">
<kml:value>020013</kml:value>
</kml:Data>
<kml:Data name="substation">
<kml:value>220 KV-SIBI</kml:value>
</kml:Data>
<kml:Data name="gps_no">
<kml:value>14130120151</kml:value>
</kml:Data>
<kml:Data name="s_e">
<kml:value>E</kml:value>
</kml:Data>
<kml:Data name="pole_phase">
<kml:value>R-Y-B</kml:value>
</kml:Data>
<kml:Data name="pole_use"/>
<kml:Data name="fdr_on_pol">
<kml:value>1.0</kml:value>
</kml:Data>
<kml:Data name="pol_hght">
<kml:value>36</kml:value>
</kml:Data>
<kml:Data name="pole_type">
<kml:value>PC Ordinary</kml:value>
</kml:Data>
<kml:Data name="eqp_type">
<kml:value>Transformer</kml:value>
</kml:Data>
<kml:Data name="eqp_number">
<kml:value>T-14130120151</kml:value>
</kml:Data>
<kml:Data name="eqp_unit"/>
<kml:Data name="eqp_size">
<kml:value>50</kml:value>
</kml:Data>
<kml:Data name="eqp_phase">
<kml:value>R-Y-B</kml:value>
</kml:Data>
<kml:Data name="eqp_use">
<kml:value>General Duty</kml:value>
</kml:Data>
<kml:Data name="eqp_status">
<kml:value>Connected</kml:value>
</kml:Data>
<kml:Data name="trafo_mke">
<kml:value>PEL</kml:value>
</kml:Data>
<kml:Data name="consmr_nam">
<kml:value/>
</kml:Data>
<kml:Data name="trafo_loc">
<kml:value/>
</kml:Data>
<kml:Data name="trafo_mnt">
<kml:value>Double Pole</kml:value>
</kml:Data>
<kml:Data name="angle"/>
<kml:Data name="tap_pole"/>
<kml:Data name="end_type">
<kml:value/>
</kml:Data>
<kml:Data name="rs_con"/>
<kml:Data name="rs_con1">
<kml:value>0.0</kml:value>
</kml:Data>
<kml:Data name="rs_con3">
<kml:value>0.0</kml:value>
</kml:Data>
<kml:Data name="sc_con">
<kml:value>0.0</kml:value>
</kml:Data>
<kml:Data name="lc_con">
<kml:value>0.0</kml:value>
</kml:Data>
<kml:Data name="si_con">
<kml:value>0.0</kml:value>
</kml:Data>
<kml:Data name="li_con">
<kml:value>0.0</kml:value>
</kml:Data>
<kml:Data name="pb_con">
<kml:value>0.0</kml:value>
</kml:Data>
<kml:Data name="ag_con">
<kml:value>0.0</kml:value>
</kml:Data>
<kml:Data name="st_con">
<kml:value>0.0</kml:value>
</kml:Data>
<kml:Data name="remarks">
<kml:value/>
</kml:Data>
<kml:Data name="wo_id">
<kml:value>386</kml:value>
</kml:Data>
<kml:Data name="sequence"/>
</kml:ExtendedData>
<kml:Point>
<kml:coordinates>67.88018502661073,29.53293891654137</kml:coordinates>
</kml:Point>
</kml:Placemark>
<kml:Placemark id="equipment_materialized.419735">
<kml:ExtendedData>
<kml:Data name="section_id">
<kml:value>02001314130120153</kml:value>
</kml:Data>
<kml:Data name="feedercode">
<kml:value>020013</kml:value>
</kml:Data>
<kml:Data name="substation">
<kml:value>220 KV-SIBI</kml:value>
</kml:Data>
<kml:Data name="gps_no">
<kml:value>14130120152</kml:value>
</kml:Data>
<kml:Data name="s_e">
<kml:value/>
</kml:Data>
<kml:Data name="pole_phase">
<kml:value>R-Y-B</kml:value>
</kml:Data>
<kml:Data name="pole_use"/>
<kml:Data name="fdr_on_pol">
<kml:value>1.0</kml:value>
</kml:Data>
<kml:Data name="pol_hght">
<kml:value>36</kml:value>
</kml:Data>
<kml:Data name="pole_type">
<kml:value>PC Ordinary</kml:value>
</kml:Data>
<kml:Data name="eqp_type">
<kml:value>Primary Pole</kml:value>
</kml:Data>
<kml:Data name="eqp_number">
<kml:value/>
</kml:Data>
<kml:Data name="eqp_unit"/>
<kml:Data name="eqp_size">
<kml:value/>
</kml:Data>
<kml:Data name="eqp_phase">
<kml:value/>
</kml:Data>
<kml:Data name="eqp_use"/>
<kml:Data name="eqp_status">
<kml:value/>
</kml:Data>
<kml:Data name="trafo_mke"/>
<kml:Data name="consmr_nam">
<kml:value/>
</kml:Data>
<kml:Data name="trafo_loc">
<kml:value/>
</kml:Data>
<kml:Data name="trafo_mnt"/>
<kml:Data name="angle"/>
<kml:Data name="tap_pole"/>
<kml:Data name="end_type">
<kml:value/>
</kml:Data>
<kml:Data name="rs_con"/>
<kml:Data name="rs_con1">
<kml:value>0.0</kml:value>
</kml:Data>
<kml:Data name="rs_con3">
<kml:value>0.0</kml:value>
</kml:Data>
<kml:Data name="sc_con">
<kml:value>0.0</kml:value>
</kml:Data>
<kml:Data name="lc_con">
<kml:value>0.0</kml:value>
</kml:Data>
<kml:Data name="si_con">
<kml:value>0.0</kml:value>
</kml:Data>
<kml:Data name="li_con">
<kml:value>0.0</kml:value>
</kml:Data>
<kml:Data name="pb_con">
<kml:value>0.0</kml:value>
</kml:Data>
<kml:Data name="ag_con">
<kml:value>0.0</kml:value>
</kml:Data>
<kml:Data name="st_con">
<kml:value>0.0</kml:value>
</kml:Data>
<kml:Data name="remarks">
<kml:value/>
</kml:Data>
<kml:Data name="wo_id">
<kml:value>386</kml:value>
</kml:Data>
<kml:Data name="sequence">
<kml:value>0</kml:value>
</kml:Data>
</kml:ExtendedData>
<kml:Point>
<kml:coordinates>67.88009399477048,29.532902864238103</kml:coordinates>
</kml:Point>
</kml:Placemark>
<kml:Placemark id="equipment_materialized.419736">
<kml:ExtendedData>
<kml:Data name="section_id">
<kml:value>02001314130120153</kml:value>
</kml:Data>
<kml:Data name="feedercode">
<kml:value>020013</kml:value>
</kml:Data>
<kml:Data name="substation">
<kml:value>220 KV-SIBI</kml:value>
</kml:Data>
<kml:Data name="gps_no">
<kml:value>14130120153</kml:value>
</kml:Data>
<kml:Data name="s_e">
<kml:value>E</kml:value>
</kml:Data>
<kml:Data name="pole_phase">
<kml:value>R-Y-B</kml:value>
</kml:Data>
<kml:Data name="pole_use"/>
<kml:Data name="fdr_on_pol">
<kml:value>1.0</kml:value>
</kml:Data>
<kml:Data name="pol_hght">
<kml:value>36</kml:value>
</kml:Data>
<kml:Data name="pole_type">
<kml:value>PC Ordinary</kml:value>
</kml:Data>
<kml:Data name="eqp_type">
<kml:value>Primary Pole</kml:value>
</kml:Data>
<kml:Data name="eqp_number">
<kml:value/>
</kml:Data>
<kml:Data name="eqp_unit"/>
<kml:Data name="eqp_size">
<kml:value/>
</kml:Data>
<kml:Data name="eqp_phase">
<kml:value/>
</kml:Data>
<kml:Data name="eqp_use"/>
<kml:Data name="eqp_status">
<kml:value/>
</kml:Data>
<kml:Data name="trafo_mke"/>
<kml:Data name="consmr_nam">
<kml:value/>
</kml:Data>
<kml:Data name="trafo_loc">
<kml:value/>
</kml:Data>
<kml:Data name="trafo_mnt"/>
<kml:Data name="angle"/>
<kml:Data name="tap_pole"/>
<kml:Data name="end_type">
<kml:value>SDE</kml:value>
</kml:Data>
<kml:Data name="rs_con"/>
<kml:Data name="rs_con1">
<kml:value>0.0</kml:value>
</kml:Data>
<kml:Data name="rs_con3">
<kml:value>0.0</kml:value>
</kml:Data>
<kml:Data name="sc_con">
<kml:value>0.0</kml:value>
</kml:Data>
<kml:Data name="lc_con">
<kml:value>0.0</kml:value>
</kml:Data>
<kml:Data name="si_con">
<kml:value>0.0</kml:value>
</kml:Data>
<kml:Data name="li_con">
<kml:value>0.0</kml:value>
</kml:Data>
<kml:Data name="pb_con">
<kml:value>0.0</kml:value>
</kml:Data>
<kml:Data name="ag_con">
<kml:value>0.0</kml:value>
</kml:Data>
<kml:Data name="st_con">
<kml:value>0.0</kml:value>
</kml:Data>
<kml:Data name="remarks">
<kml:value/>
</kml:Data>
<kml:Data name="wo_id">
<kml:value>386</kml:value>
</kml:Data>
<kml:Data name="sequence"/>
</kml:ExtendedData>
<kml:Point>
<kml:coordinates>67.87953604213524,29.53282686893598</kml:coordinates>
</kml:Point>
</kml:Placemark>
<kml:Placemark id="equipment_materialized.419738">
<kml:ExtendedData>
<kml:Data name="section_id">
<kml:value>02001314130120154</kml:value>
</kml:Data>
<kml:Data name="feedercode">
<kml:value>020013</kml:value>
</kml:Data>
<kml:Data name="substation">
<kml:value>220 KV-SIBI</kml:value>
</kml:Data>
<kml:Data name="gps_no">
<kml:value>14130120154</kml:value>
</kml:Data>
<kml:Data name="s_e">
<kml:value>E</kml:value>
</kml:Data>
<kml:Data name="pole_phase">
<kml:value>R-Y-B</kml:value>
</kml:Data>
<kml:Data name="pole_use"/>
<kml:Data name="fdr_on_pol">
<kml:value>1.0</kml:value>
</kml:Data>
<kml:Data name="pol_hght">
<kml:value>36</kml:value>
</kml:Data>
<kml:Data name="pole_type">
<kml:value>PC Ordinary</kml:value>
</kml:Data>
<kml:Data name="eqp_type">
<kml:value>Transformer</kml:value>
</kml:Data>
<kml:Data name="eqp_number">
<kml:value>T-14130120154</kml:value>
</kml:Data>
<kml:Data name="eqp_unit"/>
<kml:Data name="eqp_size">
<kml:value>50</kml:value>
</kml:Data>
<kml:Data name="eqp_phase">
<kml:value>R-Y-B</kml:value>
</kml:Data>
<kml:Data name="eqp_use">
<kml:value>General Duty</kml:value>
</kml:Data>
<kml:Data name="eqp_status">
<kml:value>Connected</kml:value>
</kml:Data>
<kml:Data name="trafo_mke">
<kml:value>Elematic</kml:value>
</kml:Data>
<kml:Data name="consmr_nam">
<kml:value/>
</kml:Data>
<kml:Data name="trafo_loc">
<kml:value/>
</kml:Data>
<kml:Data name="trafo_mnt">
<kml:value>Double Pole</kml:value>
</kml:Data>
<kml:Data name="angle"/>
<kml:Data name="tap_pole"/>
<kml:Data name="end_type">
<kml:value/>
</kml:Data>
<kml:Data name="rs_con"/>
<kml:Data name="rs_con1">
<kml:value>0.0</kml:value>
</kml:Data>
<kml:Data name="rs_con3">
<kml:value>0.0</kml:value>
</kml:Data>
<kml:Data name="sc_con">
<kml:value>0.0</kml:value>
</kml:Data>
<kml:Data name="lc_con">
<kml:value>0.0</kml:value>
</kml:Data>
<kml:Data name="si_con">
<kml:value>0.0</kml:value>
</kml:Data>
<kml:Data name="li_con">
<kml:value>0.0</kml:value>
</kml:Data>
<kml:Data name="pb_con">
<kml:value>0.0</kml:value>
</kml:Data>
<kml:Data name="ag_con">
<kml:value>0.0</kml:value>
</kml:Data>
<kml:Data name="st_con">
<kml:value>0.0</kml:value>
</kml:Data>
<kml:Data name="remarks">
<kml:value/>
</kml:Data>
<kml:Data name="wo_id">
<kml:value>386</kml:value>
</kml:Data>
<kml:Data name="sequence"/>
</kml:ExtendedData>
<kml:Point>
<kml:coordinates>67.87953597901424,29.532813873332394</kml:coordinates>
</kml:Point>
</kml:Placemark>
<kml:Placemark id="equipment_materialized.419740">
<kml:ExtendedData>
<kml:Data name="section_id">
<kml:value>02001314130120160</kml:value>
</kml:Data>
<kml:Data name="feedercode">
<kml:value>020013</kml:value>
</kml:Data>
<kml:Data name="substation">
<kml:value>220 KV-SIBI</kml:value>
</kml:Data>
<kml:Data name="gps_no">
<kml:value>14130120155</kml:value>
</kml:Data>
<kml:Data name="s_e">
<kml:value/>
</kml:Data>
<kml:Data name="pole_phase">
<kml:value>R-Y-B</kml:value>
</kml:Data>
<kml:Data name="pole_use"/>
<kml:Data name="fdr_on_pol">
<kml:value>1.0</kml:value>
</kml:Data>
<kml:Data name="pol_hght">
<kml:value>36</kml:value>
</kml:Data>
<kml:Data name="pole_type">
<kml:value>PC Ordinary</kml:value>
</kml:Data>
<kml:Data name="eqp_type">
<kml:value>Primary Pole</kml:value>
</kml:Data>
<kml:Data name="eqp_number">
<kml:value/>
</kml:Data>
<kml:Data name="eqp_unit"/>
<kml:Data name="eqp_size">
<kml:value/>
</kml:Data>
<kml:Data name="eqp_phase">
<kml:value/>
</kml:Data>
<kml:Data name="eqp_use"/>
<kml:Data name="eqp_status">
<kml:value/>
</kml:Data>
<kml:Data name="trafo_mke"/>
<kml:Data name="consmr_nam">
<kml:value/>
</kml:Data>
<kml:Data name="trafo_loc">
<kml:value/>
</kml:Data>
<kml:Data name="trafo_mnt"/>
<kml:Data name="angle"/>
<kml:Data name="tap_pole"/>
<kml:Data name="end_type">
<kml:value/>
</kml:Data>
<kml:Data name="rs_con"/>
<kml:Data name="rs_con1">
<kml:value>0.0</kml:value>
</kml:Data>
<kml:Data name="rs_con3">
<kml:value>0.0</kml:value>
</kml:Data>
<kml:Data name="sc_con">
<kml:value>0.0</kml:value>
</kml:Data>
<kml:Data name="lc_con">
<kml:value>0.0</kml:value>
</kml:Data>
<kml:Data name="si_con">
<kml:value>0.0</kml:value>
</kml:Data>
<kml:Data name="li_con">
<kml:value>0.0</kml:value>
</kml:Data>
<kml:Data name="pb_con">
<kml:value>0.0</kml:value>
</kml:Data>
<kml:Data name="ag_con">
<kml:value>0.0</kml:value>
</kml:Data>
<kml:Data name="st_con">
<kml:value>0.0</kml:value>
</kml:Data>
<kml:Data name="remarks">
<kml:value/>
</kml:Data>
<kml:Data name="wo_id">
<kml:value>386</kml:value>
</kml:Data>
<kml:Data name="sequence">
<kml:value>0</kml:value>
</kml:Data>
</kml:ExtendedData>
<kml:Point>
<kml:coordinates>67.88162203743792,29.532568925781472</kml:coordinates>
</kml:Point>
</kml:Placemark>
<kml:Placemark id="equipment_materialized.419741">
<kml:ExtendedData>
<kml:Data name="section_id">
<kml:value>02001314130120160</kml:value>
</kml:Data>
<kml:Data name="feedercode">
<kml:value>020013</kml:value>
</kml:Data>
<kml:Data name="substation">
<kml:value>220 KV-SIBI</kml:value>
</kml:Data>
<kml:Data name="gps_no">
<kml:value>14130120156</kml:value>
</kml:Data>
<kml:Data name="s_e">
<kml:value/>
</kml:Data>
<kml:Data name="pole_phase">
<kml:value>R-Y-B</kml:value>
</kml:Data>
<kml:Data name="pole_use"/>
<kml:Data name="fdr_on_pol">
<kml:value>1.0</kml:value>
</kml:Data>
<kml:Data name="pol_hght">
<kml:value>36</kml:value>
</kml:Data>
<kml:Data name="pole_type">
<kml:value>PC Ordinary</kml:value>
</kml:Data>
<kml:Data name="eqp_type">
<kml:value>Primary Pole</kml:value>
</kml:Data>
<kml:Data name="eqp_number">
<kml:value/>
</kml:Data>
<kml:Data name="eqp_unit"/>
<kml:Data name="eqp_size">
<kml:value/>
</kml:Data>
<kml:Data name="eqp_phase">
<kml:value/>
</kml:Data>
<kml:Data name="eqp_use"/>
<kml:Data name="eqp_status">
<kml:value/>
</kml:Data>
<kml:Data name="trafo_mke"/>
<kml:Data name="consmr_nam">
<kml:value/>
</kml:Data>
<kml:Data name="trafo_loc">
<kml:value/>
</kml:Data>
<kml:Data name="trafo_mnt"/>
<kml:Data name="angle"/>
<kml:Data name="tap_pole"/>
<kml:Data name="end_type">
<kml:value/>
</kml:Data>
<kml:Data name="rs_con"/>
<kml:Data name="rs_con1">
<kml:value>0.0</kml:value>
</kml:Data>
<kml:Data name="rs_con3">
<kml:value>0.0</kml:value>
</kml:Data>
<kml:Data name="sc_con">
<kml:value>0.0</kml:value>
</kml:Data>
<kml:Data name="lc_con">
<kml:value>0.0</kml:value>
</kml:Data>
<kml:Data name="si_con">
<kml:value>0.0</kml:value>
</kml:Data>
<kml:Data name="li_con">
<kml:value>0.0</kml:value>
</kml:Data>
<kml:Data name="pb_con">
<kml:value>0.0</kml:value>
</kml:Data>
<kml:Data name="ag_con">
<kml:value>0.0</kml:value>
</kml:Data>
<kml:Data name="st_con">
<kml:value>0.0</kml:value>
</kml:Data>
<kml:Data name="remarks">
<kml:value/>
</kml:Data>
<kml:Data name="wo_id">
<kml:value>386</kml:value>
</kml:Data>
<kml:Data name="sequence">
<kml:value>1</kml:value>
</kml:Data>
</kml:ExtendedData>
<kml:Point>
<kml:coordinates>67.88185502763967,29.531810854662098</kml:coordinates>
</kml:Point>
</kml:Placemark>
<kml:Placemark id="equipment_materialized.419742">
<kml:ExtendedData>
<kml:Data name="section_id">
<kml:value>02001314130120160</kml:value>
</kml:Data>
<kml:Data name="feedercode">
<kml:value>020013</kml:value>
</kml:Data>
<kml:Data name="substation">
<kml:value>220 KV-SIBI</kml:value>
</kml:Data>
<kml:Data name="gps_no">
<kml:value>14130120157</kml:value>
</kml:Data>
<kml:Data name="s_e">
<kml:value/>
</kml:Data>
<kml:Data name="pole_phase">
<kml:value>R-Y-B</kml:value>
</kml:Data>
<kml:Data name="pole_use"/>
<kml:Data name="fdr_on_pol">
<kml:value>1.0</kml:value>
</kml:Data>
<kml:Data name="pol_hght">
<kml:value>36</kml:value>
</kml:Data>
<kml:Data name="pole_type">
<kml:value>PC Ordinary</kml:value>
</kml:Data>
<kml:Data name="eqp_type">
<kml:value>Primary Pole</kml:value>
</kml:Data>
<kml:Data name="eqp_number">
<kml:value/>
</kml:Data>
<kml:Data name="eqp_unit"/>
<kml:Data name="eqp_size">
<kml:value/>
</kml:Data>
<kml:Data name="eqp_phase">
<kml:value/>
</kml:Data>
<kml:Data name="eqp_use"/>
<kml:Data name="eqp_status">
<kml:value/>
</kml:Data>
<kml:Data name="trafo_mke"/>
<kml:Data name="consmr_nam">
<kml:value/>
</kml:Data>
<kml:Data name="trafo_loc">
<kml:value/>
</kml:Data>
<kml:Data name="trafo_mnt"/>
<kml:Data name="angle"/>
<kml:Data name="tap_pole"/>
<kml:Data name="end_type">
<kml:value/>
</kml:Data>
<kml:Data name="rs_con"/>
<kml:Data name="rs_con1">
<kml:value>0.0</kml:value>
</kml:Data>
<kml:Data name="rs_con3">
<kml:value>0.0</kml:value>
</kml:Data>
<kml:Data name="sc_con">
<kml:value>0.0</kml:value>
</kml:Data>
<kml:Data name="lc_con">
<kml:value>0.0</kml:value>
</kml:Data>
<kml:Data name="si_con">
<kml:value>0.0</kml:value>
</kml:Data>
<kml:Data name="li_con">
<kml:value>0.0</kml:value>
</kml:Data>
<kml:Data name="pb_con">
<kml:value>0.0</kml:value>
</kml:Data>
<kml:Data name="ag_con">
<kml:value>0.0</kml:value>
</kml:Data>
<kml:Data name="st_con">
<kml:value>0.0</kml:value>
</kml:Data>
<kml:Data name="remarks">
<kml:value/>
</kml:Data>
<kml:Data name="wo_id">
<kml:value>386</kml:value>
</kml:Data>
<kml:Data name="sequence">
<kml:value>2</kml:value>
</kml:Data>
</kml:ExtendedData>
<kml:Point>
<kml:coordinates>67.88201001918625,29.531191914243355</kml:coordinates>
</kml:Point>
</kml:Placemark>
<kml:Placemark id="equipment_materialized.419743">
<kml:ExtendedData>
<kml:Data name="section_id">
<kml:value>02001314130120160</kml:value>
</kml:Data>
<kml:Data name="feedercode">
<kml:value>020013</kml:value>
</kml:Data>
<kml:Data name="substation">
<kml:value>220 KV-SIBI</kml:value>
</kml:Data>
<kml:Data name="gps_no">
<kml:value>14130120158</kml:value>
</kml:Data>
<kml:Data name="s_e">
<kml:value/>
</kml:Data>
<kml:Data name="pole_phase">
<kml:value>R-Y-B</kml:value>
</kml:Data>
<kml:Data name="pole_use"/>
<kml:Data name="fdr_on_pol">
<kml:value>1.0</kml:value>
</kml:Data>
<kml:Data name="pol_hght">
<kml:value>36</kml:value>
</kml:Data>
<kml:Data name="pole_type">
<kml:value>PC Ordinary</kml:value>
</kml:Data>
<kml:Data name="eqp_type">
<kml:value>Primary Pole</kml:value>
</kml:Data>
<kml:Data name="eqp_number">
<kml:value/>
</kml:Data>
<kml:Data name="eqp_unit"/>
<kml:Data name="eqp_size">
<kml:value/>
</kml:Data>
<kml:Data name="eqp_phase">
<kml:value/>
</kml:Data>
<kml:Data name="eqp_use"/>
<kml:Data name="eqp_status">
<kml:value/>
</kml:Data>
<kml:Data name="trafo_mke"/>
<kml:Data name="consmr_nam">
<kml:value/>
</kml:Data>
<kml:Data name="trafo_loc">
<kml:value/>
</kml:Data>
<kml:Data name="trafo_mnt"/>
<kml:Data name="angle"/>
<kml:Data name="tap_pole"/>
<kml:Data name="end_type">
<kml:value/>
</kml:Data>
<kml:Data name="rs_con"/>
<kml:Data name="rs_con1">
<kml:value>0.0</kml:value>
</kml:Data>
<kml:Data name="rs_con3">
<kml:value>0.0</kml:value>
</kml:Data>
<kml:Data name="sc_con">
<kml:value>0.0</kml:value>
</kml:Data>
<kml:Data name="lc_con">
<kml:value>0.0</kml:value>
</kml:Data>
<kml:Data name="si_con">
<kml:value>0.0</kml:value>
</kml:Data>
<kml:Data name="li_con">
<kml:value>0.0</kml:value>
</kml:Data>
<kml:Data name="pb_con">
<kml:value>0.0</kml:value>
</kml:Data>
<kml:Data name="ag_con">
<kml:value>0.0</kml:value>
</kml:Data>
<kml:Data name="st_con">
<kml:value>0.0</kml:value>
</kml:Data>
<kml:Data name="remarks">
<kml:value/>
</kml:Data>
<kml:Data name="wo_id">
<kml:value>386</kml:value>
</kml:Data>
<kml:Data name="sequence">
<kml:value>3</kml:value>
</kml:Data>
</kml:ExtendedData>
<kml:Point>
<kml:coordinates>67.88180995625535,29.53057991360312</kml:coordinates>
</kml:Point>
</kml:Placemark>
<kml:Placemark id="equipment_materialized.419744">
<kml:ExtendedData>
<kml:Data name="section_id">
<kml:value>02001314130120160</kml:value>
</kml:Data>
<kml:Data name="feedercode">
<kml:value>020013</kml:value>
</kml:Data>
<kml:Data name="substation">
<kml:value>220 KV-SIBI</kml:value>
</kml:Data>
<kml:Data name="gps_no">
<kml:value>14130120159</kml:value>
</kml:Data>
<kml:Data name="s_e">
<kml:value/>
</kml:Data>
<kml:Data name="pole_phase">
<kml:value>R-Y-B</kml:value>
</kml:Data>
<kml:Data name="pole_use"/>
<kml:Data name="fdr_on_pol">
<kml:value>1.0</kml:value>
</kml:Data>
<kml:Data name="pol_hght">
<kml:value>36</kml:value>
</kml:Data>
<kml:Data name="pole_type">
<kml:value>PC Ordinary</kml:value>
</kml:Data>
<kml:Data name="eqp_type">
<kml:value>Primary Pole</kml:value>
</kml:Data>
<kml:Data name="eqp_number">
<kml:value/>
</kml:Data>
<kml:Data name="eqp_unit"/>
<kml:Data name="eqp_size">
<kml:value/>
</kml:Data>
<kml:Data name="eqp_phase">
<kml:value/>
</kml:Data>
<kml:Data name="eqp_use"/>
<kml:Data name="eqp_status">
<kml:value/>
</kml:Data>
<kml:Data name="trafo_mke"/>
<kml:Data name="consmr_nam">
<kml:value/>
</kml:Data>
<kml:Data name="trafo_loc">
<kml:value/>
</kml:Data>
<kml:Data name="trafo_mnt"/>
<kml:Data name="angle"/>
<kml:Data name="tap_pole"/>
<kml:Data name="end_type">
<kml:value/>
</kml:Data>
<kml:Data name="rs_con"/>
<kml:Data name="rs_con1">
<kml:value>0.0</kml:value>
</kml:Data>
<kml:Data name="rs_con3">
<kml:value>0.0</kml:value>
</kml:Data>
<kml:Data name="sc_con">
<kml:value>0.0</kml:value>
</kml:Data>
<kml:Data name="lc_con">
<kml:value>0.0</kml:value>
</kml:Data>
<kml:Data name="si_con">
<kml:value>0.0</kml:value>
</kml:Data>
<kml:Data name="li_con">
<kml:value>0.0</kml:value>
</kml:Data>
<kml:Data name="pb_con">
<kml:value>0.0</kml:value>
</kml:Data>
<kml:Data name="ag_con">
<kml:value>0.0</kml:value>
</kml:Data>
<kml:Data name="st_con">
<kml:value>0.0</kml:value>
</kml:Data>
<kml:Data name="remarks">
<kml:value/>
</kml:Data>
<kml:Data name="wo_id">
<kml:value>386</kml:value>
</kml:Data>
<kml:Data name="sequence">
<kml:value>4</kml:value>
</kml:Data>
</kml:ExtendedData>
<kml:Point>
<kml:coordinates>67.88143597810465,29.530571893484915</kml:coordinates>
</kml:Point>
</kml:Placemark>
<kml:Placemark id="equipment_materialized.419745">
<kml:ExtendedData>
<kml:Data name="section_id">
<kml:value>02001314130120160</kml:value>
</kml:Data>
<kml:Data name="feedercode">
<kml:value>020013</kml:value>
</kml:Data>
<kml:Data name="substation">
<kml:value>220 KV-SIBI</kml:value>
</kml:Data>
<kml:Data name="gps_no">
<kml:value>14130120160</kml:value>
</kml:Data>
<kml:Data name="s_e">
<kml:value>E</kml:value>
</kml:Data>
<kml:Data name="pole_phase">
<kml:value>R-Y-B</kml:value>
</kml:Data>
<kml:Data name="pole_use"/>
<kml:Data name="fdr_on_pol">
<kml:value>1.0</kml:value>
</kml:Data>
<kml:Data name="pol_hght">
<kml:value>36</kml:value>
</kml:Data>
<kml:Data name="pole_type">
<kml:value>Steel Structure</kml:value>
</kml:Data>
<kml:Data name="eqp_type">
<kml:value>Primary Pole</kml:value>
</kml:Data>
<kml:Data name="eqp_number">
<kml:value/>
</kml:Data>
<kml:Data name="eqp_unit"/>
<kml:Data name="eqp_size">
<kml:value/>
</kml:Data>
<kml:Data name="eqp_phase">
<kml:value/>
</kml:Data>
<kml:Data name="eqp_use"/>
<kml:Data name="eqp_status">
<kml:value/>
</kml:Data>
<kml:Data name="trafo_mke"/>
<kml:Data name="consmr_nam">
<kml:value/>
</kml:Data>
<kml:Data name="trafo_loc">
<kml:value/>
</kml:Data>
<kml:Data name="trafo_mnt"/>
<kml:Data name="angle"/>
<kml:Data name="tap_pole"/>
<kml:Data name="end_type">
<kml:value>SDE</kml:value>
</kml:Data>
<kml:Data name="rs_con"/>
<kml:Data name="rs_con1">
<kml:value>0.0</kml:value>
</kml:Data>
<kml:Data name="rs_con3">
<kml:value>0.0</kml:value>
</kml:Data>
<kml:Data name="sc_con">
<kml:value>0.0</kml:value>
</kml:Data>
<kml:Data name="lc_con">
<kml:value>0.0</kml:value>
</kml:Data>
<kml:Data name="si_con">
<kml:value>0.0</kml:value>
</kml:Data>
<kml:Data name="li_con">
<kml:value>0.0</kml:value>
</kml:Data>
<kml:Data name="pb_con">
<kml:value>0.0</kml:value>
</kml:Data>
<kml:Data name="ag_con">
<kml:value>0.0</kml:value>
</kml:Data>
<kml:Data name="st_con">
<kml:value>0.0</kml:value>
</kml:Data>
<kml:Data name="remarks">
<kml:value/>
</kml:Data>
<kml:Data name="wo_id">
<kml:value>386</kml:value>
</kml:Data>
<kml:Data name="sequence"/>
</kml:ExtendedData>
<kml:Point>
<kml:coordinates>67.88103796615918,29.530609874696594</kml:coordinates>
</kml:Point>
</kml:Placemark>
<kml:Placemark id="equipment_materialized.419747">
<kml:ExtendedData>
<kml:Data name="section_id">
<kml:value>02001314130120161</kml:value>
</kml:Data>
<kml:Data name="feedercode">
<kml:value>020013</kml:value>
</kml:Data>
<kml:Data name="substation">
<kml:value>220 KV-SIBI</kml:value>
</kml:Data>
<kml:Data name="gps_no">
<kml:value>14130120161</kml:value>
</kml:Data>
<kml:Data name="s_e">
<kml:value>E</kml:value>
</kml:Data>
<kml:Data name="pole_phase">
<kml:value>R-Y-B</kml:value>
</kml:Data>
<kml:Data name="pole_use"/>
<kml:Data name="fdr_on_pol">
<kml:value>1.0</kml:value>
</kml:Data>
<kml:Data name="pol_hght">
<kml:value>36</kml:value>
</kml:Data>
<kml:Data name="pole_type">
<kml:value>Steel Structure</kml:value>
</kml:Data>
<kml:Data name="eqp_type">
<kml:value>Transformer</kml:value>
</kml:Data>
<kml:Data name="eqp_number">
<kml:value>T-14130120161</kml:value>
</kml:Data>
<kml:Data name="eqp_unit"/>
<kml:Data name="eqp_size">
<kml:value>50</kml:value>
</kml:Data>
<kml:Data name="eqp_phase">
<kml:value>R-Y-B</kml:value>
</kml:Data>
<kml:Data name="eqp_use">
<kml:value>General Duty</kml:value>
</kml:Data>
<kml:Data name="eqp_status">
<kml:value>Connected</kml:value>
</kml:Data>
<kml:Data name="trafo_mke">
<kml:value>Elematic</kml:value>
</kml:Data>
<kml:Data name="consmr_nam">
<kml:value/>
</kml:Data>
<kml:Data name="trafo_loc">
<kml:value/>
</kml:Data>
<kml:Data name="trafo_mnt">
<kml:value>Double Pole</kml:value>
</kml:Data>
<kml:Data name="angle"/>
<kml:Data name="tap_pole"/>
<kml:Data name="end_type">
<kml:value/>
</kml:Data>
<kml:Data name="rs_con"/>
<kml:Data name="rs_con1">
<kml:value>0.0</kml:value>
</kml:Data>
<kml:Data name="rs_con3">
<kml:value>0.0</kml:value>
</kml:Data>
<kml:Data name="sc_con">
<kml:value>0.0</kml:value>
</kml:Data>
<kml:Data name="lc_con">
<kml:value>0.0</kml:value>
</kml:Data>
<kml:Data name="si_con">
<kml:value>0.0</kml:value>
</kml:Data>
<kml:Data name="li_con">
<kml:value>0.0</kml:value>
</kml:Data>
<kml:Data name="pb_con">
<kml:value>0.0</kml:value>
</kml:Data>
<kml:Data name="ag_con">
<kml:value>0.0</kml:value>
</kml:Data>
<kml:Data name="st_con">
<kml:value>0.0</kml:value>
</kml:Data>
<kml:Data name="remarks">
<kml:value/>
</kml:Data>
<kml:Data name="wo_id">
<kml:value>386</kml:value>
</kml:Data>
<kml:Data name="sequence"/>
</kml:ExtendedData>
<kml:Point>
<kml:coordinates>67.88103297260834,29.530622917977205</kml:coordinates>
</kml:Point>
</kml:Placemark>
<kml:Placemark id="equipment_materialized.419749">
<kml:ExtendedData>
<kml:Data name="section_id">
<kml:value>02001314130120162</kml:value>
</kml:Data>
<kml:Data name="feedercode">
<kml:value>020013</kml:value>
</kml:Data>
<kml:Data name="substation">
<kml:value>220 KV-SIBI</kml:value>
</kml:Data>
<kml:Data name="gps_no">
<kml:value>14130120162</kml:value>
</kml:Data>
<kml:Data name="s_e">
<kml:value>E</kml:value>
</kml:Data>
<kml:Data name="pole_phase">
<kml:value>R-Y-B</kml:value>
</kml:Data>
<kml:Data name="pole_use"/>
<kml:Data name="fdr_on_pol">
<kml:value>1.0</kml:value>
</kml:Data>
<kml:Data name="pol_hght">
<kml:value>36</kml:value>
</kml:Data>
<kml:Data name="pole_type">
<kml:value>Steel Structure</kml:value>
</kml:Data>
<kml:Data name="eqp_type">
<kml:value>Primary Pole</kml:value>
</kml:Data>
<kml:Data name="eqp_number">
<kml:value/>
</kml:Data>
<kml:Data name="eqp_unit"/>
<kml:Data name="eqp_size">
<kml:value/>
</kml:Data>
<kml:Data name="eqp_phase">
<kml:value/>
</kml:Data>
<kml:Data name="eqp_use"/>
<kml:Data name="eqp_status">
<kml:value/>
</kml:Data>
<kml:Data name="trafo_mke"/>
<kml:Data name="consmr_nam">
<kml:value/>
</kml:Data>
<kml:Data name="trafo_loc">
<kml:value/>
</kml:Data>
<kml:Data name="trafo_mnt"/>
<kml:Data name="angle"/>
<kml:Data name="tap_pole"/>
<kml:Data name="end_type">
<kml:value/>
</kml:Data>
<kml:Data name="rs_con"/>
<kml:Data name="rs_con1">
<kml:value>0.0</kml:value>
</kml:Data>
<kml:Data name="rs_con3">
<kml:value>0.0</kml:value>
</kml:Data>
<kml:Data name="sc_con">
<kml:value>0.0</kml:value>
</kml:Data>
<kml:Data name="lc_con">
<kml:value>0.0</kml:value>
</kml:Data>
<kml:Data name="si_con">
<kml:value>0.0</kml:value>
</kml:Data>
<kml:Data name="li_con">
<kml:value>0.0</kml:value>
</kml:Data>
<kml:Data name="pb_con">
<kml:value>0.0</kml:value>
</kml:Data>
<kml:Data name="ag_con">
<kml:value>0.0</kml:value>
</kml:Data>
<kml:Data name="st_con">
<kml:value>0.0</kml:value>
</kml:Data>
<kml:Data name="remarks">
<kml:value/>
</kml:Data>
<kml:Data name="wo_id">
<kml:value>386</kml:value>
</kml:Data>
<kml:Data name="sequence"/>
</kml:ExtendedData>
<kml:Point>
<kml:coordinates>67.88526900244521,29.543271861156303</kml:coordinates>
</kml:Point>
</kml:Placemark>
<kml:Placemark id="equipment_materialized.419751">
<kml:ExtendedData>
<kml:Data name="section_id">
<kml:value>02001314130120163</kml:value>
</kml:Data>
<kml:Data name="feedercode">
<kml:value>020013</kml:value>
</kml:Data>
<kml:Data name="substation">
<kml:value>220 KV-SIBI</kml:value>
</kml:Data>
<kml:Data name="gps_no">
<kml:value>14130120163</kml:value>
</kml:Data>
<kml:Data name="s_e">
<kml:value>E</kml:value>
</kml:Data>
<kml:Data name="pole_phase">
<kml:value>R-Y-B</kml:value>
</kml:Data>
<kml:Data name="pole_use"/>
<kml:Data name="fdr_on_pol">
<kml:value>1.0</kml:value>
</kml:Data>
<kml:Data name="pol_hght">
<kml:value>36</kml:value>
</kml:Data>
<kml:Data name="pole_type">
<kml:value>Steel Structure</kml:value>
</kml:Data>
<kml:Data name="eqp_type">
<kml:value>Primary Pole</kml:value>
</kml:Data>
<kml:Data name="eqp_number">
<kml:value/>
</kml:Data>
<kml:Data name="eqp_unit"/>
<kml:Data name="eqp_size">
<kml:value/>
</kml:Data>
<kml:Data name="eqp_phase">
<kml:value/>
</kml:Data>
<kml:Data name="eqp_use"/>
<kml:Data name="eqp_status">
<kml:value/>
</kml:Data>
<kml:Data name="trafo_mke"/>
<kml:Data name="consmr_nam">
<kml:value/>
</kml:Data>
<kml:Data name="trafo_loc">
<kml:value/>
</kml:Data>
<kml:Data name="trafo_mnt"/>
<kml:Data name="angle"/>
<kml:Data name="tap_pole"/>
<kml:Data name="end_type">
<kml:value/>
</kml:Data>
<kml:Data name="rs_con"/>
<kml:Data name="rs_con1">
<kml:value>0.0</kml:value>
</kml:Data>
<kml:Data name="rs_con3">
<kml:value>0.0</kml:value>
</kml:Data>
<kml:Data name="sc_con">
<kml:value>0.0</kml:value>
</kml:Data>
<kml:Data name="lc_con">
<kml:value>0.0</kml:value>
</kml:Data>
<kml:Data name="si_con">
<kml:value>0.0</kml:value>
</kml:Data>
<kml:Data name="li_con">
<kml:value>0.0</kml:value>
</kml:Data>
<kml:Data name="pb_con">
<kml:value>0.0</kml:value>
</kml:Data>
<kml:Data name="ag_con">
<kml:value>0.0</kml:value>
</kml:Data>
<kml:Data name="st_con">
<kml:value>0.0</kml:value>
</kml:Data>
<kml:Data name="remarks">
<kml:value/>
</kml:Data>
<kml:Data name="wo_id">
<kml:value>386</kml:value>
</kml:Data>
<kml:Data name="sequence"/>
</kml:ExtendedData>
<kml:Point>
<kml:coordinates>67.88578399675373,29.543195864030242</kml:coordinates>
</kml:Point>
</kml:Placemark>
<kml:Placemark id="equipment_materialized.419753">
<kml:ExtendedData>
<kml:Data name="section_id">
<kml:value>02001314130120164</kml:value>
</kml:Data>
<kml:Data name="feedercode">
<kml:value>020013</kml:value>
</kml:Data>
<kml:Data name="substation">
<kml:value>220 KV-SIBI</kml:value>
</kml:Data>
<kml:Data name="gps_no">
<kml:value>14130120164</kml:value>
</kml:Data>
<kml:Data name="s_e">
<kml:value>E</kml:value>
</kml:Data>
<kml:Data name="pole_phase">
<kml:value>R-Y-B</kml:value>
</kml:Data>
<kml:Data name="pole_use"/>
<kml:Data name="fdr_on_pol">
<kml:value>1.0</kml:value>
</kml:Data>
<kml:Data name="pol_hght">
<kml:value>36</kml:value>
</kml:Data>
<kml:Data name="pole_type">
<kml:value>Steel Structure</kml:value>
</kml:Data>
<kml:Data name="eqp_type">
<kml:value>Transformer</kml:value>
</kml:Data>
<kml:Data name="eqp_number">
<kml:value>T-14130120164</kml:value>
</kml:Data>
<kml:Data name="eqp_unit"/>
<kml:Data name="eqp_size">
<kml:value>100</kml:value>
</kml:Data>
<kml:Data name="eqp_phase">
<kml:value>R-Y-B</kml:value>
</kml:Data>
<kml:Data name="eqp_use">
<kml:value>General Duty</kml:value>
</kml:Data>
<kml:Data name="eqp_status">
<kml:value>Connected</kml:value>
</kml:Data>
<kml:Data name="trafo_mke">
<kml:value>Elematic</kml:value>
</kml:Data>
<kml:Data name="consmr_nam">
<kml:value/>
</kml:Data>
<kml:Data name="trafo_loc">
<kml:value/>
</kml:Data>
<kml:Data name="trafo_mnt">
<kml:value>Double Pole</kml:value>
</kml:Data>
<kml:Data name="angle"/>
<kml:Data name="tap_pole"/>
<kml:Data name="end_type">
<kml:value/>
</kml:Data>
<kml:Data name="rs_con"/>
<kml:Data name="rs_con1">
<kml:value>0.0</kml:value>
</kml:Data>
<kml:Data name="rs_con3">
<kml:value>0.0</kml:value>
</kml:Data>
<kml:Data name="sc_con">
<kml:value>0.0</kml:value>
</kml:Data>
<kml:Data name="lc_con">
<kml:value>0.0</kml:value>
</kml:Data>
<kml:Data name="si_con">
<kml:value>0.0</kml:value>
</kml:Data>
<kml:Data name="li_con">
<kml:value>0.0</kml:value>
</kml:Data>
<kml:Data name="pb_con">
<kml:value>0.0</kml:value>
</kml:Data>
<kml:Data name="ag_con">
<kml:value>0.0</kml:value>
</kml:Data>
<kml:Data name="st_con">
<kml:value>0.0</kml:value>
</kml:Data>
<kml:Data name="remarks">
<kml:value/>
</kml:Data>
<kml:Data name="wo_id">
<kml:value>386</kml:value>
</kml:Data>
<kml:Data name="sequence"/>
</kml:ExtendedData>
<kml:Point>
<kml:coordinates>67.88578800197668,29.543178841592443</kml:coordinates>
</kml:Point>
</kml:Placemark>
<kml:Placemark id="equipment_materialized.419755">
<kml:ExtendedData>
<kml:Data name="section_id">
<kml:value>02001314130120165</kml:value>
</kml:Data>
<kml:Data name="feedercode">
<kml:value>020013</kml:value>
</kml:Data>
<kml:Data name="substation">
<kml:value>220 KV-SIBI</kml:value>
</kml:Data>
<kml:Data name="gps_no">
<kml:value>14130120165</kml:value>
</kml:Data>
<kml:Data name="s_e">
<kml:value>E</kml:value>
</kml:Data>
<kml:Data name="pole_phase">
<kml:value>R-Y-B</kml:value>
</kml:Data>
<kml:Data name="pole_use"/>
<kml:Data name="fdr_on_pol">
<kml:value>1.0</kml:value>
</kml:Data>
<kml:Data name="pol_hght">
<kml:value>36</kml:value>
</kml:Data>
<kml:Data name="pole_type">
<kml:value>Steel Structure</kml:value>
</kml:Data>
<kml:Data name="eqp_type">
<kml:value>Primary Pole</kml:value>
</kml:Data>
<kml:Data name="eqp_number">
<kml:value/>
</kml:Data>
<kml:Data name="eqp_unit"/>
<kml:Data name="eqp_size">
<kml:value/>
</kml:Data>
<kml:Data name="eqp_phase">
<kml:value/>
</kml:Data>
<kml:Data name="eqp_use"/>
<kml:Data name="eqp_status">
<kml:value/>
</kml:Data>
<kml:Data name="trafo_mke"/>
<kml:Data name="consmr_nam">
<kml:value/>
</kml:Data>
<kml:Data name="trafo_loc">
<kml:value/>
</kml:Data>
<kml:Data name="trafo_mnt"/>
<kml:Data name="angle"/>
<kml:Data name="tap_pole"/>
<kml:Data name="end_type">
<kml:value/>
</kml:Data>
<kml:Data name="rs_con"/>
<kml:Data name="rs_con1">
<kml:value>0.0</kml:value>
</kml:Data>
<kml:Data name="rs_con3">
<kml:value>0.0</kml:value>
</kml:Data>
<kml:Data name="sc_con">
<kml:value>0.0</kml:value>
</kml:Data>
<kml:Data name="lc_con">
<kml:value>0.0</kml:value>
</kml:Data>
<kml:Data name="si_con">
<kml:value>0.0</kml:value>
</kml:Data>
<kml:Data name="li_con">
<kml:value>0.0</kml:value>
</kml:Data>
<kml:Data name="pb_con">
<kml:value>0.0</kml:value>
</kml:Data>
<kml:Data name="ag_con">
<kml:value>0.0</kml:value>
</kml:Data>
<kml:Data name="st_con">
<kml:value>0.0</kml:value>
</kml:Data>
<kml:Data name="remarks">
<kml:value/>
</kml:Data>
<kml:Data name="wo_id">
<kml:value>386</kml:value>
</kml:Data>
<kml:Data name="sequence"/>
</kml:ExtendedData>
<kml:Point>
<kml:coordinates>67.8860630205382,29.543095867399842</kml:coordinates>
</kml:Point>
</kml:Placemark>
<kml:Placemark id="equipment_materialized.419757">
<kml:ExtendedData>
<kml:Data name="section_id">
<kml:value>02001314130120166</kml:value>
</kml:Data>
<kml:Data name="feedercode">
<kml:value>020013</kml:value>
</kml:Data>
<kml:Data name="substation">
<kml:value>220 KV-SIBI</kml:value>
</kml:Data>
<kml:Data name="gps_no">
<kml:value>14130120166</kml:value>
</kml:Data>
<kml:Data name="s_e">
<kml:value>E</kml:value>
</kml:Data>
<kml:Data name="pole_phase">
<kml:value>R-Y-B</kml:value>
</kml:Data>
<kml:Data name="pole_use"/>
<kml:Data name="fdr_on_pol">
<kml:value>1.0</kml:value>
</kml:Data>
<kml:Data name="pol_hght">
<kml:value>36</kml:value>
</kml:Data>
<kml:Data name="pole_type">
<kml:value>PC Ordinary</kml:value>
</kml:Data>
<kml:Data name="eqp_type">
<kml:value>Transformer</kml:value>
</kml:Data>
<kml:Data name="eqp_number">
<kml:value>T-14130120166</kml:value>
</kml:Data>
<kml:Data name="eqp_unit"/>
<kml:Data name="eqp_size">
<kml:value>50</kml:value>
</kml:Data>
<kml:Data name="eqp_phase">
<kml:value>R-Y-B</kml:value>
</kml:Data>
<kml:Data name="eqp_use">
<kml:value>General Duty</kml:value>
</kml:Data>
<kml:Data name="eqp_status">
<kml:value>Connected</kml:value>
</kml:Data>
<kml:Data name="trafo_mke">
<kml:value>PEL</kml:value>
</kml:Data>
<kml:Data name="consmr_nam">
<kml:value/>
</kml:Data>
<kml:Data name="trafo_loc">
<kml:value/>
</kml:Data>
<kml:Data name="trafo_mnt">
<kml:value>Single Pole</kml:value>
</kml:Data>
<kml:Data name="angle"/>
<kml:Data name="tap_pole"/>
<kml:Data name="end_type">
<kml:value/>
</kml:Data>
<kml:Data name="rs_con"/>
<kml:Data name="rs_con1">
<kml:value>0.0</kml:value>
</kml:Data>
<kml:Data name="rs_con3">
<kml:value>0.0</kml:value>
</kml:Data>
<kml:Data name="sc_con">
<kml:value>0.0</kml:value>
</kml:Data>
<kml:Data name="lc_con">
<kml:value>0.0</kml:value>
</kml:Data>
<kml:Data name="si_con">
<kml:value>0.0</kml:value>
</kml:Data>
<kml:Data name="li_con">
<kml:value>0.0</kml:value>
</kml:Data>
<kml:Data name="pb_con">
<kml:value>0.0</kml:value>
</kml:Data>
<kml:Data name="ag_con">
<kml:value>0.0</kml:value>
</kml:Data>
<kml:Data name="st_con">
<kml:value>0.0</kml:value>
</kml:Data>
<kml:Data name="remarks">
<kml:value/>
</kml:Data>
<kml:Data name="wo_id">
<kml:value>386</kml:value>
</kml:Data>
<kml:Data name="sequence"/>
</kml:ExtendedData>
<kml:Point>
<kml:coordinates>67.88606195495876,29.54309892674617</kml:coordinates>
</kml:Point>
</kml:Placemark>
<kml:Placemark id="equipment_materialized.419759">
<kml:ExtendedData>
<kml:Data name="section_id">
<kml:value>02001314130120170</kml:value>
</kml:Data>
<kml:Data name="feedercode">
<kml:value>020013</kml:value>
</kml:Data>
<kml:Data name="substation">
<kml:value>220 KV-SIBI</kml:value>
</kml:Data>
<kml:Data name="gps_no">
<kml:value>14130120167</kml:value>
</kml:Data>
<kml:Data name="s_e">
<kml:value/>
</kml:Data>
<kml:Data name="pole_phase">
<kml:value>R-Y-B</kml:value>
</kml:Data>
<kml:Data name="pole_use"/>
<kml:Data name="fdr_on_pol">
<kml:value>1.0</kml:value>
</kml:Data>
<kml:Data name="pol_hght">
<kml:value>36</kml:value>
</kml:Data>
<kml:Data name="pole_type">
<kml:value>Steel Structure</kml:value>
</kml:Data>
<kml:Data name="eqp_type">
<kml:value>Primary Pole</kml:value>
</kml:Data>
<kml:Data name="eqp_number">
<kml:value/>
</kml:Data>
<kml:Data name="eqp_unit"/>
<kml:Data name="eqp_size">
<kml:value/>
</kml:Data>
<kml:Data name="eqp_phase">
<kml:value/>
</kml:Data>
<kml:Data name="eqp_use"/>
<kml:Data name="eqp_status">
<kml:value/>
</kml:Data>
<kml:Data name="trafo_mke"/>
<kml:Data name="consmr_nam">
<kml:value/>
</kml:Data>
<kml:Data name="trafo_loc">
<kml:value/>
</kml:Data>
<kml:Data name="trafo_mnt"/>
<kml:Data name="angle"/>
<kml:Data name="tap_pole"/>
<kml:Data name="end_type">
<kml:value/>
</kml:Data>
<kml:Data name="rs_con"/>
<kml:Data name="rs_con1">
<kml:value>0.0</kml:value>
</kml:Data>
<kml:Data name="rs_con3">
<kml:value>0.0</kml:value>
</kml:Data>
<kml:Data name="sc_con">
<kml:value>0.0</kml:value>
</kml:Data>
<kml:Data name="lc_con">
<kml:value>0.0</kml:value>
</kml:Data>
<kml:Data name="si_con">
<kml:value>0.0</kml:value>
</kml:Data>
<kml:Data name="li_con">
<kml:value>0.0</kml:value>
</kml:Data>
<kml:Data name="pb_con">
<kml:value>0.0</kml:value>
</kml:Data>
<kml:Data name="ag_con">
<kml:value>0.0</kml:value>
</kml:Data>
<kml:Data name="st_con">
<kml:value>0.0</kml:value>
</kml:Data>
<kml:Data name="remarks">
<kml:value/>
</kml:Data>
<kml:Data name="wo_id">
<kml:value>386</kml:value>
</kml:Data>
<kml:Data name="sequence">
<kml:value>0</kml:value>
</kml:Data>
</kml:ExtendedData>
<kml:Point>
<kml:coordinates>67.88648697299465,29.543058901626992</kml:coordinates>
</kml:Point>
</kml:Placemark>
<kml:Placemark id="equipment_materialized.419760">
<kml:ExtendedData>
<kml:Data name="section_id">
<kml:value>02001314130120170</kml:value>
</kml:Data>
<kml:Data name="feedercode">
<kml:value>020013</kml:value>
</kml:Data>
<kml:Data name="substation">
<kml:value>220 KV-SIBI</kml:value>
</kml:Data>
<kml:Data name="gps_no">
<kml:value>14130120168</kml:value>
</kml:Data>
<kml:Data name="s_e">
<kml:value/>
</kml:Data>
<kml:Data name="pole_phase">
<kml:value>R-Y-B</kml:value>
</kml:Data>
<kml:Data name="pole_use"/>
<kml:Data name="fdr_on_pol">
<kml:value>1.0</kml:value>
</kml:Data>
<kml:Data name="pol_hght">
<kml:value>36</kml:value>
</kml:Data>
<kml:Data name="pole_type">
<kml:value>Steel Structure</kml:value>
</kml:Data>
<kml:Data name="eqp_type">
<kml:value>Primary Pole</kml:value>
</kml:Data>
<kml:Data name="eqp_number">
<kml:value/>
</kml:Data>
<kml:Data name="eqp_unit"/>
<kml:Data name="eqp_size">
<kml:value/>
</kml:Data>
<kml:Data name="eqp_phase">
<kml:value/>
</kml:Data>
<kml:Data name="eqp_use"/>
<kml:Data name="eqp_status">
<kml:value/>
</kml:Data>
<kml:Data name="trafo_mke"/>
<kml:Data name="consmr_nam">
<kml:value/>
</kml:Data>
<kml:Data name="trafo_loc">
<kml:value/>
</kml:Data>
<kml:Data name="trafo_mnt"/>
<kml:Data name="angle"/>
<kml:Data name="tap_pole"/>
<kml:Data name="end_type">
<kml:value/>
</kml:Data>
<kml:Data name="rs_con"/>
<kml:Data name="rs_con1">
<kml:value>0.0</kml:value>
</kml:Data>
<kml:Data name="rs_con3">
<kml:value>0.0</kml:value>
</kml:Data>
<kml:Data name="sc_con">
<kml:value>0.0</kml:value>
</kml:Data>
<kml:Data name="lc_con">
<kml:value>0.0</kml:value>
</kml:Data>
<kml:Data name="si_con">
<kml:value>0.0</kml:value>
</kml:Data>
<kml:Data name="li_con">
<kml:value>0.0</kml:value>
</kml:Data>
<kml:Data name="pb_con">
<kml:value>0.0</kml:value>
</kml:Data>
<kml:Data name="ag_con">
<kml:value>0.0</kml:value>
</kml:Data>
<kml:Data name="st_con">
<kml:value>0.0</kml:value>
</kml:Data>
<kml:Data name="remarks">
<kml:value/>
</kml:Data>
<kml:Data name="wo_id">
<kml:value>386</kml:value>
</kml:Data>
<kml:Data name="sequence">
<kml:value>1</kml:value>
</kml:Data>
</kml:ExtendedData>
<kml:Point>
<kml:coordinates>67.88707895748094,29.54289790350843</kml:coordinates>
</kml:Point>
</kml:Placemark>
<kml:Placemark id="equipment_materialized.419761">
<kml:ExtendedData>
<kml:Data name="section_id">
<kml:value>02001314130120170</kml:value>
</kml:Data>
<kml:Data name="feedercode">
<kml:value>020013</kml:value>
</kml:Data>
<kml:Data name="substation">
<kml:value>220 KV-SIBI</kml:value>
</kml:Data>
<kml:Data name="gps_no">
<kml:value>14130120169</kml:value>
</kml:Data>
<kml:Data name="s_e">
<kml:value/>
</kml:Data>
<kml:Data name="pole_phase">
<kml:value>R-Y-B</kml:value>
</kml:Data>
<kml:Data name="pole_use"/>
<kml:Data name="fdr_on_pol">
<kml:value>1.0</kml:value>
</kml:Data>
<kml:Data name="pol_hght">
<kml:value>36</kml:value>
</kml:Data>
<kml:Data name="pole_type">
<kml:value>Steel Structure</kml:value>
</kml:Data>
<kml:Data name="eqp_type">
<kml:value>Primary Pole</kml:value>
</kml:Data>
<kml:Data name="eqp_number">
<kml:value/>
</kml:Data>
<kml:Data name="eqp_unit"/>
<kml:Data name="eqp_size">
<kml:value/>
</kml:Data>
<kml:Data name="eqp_phase">
<kml:value/>
</kml:Data>
<kml:Data name="eqp_use"/>
<kml:Data name="eqp_status">
<kml:value/>
</kml:Data>
<kml:Data name="trafo_mke"/>
<kml:Data name="consmr_nam">
<kml:value/>
</kml:Data>
<kml:Data name="trafo_loc">
<kml:value/>
</kml:Data>
<kml:Data name="trafo_mnt"/>
<kml:Data name="angle"/>
<kml:Data name="tap_pole"/>
<kml:Data name="end_type">
<kml:value/>
</kml:Data>
<kml:Data name="rs_con"/>
<kml:Data name="rs_con1">
<kml:value>0.0</kml:value>
</kml:Data>
<kml:Data name="rs_con3">
<kml:value>0.0</kml:value>
</kml:Data>
<kml:Data name="sc_con">
<kml:value>0.0</kml:value>
</kml:Data>
<kml:Data name="lc_con">
<kml:value>0.0</kml:value>
</kml:Data>
<kml:Data name="si_con">
<kml:value>0.0</kml:value>
</kml:Data>
<kml:Data name="li_con">
<kml:value>0.0</kml:value>
</kml:Data>
<kml:Data name="pb_con">
<kml:value>0.0</kml:value>
</kml:Data>
<kml:Data name="ag_con">
<kml:value>0.0</kml:value>
</kml:Data>
<kml:Data name="st_con">
<kml:value>0.0</kml:value>
</kml:Data>
<kml:Data name="remarks">
<kml:value/>
</kml:Data>
<kml:Data name="wo_id">
<kml:value>386</kml:value>
</kml:Data>
<kml:Data name="sequence">
<kml:value>2</kml:value>
</kml:Data>
</kml:ExtendedData>
<kml:Point>
<kml:coordinates>67.8878110086493,29.542734916674576</kml:coordinates>
</kml:Point>
</kml:Placemark>
<kml:Placemark id="equipment_materialized.419762">
<kml:ExtendedData>
<kml:Data name="section_id">
<kml:value>02001314130120170</kml:value>
</kml:Data>
<kml:Data name="feedercode">
<kml:value>020013</kml:value>
</kml:Data>
<kml:Data name="substation">
<kml:value>220 KV-SIBI</kml:value>
</kml:Data>
<kml:Data name="gps_no">
<kml:value>14130120170</kml:value>
</kml:Data>
<kml:Data name="s_e">
<kml:value>E</kml:value>
</kml:Data>
<kml:Data name="pole_phase">
<kml:value>R-Y-B</kml:value>
</kml:Data>
<kml:Data name="pole_use"/>
<kml:Data name="fdr_on_pol">
<kml:value>1.0</kml:value>
</kml:Data>
<kml:Data name="pol_hght">
<kml:value>36</kml:value>
</kml:Data>
<kml:Data name="pole_type">
<kml:value>Steel Structure</kml:value>
</kml:Data>
<kml:Data name="eqp_type">
<kml:value>Primary Pole</kml:value>
</kml:Data>
<kml:Data name="eqp_number">
<kml:value/>
</kml:Data>
<kml:Data name="eqp_unit"/>
<kml:Data name="eqp_size">
<kml:value/>
</kml:Data>
<kml:Data name="eqp_phase">
<kml:value/>
</kml:Data>
<kml:Data name="eqp_use"/>
<kml:Data name="eqp_status">
<kml:value/>
</kml:Data>
<kml:Data name="trafo_mke"/>
<kml:Data name="consmr_nam">
<kml:value/>
</kml:Data>
<kml:Data name="trafo_loc">
<kml:value/>
</kml:Data>
<kml:Data name="trafo_mnt"/>
<kml:Data name="angle"/>
<kml:Data name="tap_pole"/>
<kml:Data name="end_type">
<kml:value/>
</kml:Data>
<kml:Data name="rs_con"/>
<kml:Data name="rs_con1">
<kml:value>0.0</kml:value>
</kml:Data>
<kml:Data name="rs_con3">
<kml:value>0.0</kml:value>
</kml:Data>
<kml:Data name="sc_con">
<kml:value>0.0</kml:value>
</kml:Data>
<kml:Data name="lc_con">
<kml:value>0.0</kml:value>
</kml:Data>
<kml:Data name="si_con">
<kml:value>0.0</kml:value>
</kml:Data>
<kml:Data name="li_con">
<kml:value>0.0</kml:value>
</kml:Data>
<kml:Data name="pb_con">
<kml:value>0.0</kml:value>
</kml:Data>
<kml:Data name="ag_con">
<kml:value>0.0</kml:value>
</kml:Data>
<kml:Data name="st_con">
<kml:value>0.0</kml:value>
</kml:Data>
<kml:Data name="remarks">
<kml:value/>
</kml:Data>
<kml:Data name="wo_id">
<kml:value>386</kml:value>
</kml:Data>
<kml:Data name="sequence"/>
</kml:ExtendedData>
<kml:Point>
<kml:coordinates>67.88835295495198,29.542675920396686</kml:coordinates>
</kml:Point>
</kml:Placemark>
<kml:Placemark id="equipment_materialized.419764">
<kml:ExtendedData>
<kml:Data name="section_id">
<kml:value>02001314130120171</kml:value>
</kml:Data>
<kml:Data name="feedercode">
<kml:value>020013</kml:value>
</kml:Data>
<kml:Data name="substation">
<kml:value>220 KV-SIBI</kml:value>
</kml:Data>
<kml:Data name="gps_no">
<kml:value>14130120171</kml:value>
</kml:Data>
<kml:Data name="s_e">
<kml:value>E</kml:value>
</kml:Data>
<kml:Data name="pole_phase">
<kml:value>R-Y-B</kml:value>
</kml:Data>
<kml:Data name="pole_use"/>
<kml:Data name="fdr_on_pol">
<kml:value>1.0</kml:value>
</kml:Data>
<kml:Data name="pol_hght">
<kml:value>36</kml:value>
</kml:Data>
<kml:Data name="pole_type">
<kml:value>Steel Structure</kml:value>
</kml:Data>
<kml:Data name="eqp_type">
<kml:value>Transformer</kml:value>
</kml:Data>
<kml:Data name="eqp_number">
<kml:value>T-14130120171</kml:value>
</kml:Data>
<kml:Data name="eqp_unit"/>
<kml:Data name="eqp_size">
<kml:value>100</kml:value>
</kml:Data>
<kml:Data name="eqp_phase">
<kml:value>R-Y-B</kml:value>
</kml:Data>
<kml:Data name="eqp_use">
<kml:value>General Duty</kml:value>
</kml:Data>
<kml:Data name="eqp_status">
<kml:value>Connected</kml:value>
</kml:Data>
<kml:Data name="trafo_mke">
<kml:value>Siemens</kml:value>
</kml:Data>
<kml:Data name="consmr_nam">
<kml:value/>
</kml:Data>
<kml:Data name="trafo_loc">
<kml:value/>
</kml:Data>
<kml:Data name="trafo_mnt">
<kml:value>Double Pole</kml:value>
</kml:Data>
<kml:Data name="angle"/>
<kml:Data name="tap_pole"/>
<kml:Data name="end_type">
<kml:value/>
</kml:Data>
<kml:Data name="rs_con"/>
<kml:Data name="rs_con1">
<kml:value>0.0</kml:value>
</kml:Data>
<kml:Data name="rs_con3">
<kml:value>0.0</kml:value>
</kml:Data>
<kml:Data name="sc_con">
<kml:value>0.0</kml:value>
</kml:Data>
<kml:Data name="lc_con">
<kml:value>0.0</kml:value>
</kml:Data>
<kml:Data name="si_con">
<kml:value>0.0</kml:value>
</kml:Data>
<kml:Data name="li_con">
<kml:value>0.0</kml:value>
</kml:Data>
<kml:Data name="pb_con">
<kml:value>0.0</kml:value>
</kml:Data>
<kml:Data name="ag_con">
<kml:value>0.0</kml:value>
</kml:Data>
<kml:Data name="st_con">
<kml:value>0.0</kml:value>
</kml:Data>
<kml:Data name="remarks">
<kml:value/>
</kml:Data>
<kml:Data name="wo_id">
<kml:value>386</kml:value>
</kml:Data>
<kml:Data name="sequence"/>
</kml:ExtendedData>
<kml:Point>
<kml:coordinates>67.88836803852897,29.542683897779337</kml:coordinates>
</kml:Point>
</kml:Placemark>
<kml:Placemark id="equipment_materialized.419766">
<kml:ExtendedData>
<kml:Data name="section_id">
<kml:value>02001314130120172</kml:value>
</kml:Data>
<kml:Data name="feedercode">
<kml:value>020013</kml:value>
</kml:Data>
<kml:Data name="substation">
<kml:value>220 KV-SIBI</kml:value>
</kml:Data>
<kml:Data name="gps_no">
<kml:value>14130120172</kml:value>
</kml:Data>
<kml:Data name="s_e">
<kml:value>E</kml:value>
</kml:Data>
<kml:Data name="pole_phase">
<kml:value>R-Y-B</kml:value>
</kml:Data>
<kml:Data name="pole_use"/>
<kml:Data name="fdr_on_pol">
<kml:value>1.0</kml:value>
</kml:Data>
<kml:Data name="pol_hght">
<kml:value>36</kml:value>
</kml:Data>
<kml:Data name="pole_type">
<kml:value>Steel Structure</kml:value>
</kml:Data>
<kml:Data name="eqp_type">
<kml:value>Primary Pole</kml:value>
</kml:Data>
<kml:Data name="eqp_number">
<kml:value/>
</kml:Data>
<kml:Data name="eqp_unit"/>
<kml:Data name="eqp_size">
<kml:value/>
</kml:Data>
<kml:Data name="eqp_phase">
<kml:value/>
</kml:Data>
<kml:Data name="eqp_use"/>
<kml:Data name="eqp_status">
<kml:value/>
</kml:Data>
<kml:Data name="trafo_mke"/>
<kml:Data name="consmr_nam">
<kml:value/>
</kml:Data>
<kml:Data name="trafo_loc">
<kml:value/>
</kml:Data>
<kml:Data name="trafo_mnt"/>
<kml:Data name="angle"/>
<kml:Data name="tap_pole"/>
<kml:Data name="end_type">
<kml:value/>
</kml:Data>
<kml:Data name="rs_con"/>
<kml:Data name="rs_con1">
<kml:value>0.0</kml:value>
</kml:Data>
<kml:Data name="rs_con3">
<kml:value>0.0</kml:value>
</kml:Data>
<kml:Data name="sc_con">
<kml:value>0.0</kml:value>
</kml:Data>
<kml:Data name="lc_con">
<kml:value>0.0</kml:value>
</kml:Data>
<kml:Data name="si_con">
<kml:value>0.0</kml:value>
</kml:Data>
<kml:Data name="li_con">
<kml:value>0.0</kml:value>
</kml:Data>
<kml:Data name="pb_con">
<kml:value>0.0</kml:value>
</kml:Data>
<kml:Data name="ag_con">
<kml:value>0.0</kml:value>
</kml:Data>
<kml:Data name="st_con">
<kml:value>0.0</kml:value>
</kml:Data>
<kml:Data name="remarks">
<kml:value/>
</kml:Data>
<kml:Data name="wo_id">
<kml:value>386</kml:value>
</kml:Data>
<kml:Data name="sequence"/>
</kml:ExtendedData>
<kml:Point>
<kml:coordinates>67.8892380440629,29.542409884316257</kml:coordinates>
</kml:Point>
</kml:Placemark>
<kml:Placemark id="equipment_materialized.419768">
<kml:ExtendedData>
<kml:Data name="section_id">
<kml:value>02001314130120173</kml:value>
</kml:Data>
<kml:Data name="feedercode">
<kml:value>020013</kml:value>
</kml:Data>
<kml:Data name="substation">
<kml:value>220 KV-SIBI</kml:value>
</kml:Data>
<kml:Data name="gps_no">
<kml:value>14130120173</kml:value>
</kml:Data>
<kml:Data name="s_e">
<kml:value>E</kml:value>
</kml:Data>
<kml:Data name="pole_phase">
<kml:value>R-Y-B</kml:value>
</kml:Data>
<kml:Data name="pole_use"/>
<kml:Data name="fdr_on_pol">
<kml:value>1.0</kml:value>
</kml:Data>
<kml:Data name="pol_hght">
<kml:value>36</kml:value>
</kml:Data>
<kml:Data name="pole_type">
<kml:value>Steel Structure</kml:value>
</kml:Data>
<kml:Data name="eqp_type">
<kml:value>Primary Pole</kml:value>
</kml:Data>
<kml:Data name="eqp_number">
<kml:value/>
</kml:Data>
<kml:Data name="eqp_unit"/>
<kml:Data name="eqp_size">
<kml:value/>
</kml:Data>
<kml:Data name="eqp_phase">
<kml:value/>
</kml:Data>
<kml:Data name="eqp_use"/>
<kml:Data name="eqp_status">
<kml:value/>
</kml:Data>
<kml:Data name="trafo_mke"/>
<kml:Data name="consmr_nam">
<kml:value/>
</kml:Data>
<kml:Data name="trafo_loc">
<kml:value/>
</kml:Data>
<kml:Data name="trafo_mnt"/>
<kml:Data name="angle"/>
<kml:Data name="tap_pole"/>
<kml:Data name="end_type">
<kml:value/>
</kml:Data>
<kml:Data name="rs_con"/>
<kml:Data name="rs_con1">
<kml:value>0.0</kml:value>
</kml:Data>
<kml:Data name="rs_con3">
<kml:value>0.0</kml:value>
</kml:Data>
<kml:Data name="sc_con">
<kml:value>0.0</kml:value>
</kml:Data>
<kml:Data name="lc_con">
<kml:value>0.0</kml:value>
</kml:Data>
<kml:Data name="si_con">
<kml:value>0.0</kml:value>
</kml:Data>
<kml:Data name="li_con">
<kml:value>0.0</kml:value>
</kml:Data>
<kml:Data name="pb_con">
<kml:value>0.0</kml:value>
</kml:Data>
<kml:Data name="ag_con">
<kml:value>0.0</kml:value>
</kml:Data>
<kml:Data name="st_con">
<kml:value>0.0</kml:value>
</kml:Data>
<kml:Data name="remarks">
<kml:value/>
</kml:Data>
<kml:Data name="wo_id">
<kml:value>386</kml:value>
</kml:Data>
<kml:Data name="sequence"/>
</kml:ExtendedData>
<kml:Point>
<kml:coordinates>67.88932702336942,29.542700851468187</kml:coordinates>
</kml:Point>
</kml:Placemark>
<kml:Placemark id="equipment_materialized.419770">
<kml:ExtendedData>
<kml:Data name="section_id">
<kml:value>02001314130120174</kml:value>
</kml:Data>
<kml:Data name="feedercode">
<kml:value>020013</kml:value>
</kml:Data>
<kml:Data name="substation">
<kml:value>220 KV-SIBI</kml:value>
</kml:Data>
<kml:Data name="gps_no">
<kml:value>14130120174</kml:value>
</kml:Data>
<kml:Data name="s_e">
<kml:value>E</kml:value>
</kml:Data>
<kml:Data name="pole_phase">
<kml:value>R-Y-B</kml:value>
</kml:Data>
<kml:Data name="pole_use"/>
<kml:Data name="fdr_on_pol">
<kml:value>1.0</kml:value>
</kml:Data>
<kml:Data name="pol_hght">
<kml:value>36</kml:value>
</kml:Data>
<kml:Data name="pole_type">
<kml:value>Steel Structure</kml:value>
</kml:Data>
<kml:Data name="eqp_type">
<kml:value>Transformer</kml:value>
</kml:Data>
<kml:Data name="eqp_number">
<kml:value>T-14130120174</kml:value>
</kml:Data>
<kml:Data name="eqp_unit"/>
<kml:Data name="eqp_size">
<kml:value>100</kml:value>
</kml:Data>
<kml:Data name="eqp_phase">
<kml:value>R-Y-B</kml:value>
</kml:Data>
<kml:Data name="eqp_use">
<kml:value>General Duty</kml:value>
</kml:Data>
<kml:Data name="eqp_status">
<kml:value>Connected</kml:value>
</kml:Data>
<kml:Data name="trafo_mke">
<kml:value>Siemens</kml:value>
</kml:Data>
<kml:Data name="consmr_nam">
<kml:value/>
</kml:Data>
<kml:Data name="trafo_loc">
<kml:value/>
</kml:Data>
<kml:Data name="trafo_mnt">
<kml:value>Double Pole</kml:value>
</kml:Data>
<kml:Data name="angle"/>
<kml:Data name="tap_pole"/>
<kml:Data name="end_type">
<kml:value/>
</kml:Data>
<kml:Data name="rs_con"/>
<kml:Data name="rs_con1">
<kml:value>0.0</kml:value>
</kml:Data>
<kml:Data name="rs_con3">
<kml:value>0.0</kml:value>
</kml:Data>
<kml:Data name="sc_con">
<kml:value>0.0</kml:value>
</kml:Data>
<kml:Data name="lc_con">
<kml:value>0.0</kml:value>
</kml:Data>
<kml:Data name="si_con">
<kml:value>0.0</kml:value>
</kml:Data>
<kml:Data name="li_con">
<kml:value>0.0</kml:value>
</kml:Data>
<kml:Data name="pb_con">
<kml:value>0.0</kml:value>
</kml:Data>
<kml:Data name="ag_con">
<kml:value>0.0</kml:value>
</kml:Data>
<kml:Data name="st_con">
<kml:value>0.0</kml:value>
</kml:Data>
<kml:Data name="remarks">
<kml:value/>
</kml:Data>
<kml:Data name="wo_id">
<kml:value>386</kml:value>
</kml:Data>
<kml:Data name="sequence"/>
</kml:ExtendedData>
<kml:Point>
<kml:coordinates>67.88931896241868,29.54270186700969</kml:coordinates>
</kml:Point>
</kml:Placemark>
<kml:Placemark id="equipment_materialized.419772">
<kml:ExtendedData>
<kml:Data name="section_id">
<kml:value>02001314130120182</kml:value>
</kml:Data>
<kml:Data name="feedercode">
<kml:value>020013</kml:value>
</kml:Data>
<kml:Data name="substation">
<kml:value>220 KV-SIBI</kml:value>
</kml:Data>
<kml:Data name="gps_no">
<kml:value>14130120175</kml:value>
</kml:Data>
<kml:Data name="s_e">
<kml:value/>
</kml:Data>
<kml:Data name="pole_phase">
<kml:value>R-Y-B</kml:value>
</kml:Data>
<kml:Data name="pole_use"/>
<kml:Data name="fdr_on_pol">
<kml:value>1.0</kml:value>
</kml:Data>
<kml:Data name="pol_hght">
<kml:value>36</kml:value>
</kml:Data>
<kml:Data name="pole_type">
<kml:value>PC Ordinary</kml:value>
</kml:Data>
<kml:Data name="eqp_type">
<kml:value>Primary Pole</kml:value>
</kml:Data>
<kml:Data name="eqp_number">
<kml:value/>
</kml:Data>
<kml:Data name="eqp_unit"/>
<kml:Data name="eqp_size">
<kml:value/>
</kml:Data>
<kml:Data name="eqp_phase">
<kml:value/>
</kml:Data>
<kml:Data name="eqp_use"/>
<kml:Data name="eqp_status">
<kml:value/>
</kml:Data>
<kml:Data name="trafo_mke"/>
<kml:Data name="consmr_nam">
<kml:value/>
</kml:Data>
<kml:Data name="trafo_loc">
<kml:value/>
</kml:Data>
<kml:Data name="trafo_mnt"/>
<kml:Data name="angle"/>
<kml:Data name="tap_pole"/>
<kml:Data name="end_type">
<kml:value/>
</kml:Data>
<kml:Data name="rs_con"/>
<kml:Data name="rs_con1">
<kml:value>0.0</kml:value>
</kml:Data>
<kml:Data name="rs_con3">
<kml:value>0.0</kml:value>
</kml:Data>
<kml:Data name="sc_con">
<kml:value>0.0</kml:value>
</kml:Data>
<kml:Data name="lc_con">
<kml:value>0.0</kml:value>
</kml:Data>
<kml:Data name="si_con">
<kml:value>0.0</kml:value>
</kml:Data>
<kml:Data name="li_con">
<kml:value>0.0</kml:value>
</kml:Data>
<kml:Data name="pb_con">
<kml:value>0.0</kml:value>
</kml:Data>
<kml:Data name="ag_con">
<kml:value>0.0</kml:value>
</kml:Data>
<kml:Data name="st_con">
<kml:value>0.0</kml:value>
</kml:Data>
<kml:Data name="remarks">
<kml:value/>
</kml:Data>
<kml:Data name="wo_id">
<kml:value>386</kml:value>
</kml:Data>
<kml:Data name="sequence">
<kml:value>0</kml:value>
</kml:Data>
</kml:ExtendedData>
<kml:Point>
<kml:coordinates>67.89018499778898,29.542195888071987</kml:coordinates>
</kml:Point>
</kml:Placemark>
<kml:Placemark id="equipment_materialized.419773">
<kml:ExtendedData>
<kml:Data name="section_id">
<kml:value>02001314130120182</kml:value>
</kml:Data>
<kml:Data name="feedercode">
<kml:value>020013</kml:value>
</kml:Data>
<kml:Data name="substation">
<kml:value>220 KV-SIBI</kml:value>
</kml:Data>
<kml:Data name="gps_no">
<kml:value>14130120176</kml:value>
</kml:Data>
<kml:Data name="s_e">
<kml:value/>
</kml:Data>
<kml:Data name="pole_phase">
<kml:value>R-Y-B</kml:value>
</kml:Data>
<kml:Data name="pole_use"/>
<kml:Data name="fdr_on_pol">
<kml:value>1.0</kml:value>
</kml:Data>
<kml:Data name="pol_hght">
<kml:value>36</kml:value>
</kml:Data>
<kml:Data name="pole_type">
<kml:value>PC Ordinary</kml:value>
</kml:Data>
<kml:Data name="eqp_type">
<kml:value>Primary Pole</kml:value>
</kml:Data>
<kml:Data name="eqp_number">
<kml:value/>
</kml:Data>
<kml:Data name="eqp_unit"/>
<kml:Data name="eqp_size">
<kml:value/>
</kml:Data>
<kml:Data name="eqp_phase">
<kml:value/>
</kml:Data>
<kml:Data name="eqp_use"/>
<kml:Data name="eqp_status">
<kml:value/>
</kml:Data>
<kml:Data name="trafo_mke"/>
<kml:Data name="consmr_nam">
<kml:value/>
</kml:Data>
<kml:Data name="trafo_loc">
<kml:value/>
</kml:Data>
<kml:Data name="trafo_mnt"/>
<kml:Data name="angle"/>
<kml:Data name="tap_pole"/>
<kml:Data name="end_type">
<kml:value/>
</kml:Data>
<kml:Data name="rs_con"/>
<kml:Data name="rs_con1">
<kml:value>0.0</kml:value>
</kml:Data>
<kml:Data name="rs_con3">
<kml:value>0.0</kml:value>
</kml:Data>
<kml:Data name="sc_con">
<kml:value>0.0</kml:value>
</kml:Data>
<kml:Data name="lc_con">
<kml:value>0.0</kml:value>
</kml:Data>
<kml:Data name="si_con">
<kml:value>0.0</kml:value>
</kml:Data>
<kml:Data name="li_con">
<kml:value>0.0</kml:value>
</kml:Data>
<kml:Data name="pb_con">
<kml:value>0.0</kml:value>
</kml:Data>
<kml:Data name="ag_con">
<kml:value>0.0</kml:value>
</kml:Data>
<kml:Data name="st_con">
<kml:value>0.0</kml:value>
</kml:Data>
<kml:Data name="remarks">
<kml:value/>
</kml:Data>
<kml:Data name="wo_id">
<kml:value>386</kml:value>
</kml:Data>
<kml:Data name="sequence">
<kml:value>1</kml:value>
</kml:Data>
</kml:ExtendedData>
<kml:Point>
<kml:coordinates>67.8912789965317,29.5419548657916</kml:coordinates>
</kml:Point>
</kml:Placemark>
<kml:Placemark id="equipment_materialized.419774">
<kml:ExtendedData>
<kml:Data name="section_id">
<kml:value>02001314130120182</kml:value>
</kml:Data>
<kml:Data name="feedercode">
<kml:value>020013</kml:value>
</kml:Data>
<kml:Data name="substation">
<kml:value>220 KV-SIBI</kml:value>
</kml:Data>
<kml:Data name="gps_no">
<kml:value>14130120177</kml:value>
</kml:Data>
<kml:Data name="s_e">
<kml:value/>
</kml:Data>
<kml:Data name="pole_phase">
<kml:value>R-Y-B</kml:value>
</kml:Data>
<kml:Data name="pole_use"/>
<kml:Data name="fdr_on_pol">
<kml:value>1.0</kml:value>
</kml:Data>
<kml:Data name="pol_hght">
<kml:value>36</kml:value>
</kml:Data>
<kml:Data name="pole_type">
<kml:value>PC Ordinary</kml:value>
</kml:Data>
<kml:Data name="eqp_type">
<kml:value>Primary Pole</kml:value>
</kml:Data>
<kml:Data name="eqp_number">
<kml:value/>
</kml:Data>
<kml:Data name="eqp_unit"/>
<kml:Data name="eqp_size">
<kml:value/>
</kml:Data>
<kml:Data name="eqp_phase">
<kml:value/>
</kml:Data>
<kml:Data name="eqp_use"/>
<kml:Data name="eqp_status">
<kml:value/>
</kml:Data>
<kml:Data name="trafo_mke"/>
<kml:Data name="consmr_nam">
<kml:value/>
</kml:Data>
<kml:Data name="trafo_loc">
<kml:value/>
</kml:Data>
<kml:Data name="trafo_mnt"/>
<kml:Data name="angle"/>
<kml:Data name="tap_pole"/>
<kml:Data name="end_type">
<kml:value/>
</kml:Data>
<kml:Data name="rs_con"/>
<kml:Data name="rs_con1">
<kml:value>0.0</kml:value>
</kml:Data>
<kml:Data name="rs_con3">
<kml:value>0.0</kml:value>
</kml:Data>
<kml:Data name="sc_con">
<kml:value>0.0</kml:value>
</kml:Data>
<kml:Data name="lc_con">
<kml:value>0.0</kml:value>
</kml:Data>
<kml:Data name="si_con">
<kml:value>0.0</kml:value>
</kml:Data>
<kml:Data name="li_con">
<kml:value>0.0</kml:value>
</kml:Data>
<kml:Data name="pb_con">
<kml:value>0.0</kml:value>
</kml:Data>
<kml:Data name="ag_con">
<kml:value>0.0</kml:value>
</kml:Data>
<kml:Data name="st_con">
<kml:value>0.0</kml:value>
</kml:Data>
<kml:Data name="remarks">
<kml:value/>
</kml:Data>
<kml:Data name="wo_id">
<kml:value>386</kml:value>
</kml:Data>
<kml:Data name="sequence">
<kml:value>2</kml:value>
</kml:Data>
</kml:ExtendedData>
<kml:Point>
<kml:coordinates>67.89193403878585,29.5418209035306</kml:coordinates>
</kml:Point>
</kml:Placemark>
<kml:Placemark id="equipment_materialized.419775">
<kml:ExtendedData>
<kml:Data name="section_id">
<kml:value>02001314130120182</kml:value>
</kml:Data>
<kml:Data name="feedercode">
<kml:value>020013</kml:value>
</kml:Data>
<kml:Data name="substation">
<kml:value>220 KV-SIBI</kml:value>
</kml:Data>
<kml:Data name="gps_no">
<kml:value>14130120178</kml:value>
</kml:Data>
<kml:Data name="s_e">
<kml:value/>
</kml:Data>
<kml:Data name="pole_phase">
<kml:value>R-Y-B</kml:value>
</kml:Data>
<kml:Data name="pole_use"/>
<kml:Data name="fdr_on_pol">
<kml:value>1.0</kml:value>
</kml:Data>
<kml:Data name="pol_hght">
<kml:value>36</kml:value>
</kml:Data>
<kml:Data name="pole_type">
<kml:value>PC Ordinary</kml:value>
</kml:Data>
<kml:Data name="eqp_type">
<kml:value>Primary Pole</kml:value>
</kml:Data>
<kml:Data name="eqp_number">
<kml:value/>
</kml:Data>
<kml:Data name="eqp_unit"/>
<kml:Data name="eqp_size">
<kml:value/>
</kml:Data>
<kml:Data name="eqp_phase">
<kml:value/>
</kml:Data>
<kml:Data name="eqp_use"/>
<kml:Data name="eqp_status">
<kml:value/>
</kml:Data>
<kml:Data name="trafo_mke"/>
<kml:Data name="consmr_nam">
<kml:value/>
</kml:Data>
<kml:Data name="trafo_loc">
<kml:value/>
</kml:Data>
<kml:Data name="trafo_mnt"/>
<kml:Data name="angle"/>
<kml:Data name="tap_pole"/>
<kml:Data name="end_type">
<kml:value/>
</kml:Data>
<kml:Data name="rs_con"/>
<kml:Data name="rs_con1">
<kml:value>0.0</kml:value>
</kml:Data>
<kml:Data name="rs_con3">
<kml:value>0.0</kml:value>
</kml:Data>
<kml:Data name="sc_con">
<kml:value>0.0</kml:value>
</kml:Data>
<kml:Data name="lc_con">
<kml:value>0.0</kml:value>
</kml:Data>
<kml:Data name="si_con">
<kml:value>0.0</kml:value>
</kml:Data>
<kml:Data name="li_con">
<kml:value>0.0</kml:value>
</kml:Data>
<kml:Data name="pb_con">
<kml:value>0.0</kml:value>
</kml:Data>
<kml:Data name="ag_con">
<kml:value>0.0</kml:value>
</kml:Data>
<kml:Data name="st_con">
<kml:value>0.0</kml:value>
</kml:Data>
<kml:Data name="remarks">
<kml:value/>
</kml:Data>
<kml:Data name="wo_id">
<kml:value>386</kml:value>
</kml:Data>
<kml:Data name="sequence">
<kml:value>3</kml:value>
</kml:Data>
</kml:ExtendedData>
<kml:Point>
<kml:coordinates>67.89250603796368,29.54219485902298</kml:coordinates>
</kml:Point>
</kml:Placemark>
<kml:Placemark id="equipment_materialized.419776">
<kml:ExtendedData>
<kml:Data name="section_id">
<kml:value>02001314130120182</kml:value>
</kml:Data>
<kml:Data name="feedercode">
<kml:value>020013</kml:value>
</kml:Data>
<kml:Data name="substation">
<kml:value>220 KV-SIBI</kml:value>
</kml:Data>
<kml:Data name="gps_no">
<kml:value>14130120179</kml:value>
</kml:Data>
<kml:Data name="s_e">
<kml:value/>
</kml:Data>
<kml:Data name="pole_phase">
<kml:value>R-Y-B</kml:value>
</kml:Data>
<kml:Data name="pole_use"/>
<kml:Data name="fdr_on_pol">
<kml:value>1.0</kml:value>
</kml:Data>
<kml:Data name="pol_hght">
<kml:value>36</kml:value>
</kml:Data>
<kml:Data name="pole_type">
<kml:value>PC Ordinary</kml:value>
</kml:Data>
<kml:Data name="eqp_type">
<kml:value>Primary Pole</kml:value>
</kml:Data>
<kml:Data name="eqp_number">
<kml:value/>
</kml:Data>
<kml:Data name="eqp_unit"/>
<kml:Data name="eqp_size">
<kml:value/>
</kml:Data>
<kml:Data name="eqp_phase">
<kml:value/>
</kml:Data>
<kml:Data name="eqp_use"/>
<kml:Data name="eqp_status">
<kml:value/>
</kml:Data>
<kml:Data name="trafo_mke"/>
<kml:Data name="consmr_nam">
<kml:value/>
</kml:Data>
<kml:Data name="trafo_loc">
<kml:value/>
</kml:Data>
<kml:Data name="trafo_mnt"/>
<kml:Data name="angle"/>
<kml:Data name="tap_pole"/>
<kml:Data name="end_type">
<kml:value/>
</kml:Data>
<kml:Data name="rs_con"/>
<kml:Data name="rs_con1">
<kml:value>0.0</kml:value>
</kml:Data>
<kml:Data name="rs_con3">
<kml:value>0.0</kml:value>
</kml:Data>
<kml:Data name="sc_con">
<kml:value>0.0</kml:value>
</kml:Data>
<kml:Data name="lc_con">
<kml:value>0.0</kml:value>
</kml:Data>
<kml:Data name="si_con">
<kml:value>0.0</kml:value>
</kml:Data>
<kml:Data name="li_con">
<kml:value>0.0</kml:value>
</kml:Data>
<kml:Data name="pb_con">
<kml:value>0.0</kml:value>
</kml:Data>
<kml:Data name="ag_con">
<kml:value>0.0</kml:value>
</kml:Data>
<kml:Data name="st_con">
<kml:value>0.0</kml:value>
</kml:Data>
<kml:Data name="remarks">
<kml:value/>
</kml:Data>
<kml:Data name="wo_id">
<kml:value>386</kml:value>
</kml:Data>
<kml:Data name="sequence">
<kml:value>4</kml:value>
</kml:Data>
</kml:ExtendedData>
<kml:Point>
<kml:coordinates>67.89301296242779,29.542583882121832</kml:coordinates>
</kml:Point>
</kml:Placemark>
<kml:Placemark id="equipment_materialized.419777">
<kml:ExtendedData>
<kml:Data name="section_id">
<kml:value>02001314130120182</kml:value>
</kml:Data>
<kml:Data name="feedercode">
<kml:value>020013</kml:value>
</kml:Data>
<kml:Data name="substation">
<kml:value>220 KV-SIBI</kml:value>
</kml:Data>
<kml:Data name="gps_no">
<kml:value>14130120180</kml:value>
</kml:Data>
<kml:Data name="s_e">
<kml:value/>
</kml:Data>
<kml:Data name="pole_phase">
<kml:value>R-Y-B</kml:value>
</kml:Data>
<kml:Data name="pole_use"/>
<kml:Data name="fdr_on_pol">
<kml:value>1.0</kml:value>
</kml:Data>
<kml:Data name="pol_hght">
<kml:value>36</kml:value>
</kml:Data>
<kml:Data name="pole_type">
<kml:value>PC Ordinary</kml:value>
</kml:Data>
<kml:Data name="eqp_type">
<kml:value>Primary Pole</kml:value>
</kml:Data>
<kml:Data name="eqp_number">
<kml:value/>
</kml:Data>
<kml:Data name="eqp_unit"/>
<kml:Data name="eqp_size">
<kml:value/>
</kml:Data>
<kml:Data name="eqp_phase">
<kml:value/>
</kml:Data>
<kml:Data name="eqp_use"/>
<kml:Data name="eqp_status">
<kml:value/>
</kml:Data>
<kml:Data name="trafo_mke"/>
<kml:Data name="consmr_nam">
<kml:value/>
</kml:Data>
<kml:Data name="trafo_loc">
<kml:value/>
</kml:Data>
<kml:Data name="trafo_mnt"/>
<kml:Data name="angle"/>
<kml:Data name="tap_pole"/>
<kml:Data name="end_type">
<kml:value/>
</kml:Data>
<kml:Data name="rs_con"/>
<kml:Data name="rs_con1">
<kml:value>0.0</kml:value>
</kml:Data>
<kml:Data name="rs_con3">
<kml:value>0.0</kml:value>
</kml:Data>
<kml:Data name="sc_con">
<kml:value>0.0</kml:value>
</kml:Data>
<kml:Data name="lc_con">
<kml:value>0.0</kml:value>
</kml:Data>
<kml:Data name="si_con">
<kml:value>0.0</kml:value>
</kml:Data>
<kml:Data name="li_con">
<kml:value>0.0</kml:value>
</kml:Data>
<kml:Data name="pb_con">
<kml:value>0.0</kml:value>
</kml:Data>
<kml:Data name="ag_con">
<kml:value>0.0</kml:value>
</kml:Data>
<kml:Data name="st_con">
<kml:value>0.0</kml:value>
</kml:Data>
<kml:Data name="remarks">
<kml:value/>
</kml:Data>
<kml:Data name="wo_id">
<kml:value>386</kml:value>
</kml:Data>
<kml:Data name="sequence">
<kml:value>5</kml:value>
</kml:Data>
</kml:ExtendedData>
<kml:Point>
<kml:coordinates>67.89349702295843,29.5429689226998</kml:coordinates>
</kml:Point>
</kml:Placemark>
<kml:Placemark id="equipment_materialized.419778">
<kml:ExtendedData>
<kml:Data name="section_id">
<kml:value>02001314130120182</kml:value>
</kml:Data>
<kml:Data name="feedercode">
<kml:value>020013</kml:value>
</kml:Data>
<kml:Data name="substation">
<kml:value>220 KV-SIBI</kml:value>
</kml:Data>
<kml:Data name="gps_no">
<kml:value>14130120181</kml:value>
</kml:Data>
<kml:Data name="s_e">
<kml:value/>
</kml:Data>
<kml:Data name="pole_phase">
<kml:value>R-Y-B</kml:value>
</kml:Data>
<kml:Data name="pole_use"/>
<kml:Data name="fdr_on_pol">
<kml:value>1.0</kml:value>
</kml:Data>
<kml:Data name="pol_hght">
<kml:value>36</kml:value>
</kml:Data>
<kml:Data name="pole_type">
<kml:value>PC Ordinary</kml:value>
</kml:Data>
<kml:Data name="eqp_type">
<kml:value>Primary Pole</kml:value>
</kml:Data>
<kml:Data name="eqp_number">
<kml:value/>
</kml:Data>
<kml:Data name="eqp_unit"/>
<kml:Data name="eqp_size">
<kml:value/>
</kml:Data>
<kml:Data name="eqp_phase">
<kml:value/>
</kml:Data>
<kml:Data name="eqp_use"/>
<kml:Data name="eqp_status">
<kml:value/>
</kml:Data>
<kml:Data name="trafo_mke"/>
<kml:Data name="consmr_nam">
<kml:value/>
</kml:Data>
<kml:Data name="trafo_loc">
<kml:value/>
</kml:Data>
<kml:Data name="trafo_mnt"/>
<kml:Data name="angle"/>
<kml:Data name="tap_pole"/>
<kml:Data name="end_type">
<kml:value/>
</kml:Data>
<kml:Data name="rs_con"/>
<kml:Data name="rs_con1">
<kml:value>0.0</kml:value>
</kml:Data>
<kml:Data name="rs_con3">
<kml:value>0.0</kml:value>
</kml:Data>
<kml:Data name="sc_con">
<kml:value>0.0</kml:value>
</kml:Data>
<kml:Data name="lc_con">
<kml:value>0.0</kml:value>
</kml:Data>
<kml:Data name="si_con">
<kml:value>0.0</kml:value>
</kml:Data>
<kml:Data name="li_con">
<kml:value>0.0</kml:value>
</kml:Data>
<kml:Data name="pb_con">
<kml:value>0.0</kml:value>
</kml:Data>
<kml:Data name="ag_con">
<kml:value>0.0</kml:value>
</kml:Data>
<kml:Data name="st_con">
<kml:value>0.0</kml:value>
</kml:Data>
<kml:Data name="remarks">
<kml:value/>
</kml:Data>
<kml:Data name="wo_id">
<kml:value>386</kml:value>
</kml:Data>
<kml:Data name="sequence">
<kml:value>6</kml:value>
</kml:Data>
</kml:ExtendedData>
<kml:Point>
<kml:coordinates>67.89389699592633,29.543247857008605</kml:coordinates>
</kml:Point>
</kml:Placemark>
<kml:Placemark id="equipment_materialized.419779">
<kml:ExtendedData>
<kml:Data name="section_id">
<kml:value>02001314130120182</kml:value>
</kml:Data>
<kml:Data name="feedercode">
<kml:value>020013</kml:value>
</kml:Data>
<kml:Data name="substation">
<kml:value>220 KV-SIBI</kml:value>
</kml:Data>
<kml:Data name="gps_no">
<kml:value>14130120182</kml:value>
</kml:Data>
<kml:Data name="s_e">
<kml:value>E</kml:value>
</kml:Data>
<kml:Data name="pole_phase">
<kml:value>R-Y-B</kml:value>
</kml:Data>
<kml:Data name="pole_use"/>
<kml:Data name="fdr_on_pol">
<kml:value>1.0</kml:value>
</kml:Data>
<kml:Data name="pol_hght">
<kml:value>36</kml:value>
</kml:Data>
<kml:Data name="pole_type">
<kml:value>PC Ordinary</kml:value>
</kml:Data>
<kml:Data name="eqp_type">
<kml:value>Primary Pole</kml:value>
</kml:Data>
<kml:Data name="eqp_number">
<kml:value/>
</kml:Data>
<kml:Data name="eqp_unit"/>
<kml:Data name="eqp_size">
<kml:value/>
</kml:Data>
<kml:Data name="eqp_phase">
<kml:value/>
</kml:Data>
<kml:Data name="eqp_use"/>
<kml:Data name="eqp_status">
<kml:value/>
</kml:Data>
<kml:Data name="trafo_mke"/>
<kml:Data name="consmr_nam">
<kml:value/>
</kml:Data>
<kml:Data name="trafo_loc">
<kml:value/>
</kml:Data>
<kml:Data name="trafo_mnt"/>
<kml:Data name="angle"/>
<kml:Data name="tap_pole"/>
<kml:Data name="end_type">
<kml:value>SDE</kml:value>
</kml:Data>
<kml:Data name="rs_con"/>
<kml:Data name="rs_con1">
<kml:value>0.0</kml:value>
</kml:Data>
<kml:Data name="rs_con3">
<kml:value>0.0</kml:value>
</kml:Data>
<kml:Data name="sc_con">
<kml:value>0.0</kml:value>
</kml:Data>
<kml:Data name="lc_con">
<kml:value>0.0</kml:value>
</kml:Data>
<kml:Data name="si_con">
<kml:value>0.0</kml:value>
</kml:Data>
<kml:Data name="li_con">
<kml:value>0.0</kml:value>
</kml:Data>
<kml:Data name="pb_con">
<kml:value>0.0</kml:value>
</kml:Data>
<kml:Data name="ag_con">
<kml:value>0.0</kml:value>
</kml:Data>
<kml:Data name="st_con">
<kml:value>0.0</kml:value>
</kml:Data>
<kml:Data name="remarks">
<kml:value/>
</kml:Data>
<kml:Data name="wo_id">
<kml:value>386</kml:value>
</kml:Data>
<kml:Data name="sequence"/>
</kml:ExtendedData>
<kml:Point>
<kml:coordinates>67.89411400921885,29.543600891652996</kml:coordinates>
</kml:Point>
</kml:Placemark>
<kml:Placemark id="equipment_materialized.419781">
<kml:ExtendedData>
<kml:Data name="section_id">
<kml:value>02001314130120183</kml:value>
</kml:Data>
<kml:Data name="feedercode">
<kml:value>020013</kml:value>
</kml:Data>
<kml:Data name="substation">
<kml:value>220 KV-SIBI</kml:value>
</kml:Data>
<kml:Data name="gps_no">
<kml:value>14130120183</kml:value>
</kml:Data>
<kml:Data name="s_e">
<kml:value>E</kml:value>
</kml:Data>
<kml:Data name="pole_phase">
<kml:value>R-Y-B</kml:value>
</kml:Data>
<kml:Data name="pole_use"/>
<kml:Data name="fdr_on_pol">
<kml:value>1.0</kml:value>
</kml:Data>
<kml:Data name="pol_hght">
<kml:value>36</kml:value>
</kml:Data>
<kml:Data name="pole_type">
<kml:value>PC Ordinary</kml:value>
</kml:Data>
<kml:Data name="eqp_type">
<kml:value>Transformer</kml:value>
</kml:Data>
<kml:Data name="eqp_number">
<kml:value>T-14130120183</kml:value>
</kml:Data>
<kml:Data name="eqp_unit"/>
<kml:Data name="eqp_size">
<kml:value>200</kml:value>
</kml:Data>
<kml:Data name="eqp_phase">
<kml:value>R-Y-B</kml:value>
</kml:Data>
<kml:Data name="eqp_use">
<kml:value>General Duty</kml:value>
</kml:Data>
<kml:Data name="eqp_status">
<kml:value>Connected</kml:value>
</kml:Data>
<kml:Data name="trafo_mke">
<kml:value>PEL</kml:value>
</kml:Data>
<kml:Data name="consmr_nam">
<kml:value/>
</kml:Data>
<kml:Data name="trafo_loc">
<kml:value/>
</kml:Data>
<kml:Data name="trafo_mnt">
<kml:value>Double Pole</kml:value>
</kml:Data>
<kml:Data name="angle"/>
<kml:Data name="tap_pole"/>
<kml:Data name="end_type">
<kml:value/>
</kml:Data>
<kml:Data name="rs_con"/>
<kml:Data name="rs_con1">
<kml:value>0.0</kml:value>
</kml:Data>
<kml:Data name="rs_con3">
<kml:value>0.0</kml:value>
</kml:Data>
<kml:Data name="sc_con">
<kml:value>0.0</kml:value>
</kml:Data>
<kml:Data name="lc_con">
<kml:value>0.0</kml:value>
</kml:Data>
<kml:Data name="si_con">
<kml:value>0.0</kml:value>
</kml:Data>
<kml:Data name="li_con">
<kml:value>0.0</kml:value>
</kml:Data>
<kml:Data name="pb_con">
<kml:value>0.0</kml:value>
</kml:Data>
<kml:Data name="ag_con">
<kml:value>0.0</kml:value>
</kml:Data>
<kml:Data name="st_con">
<kml:value>0.0</kml:value>
</kml:Data>
<kml:Data name="remarks">
<kml:value/>
</kml:Data>
<kml:Data name="wo_id">
<kml:value>386</kml:value>
</kml:Data>
<kml:Data name="sequence"/>
</kml:ExtendedData>
<kml:Point>
<kml:coordinates>67.89412700120224,29.543639894795103</kml:coordinates>
</kml:Point>
</kml:Placemark>
<kml:Placemark id="equipment_materialized.419783">
<kml:ExtendedData>
<kml:Data name="section_id">
<kml:value>02001314140120184</kml:value>
</kml:Data>
<kml:Data name="feedercode">
<kml:value>020013</kml:value>
</kml:Data>
<kml:Data name="substation">
<kml:value>220 KV-SIBI</kml:value>
</kml:Data>
<kml:Data name="gps_no">
<kml:value>14140120184</kml:value>
</kml:Data>
<kml:Data name="s_e">
<kml:value>E</kml:value>
</kml:Data>
<kml:Data name="pole_phase">
<kml:value>R-Y-B</kml:value>
</kml:Data>
<kml:Data name="pole_use"/>
<kml:Data name="fdr_on_pol">
<kml:value>1.0</kml:value>
</kml:Data>
<kml:Data name="pol_hght">
<kml:value>36</kml:value>
</kml:Data>
<kml:Data name="pole_type">
<kml:value>PC Ordinary</kml:value>
</kml:Data>
<kml:Data name="eqp_type">
<kml:value>Primary Pole</kml:value>
</kml:Data>
<kml:Data name="eqp_number">
<kml:value/>
</kml:Data>
<kml:Data name="eqp_unit"/>
<kml:Data name="eqp_size">
<kml:value/>
</kml:Data>
<kml:Data name="eqp_phase">
<kml:value/>
</kml:Data>
<kml:Data name="eqp_use"/>
<kml:Data name="eqp_status">
<kml:value/>
</kml:Data>
<kml:Data name="trafo_mke"/>
<kml:Data name="consmr_nam">
<kml:value/>
</kml:Data>
<kml:Data name="trafo_loc">
<kml:value/>
</kml:Data>
<kml:Data name="trafo_mnt"/>
<kml:Data name="angle"/>
<kml:Data name="tap_pole"/>
<kml:Data name="end_type">
<kml:value/>
</kml:Data>
<kml:Data name="rs_con"/>
<kml:Data name="rs_con1">
<kml:value>0.0</kml:value>
</kml:Data>
<kml:Data name="rs_con3">
<kml:value>0.0</kml:value>
</kml:Data>
<kml:Data name="sc_con">
<kml:value>0.0</kml:value>
</kml:Data>
<kml:Data name="lc_con">
<kml:value>0.0</kml:value>
</kml:Data>
<kml:Data name="si_con">
<kml:value>0.0</kml:value>
</kml:Data>
<kml:Data name="li_con">
<kml:value>0.0</kml:value>
</kml:Data>
<kml:Data name="pb_con">
<kml:value>0.0</kml:value>
</kml:Data>
<kml:Data name="ag_con">
<kml:value>0.0</kml:value>
</kml:Data>
<kml:Data name="st_con">
<kml:value>0.0</kml:value>
</kml:Data>
<kml:Data name="remarks">
<kml:value/>
</kml:Data>
<kml:Data name="wo_id">
<kml:value>386</kml:value>
</kml:Data>
<kml:Data name="sequence"/>
</kml:ExtendedData>
<kml:Point>
<kml:coordinates>67.88530301016075,29.54307884486948</kml:coordinates>
</kml:Point>
</kml:Placemark>
<kml:Placemark id="equipment_materialized.419785">
<kml:ExtendedData>
<kml:Data name="section_id">
<kml:value>02001314140120185</kml:value>
</kml:Data>
<kml:Data name="feedercode">
<kml:value>020013</kml:value>
</kml:Data>
<kml:Data name="substation">
<kml:value>220 KV-SIBI</kml:value>
</kml:Data>
<kml:Data name="gps_no">
<kml:value>14140120185</kml:value>
</kml:Data>
<kml:Data name="s_e">
<kml:value>E</kml:value>
</kml:Data>
<kml:Data name="pole_phase">
<kml:value>R-Y-B</kml:value>
</kml:Data>
<kml:Data name="pole_use"/>
<kml:Data name="fdr_on_pol">
<kml:value>1.0</kml:value>
</kml:Data>
<kml:Data name="pol_hght">
<kml:value>36</kml:value>
</kml:Data>
<kml:Data name="pole_type">
<kml:value>PC Ordinary</kml:value>
</kml:Data>
<kml:Data name="eqp_type">
<kml:value>Primary Pole</kml:value>
</kml:Data>
<kml:Data name="eqp_number">
<kml:value/>
</kml:Data>
<kml:Data name="eqp_unit"/>
<kml:Data name="eqp_size">
<kml:value/>
</kml:Data>
<kml:Data name="eqp_phase">
<kml:value/>
</kml:Data>
<kml:Data name="eqp_use"/>
<kml:Data name="eqp_status">
<kml:value/>
</kml:Data>
<kml:Data name="trafo_mke"/>
<kml:Data name="consmr_nam">
<kml:value/>
</kml:Data>
<kml:Data name="trafo_loc">
<kml:value/>
</kml:Data>
<kml:Data name="trafo_mnt"/>
<kml:Data name="angle"/>
<kml:Data name="tap_pole"/>
<kml:Data name="end_type">
<kml:value>SDE</kml:value>
</kml:Data>
<kml:Data name="rs_con"/>
<kml:Data name="rs_con1">
<kml:value>0.0</kml:value>
</kml:Data>
<kml:Data name="rs_con3">
<kml:value>0.0</kml:value>
</kml:Data>
<kml:Data name="sc_con">
<kml:value>0.0</kml:value>
</kml:Data>
<kml:Data name="lc_con">
<kml:value>0.0</kml:value>
</kml:Data>
<kml:Data name="si_con">
<kml:value>0.0</kml:value>
</kml:Data>
<kml:Data name="li_con">
<kml:value>0.0</kml:value>
</kml:Data>
<kml:Data name="pb_con">
<kml:value>0.0</kml:value>
</kml:Data>
<kml:Data name="ag_con">
<kml:value>0.0</kml:value>
</kml:Data>
<kml:Data name="st_con">
<kml:value>0.0</kml:value>
</kml:Data>
<kml:Data name="remarks">
<kml:value/>
</kml:Data>
<kml:Data name="wo_id">
<kml:value>386</kml:value>
</kml:Data>
<kml:Data name="sequence"/>
</kml:ExtendedData>
<kml:Point>
<kml:coordinates>67.88516197476376,29.543469859873735</kml:coordinates>
</kml:Point>
</kml:Placemark>
<kml:Placemark id="equipment_materialized.419787">
<kml:ExtendedData>
<kml:Data name="section_id">
<kml:value>02001314140120186</kml:value>
</kml:Data>
<kml:Data name="feedercode">
<kml:value>020013</kml:value>
</kml:Data>
<kml:Data name="substation">
<kml:value>220 KV-SIBI</kml:value>
</kml:Data>
<kml:Data name="gps_no">
<kml:value>14140120186</kml:value>
</kml:Data>
<kml:Data name="s_e">
<kml:value>E</kml:value>
</kml:Data>
<kml:Data name="pole_phase">
<kml:value>R-Y-B</kml:value>
</kml:Data>
<kml:Data name="pole_use"/>
<kml:Data name="fdr_on_pol">
<kml:value>1.0</kml:value>
</kml:Data>
<kml:Data name="pol_hght">
<kml:value>36</kml:value>
</kml:Data>
<kml:Data name="pole_type">
<kml:value>PC Ordinary</kml:value>
</kml:Data>
<kml:Data name="eqp_type">
<kml:value>Transformer</kml:value>
</kml:Data>
<kml:Data name="eqp_number">
<kml:value>T-14140120186</kml:value>
</kml:Data>
<kml:Data name="eqp_unit"/>
<kml:Data name="eqp_size">
<kml:value>25</kml:value>
</kml:Data>
<kml:Data name="eqp_phase">
<kml:value>R-Y-B</kml:value>
</kml:Data>
<kml:Data name="eqp_use">
<kml:value>General Duty</kml:value>
</kml:Data>
<kml:Data name="eqp_status">
<kml:value>Connected</kml:value>
</kml:Data>
<kml:Data name="trafo_mke">
<kml:value>Elematic</kml:value>
</kml:Data>
<kml:Data name="consmr_nam">
<kml:value/>
</kml:Data>
<kml:Data name="trafo_loc">
<kml:value/>
</kml:Data>
<kml:Data name="trafo_mnt">
<kml:value>Single Pole</kml:value>
</kml:Data>
<kml:Data name="angle"/>
<kml:Data name="tap_pole"/>
<kml:Data name="end_type">
<kml:value/>
</kml:Data>
<kml:Data name="rs_con"/>
<kml:Data name="rs_con1">
<kml:value>0.0</kml:value>
</kml:Data>
<kml:Data name="rs_con3">
<kml:value>0.0</kml:value>
</kml:Data>
<kml:Data name="sc_con">
<kml:value>0.0</kml:value>
</kml:Data>
<kml:Data name="lc_con">
<kml:value>0.0</kml:value>
</kml:Data>
<kml:Data name="si_con">
<kml:value>0.0</kml:value>
</kml:Data>
<kml:Data name="li_con">
<kml:value>0.0</kml:value>
</kml:Data>
<kml:Data name="pb_con">
<kml:value>0.0</kml:value>
</kml:Data>
<kml:Data name="ag_con">
<kml:value>0.0</kml:value>
</kml:Data>
<kml:Data name="st_con">
<kml:value>0.0</kml:value>
</kml:Data>
<kml:Data name="remarks">
<kml:value/>
</kml:Data>
<kml:Data name="wo_id">
<kml:value>386</kml:value>
</kml:Data>
<kml:Data name="sequence"/>
</kml:ExtendedData>
<kml:Point>
<kml:coordinates>67.88539998078528,29.54355289530514</kml:coordinates>
</kml:Point>
</kml:Placemark>
<kml:Placemark id="equipment_materialized.419789">
<kml:ExtendedData>
<kml:Data name="section_id">
<kml:value>02001314140120187</kml:value>
</kml:Data>
<kml:Data name="feedercode">
<kml:value>020013</kml:value>
</kml:Data>
<kml:Data name="substation">
<kml:value>220 KV-SIBI</kml:value>
</kml:Data>
<kml:Data name="gps_no">
<kml:value>14140120187</kml:value>
</kml:Data>
<kml:Data name="s_e">
<kml:value>E</kml:value>
</kml:Data>
<kml:Data name="pole_phase">
<kml:value>R-Y-B</kml:value>
</kml:Data>
<kml:Data name="pole_use"/>
<kml:Data name="fdr_on_pol">
<kml:value>1.0</kml:value>
</kml:Data>
<kml:Data name="pol_hght">
<kml:value>36</kml:value>
</kml:Data>
<kml:Data name="pole_type">
<kml:value>PC Ordinary</kml:value>
</kml:Data>
<kml:Data name="eqp_type">
<kml:value>Primary Pole</kml:value>
</kml:Data>
<kml:Data name="eqp_number">
<kml:value/>
</kml:Data>
<kml:Data name="eqp_unit"/>
<kml:Data name="eqp_size">
<kml:value/>
</kml:Data>
<kml:Data name="eqp_phase">
<kml:value/>
</kml:Data>
<kml:Data name="eqp_use"/>
<kml:Data name="eqp_status">
<kml:value/>
</kml:Data>
<kml:Data name="trafo_mke"/>
<kml:Data name="consmr_nam">
<kml:value/>
</kml:Data>
<kml:Data name="trafo_loc">
<kml:value/>
</kml:Data>
<kml:Data name="trafo_mnt"/>
<kml:Data name="angle"/>
<kml:Data name="tap_pole"/>
<kml:Data name="end_type">
<kml:value/>
</kml:Data>
<kml:Data name="rs_con"/>
<kml:Data name="rs_con1">
<kml:value>0.0</kml:value>
</kml:Data>
<kml:Data name="rs_con3">
<kml:value>0.0</kml:value>
</kml:Data>
<kml:Data name="sc_con">
<kml:value>0.0</kml:value>
</kml:Data>
<kml:Data name="lc_con">
<kml:value>0.0</kml:value>
</kml:Data>
<kml:Data name="si_con">
<kml:value>0.0</kml:value>
</kml:Data>
<kml:Data name="li_con">
<kml:value>0.0</kml:value>
</kml:Data>
<kml:Data name="pb_con">
<kml:value>0.0</kml:value>
</kml:Data>
<kml:Data name="ag_con">
<kml:value>0.0</kml:value>
</kml:Data>
<kml:Data name="st_con">
<kml:value>0.0</kml:value>
</kml:Data>
<kml:Data name="remarks">
<kml:value/>
</kml:Data>
<kml:Data name="wo_id">
<kml:value>386</kml:value>
</kml:Data>
<kml:Data name="sequence"/>
</kml:ExtendedData>
<kml:Point>
<kml:coordinates>67.88567400236656,29.54346684530366</kml:coordinates>
</kml:Point>
</kml:Placemark>
<kml:Placemark id="equipment_materialized.419791">
<kml:ExtendedData>
<kml:Data name="section_id">
<kml:value>02001314140120189</kml:value>
</kml:Data>
<kml:Data name="feedercode">
<kml:value>020013</kml:value>
</kml:Data>
<kml:Data name="substation">
<kml:value>220 KV-SIBI</kml:value>
</kml:Data>
<kml:Data name="gps_no">
<kml:value>14140120188</kml:value>
</kml:Data>
<kml:Data name="s_e">
<kml:value/>
</kml:Data>
<kml:Data name="pole_phase">
<kml:value>R-Y-B</kml:value>
</kml:Data>
<kml:Data name="pole_use"/>
<kml:Data name="fdr_on_pol">
<kml:value>1.0</kml:value>
</kml:Data>
<kml:Data name="pol_hght">
<kml:value>36</kml:value>
</kml:Data>
<kml:Data name="pole_type">
<kml:value>PC Ordinary</kml:value>
</kml:Data>
<kml:Data name="eqp_type">
<kml:value>Primary Pole</kml:value>
</kml:Data>
<kml:Data name="eqp_number">
<kml:value/>
</kml:Data>
<kml:Data name="eqp_unit"/>
<kml:Data name="eqp_size">
<kml:value/>
</kml:Data>
<kml:Data name="eqp_phase">
<kml:value/>
</kml:Data>
<kml:Data name="eqp_use"/>
<kml:Data name="eqp_status">
<kml:value/>
</kml:Data>
<kml:Data name="trafo_mke"/>
<kml:Data name="consmr_nam">
<kml:value/>
</kml:Data>
<kml:Data name="trafo_loc">
<kml:value/>
</kml:Data>
<kml:Data name="trafo_mnt"/>
<kml:Data name="angle"/>
<kml:Data name="tap_pole"/>
<kml:Data name="end_type">
<kml:value/>
</kml:Data>
<kml:Data name="rs_con"/>
<kml:Data name="rs_con1">
<kml:value>0.0</kml:value>
</kml:Data>
<kml:Data name="rs_con3">
<kml:value>0.0</kml:value>
</kml:Data>
<kml:Data name="sc_con">
<kml:value>0.0</kml:value>
</kml:Data>
<kml:Data name="lc_con">
<kml:value>0.0</kml:value>
</kml:Data>
<kml:Data name="si_con">
<kml:value>0.0</kml:value>
</kml:Data>
<kml:Data name="li_con">
<kml:value>0.0</kml:value>
</kml:Data>
<kml:Data name="pb_con">
<kml:value>0.0</kml:value>
</kml:Data>
<kml:Data name="ag_con">
<kml:value>0.0</kml:value>
</kml:Data>
<kml:Data name="st_con">
<kml:value>0.0</kml:value>
</kml:Data>
<kml:Data name="remarks">
<kml:value/>
</kml:Data>
<kml:Data name="wo_id">
<kml:value>386</kml:value>
</kml:Data>
<kml:Data name="sequence">
<kml:value>0</kml:value>
</kml:Data>
</kml:ExtendedData>
<kml:Point>
<kml:coordinates>67.88630096705627,29.54356090154476</kml:coordinates>
</kml:Point>
</kml:Placemark>
<kml:Placemark id="equipment_materialized.419792">
<kml:ExtendedData>
<kml:Data name="section_id">
<kml:value>02001314140120189</kml:value>
</kml:Data>
<kml:Data name="feedercode">
<kml:value>020013</kml:value>
</kml:Data>
<kml:Data name="substation">
<kml:value>220 KV-SIBI</kml:value>
</kml:Data>
<kml:Data name="gps_no">
<kml:value>14140120189</kml:value>
</kml:Data>
<kml:Data name="s_e">
<kml:value>E</kml:value>
</kml:Data>
<kml:Data name="pole_phase">
<kml:value>R-Y-B</kml:value>
</kml:Data>
<kml:Data name="pole_use"/>
<kml:Data name="fdr_on_pol">
<kml:value>1.0</kml:value>
</kml:Data>
<kml:Data name="pol_hght">
<kml:value>36</kml:value>
</kml:Data>
<kml:Data name="pole_type">
<kml:value>PC Ordinary</kml:value>
</kml:Data>
<kml:Data name="eqp_type">
<kml:value>Primary Pole</kml:value>
</kml:Data>
<kml:Data name="eqp_number">
<kml:value/>
</kml:Data>
<kml:Data name="eqp_unit"/>
<kml:Data name="eqp_size">
<kml:value/>
</kml:Data>
<kml:Data name="eqp_phase">
<kml:value/>
</kml:Data>
<kml:Data name="eqp_use"/>
<kml:Data name="eqp_status">
<kml:value/>
</kml:Data>
<kml:Data name="trafo_mke"/>
<kml:Data name="consmr_nam">
<kml:value/>
</kml:Data>
<kml:Data name="trafo_loc">
<kml:value/>
</kml:Data>
<kml:Data name="trafo_mnt"/>
<kml:Data name="angle"/>
<kml:Data name="tap_pole"/>
<kml:Data name="end_type">
<kml:value>SDE</kml:value>
</kml:Data>
<kml:Data name="rs_con"/>
<kml:Data name="rs_con1">
<kml:value>0.0</kml:value>
</kml:Data>
<kml:Data name="rs_con3">
<kml:value>0.0</kml:value>
</kml:Data>
<kml:Data name="sc_con">
<kml:value>0.0</kml:value>
</kml:Data>
<kml:Data name="lc_con">
<kml:value>0.0</kml:value>
</kml:Data>
<kml:Data name="si_con">
<kml:value>0.0</kml:value>
</kml:Data>
<kml:Data name="li_con">
<kml:value>0.0</kml:value>
</kml:Data>
<kml:Data name="pb_con">
<kml:value>0.0</kml:value>
</kml:Data>
<kml:Data name="ag_con">
<kml:value>0.0</kml:value>
</kml:Data>
<kml:Data name="st_con">
<kml:value>0.0</kml:value>
</kml:Data>
<kml:Data name="remarks">
<kml:value/>
</kml:Data>
<kml:Data name="wo_id">
<kml:value>386</kml:value>
</kml:Data>
<kml:Data name="sequence"/>
</kml:ExtendedData>
<kml:Point>
<kml:coordinates>67.8868580521888,29.543674854713533</kml:coordinates>
</kml:Point>
</kml:Placemark>
<kml:Placemark id="equipment_materialized.419794">
<kml:ExtendedData>
<kml:Data name="section_id">
<kml:value>02001314140120190</kml:value>
</kml:Data>
<kml:Data name="feedercode">
<kml:value>020013</kml:value>
</kml:Data>
<kml:Data name="substation">
<kml:value>220 KV-SIBI</kml:value>
</kml:Data>
<kml:Data name="gps_no">
<kml:value>14140120190</kml:value>
</kml:Data>
<kml:Data name="s_e">
<kml:value>E</kml:value>
</kml:Data>
<kml:Data name="pole_phase">
<kml:value>R-Y-B</kml:value>
</kml:Data>
<kml:Data name="pole_use"/>
<kml:Data name="fdr_on_pol">
<kml:value>1.0</kml:value>
</kml:Data>
<kml:Data name="pol_hght">
<kml:value>36</kml:value>
</kml:Data>
<kml:Data name="pole_type">
<kml:value>PC Ordinary</kml:value>
</kml:Data>
<kml:Data name="eqp_type">
<kml:value>Transformer</kml:value>
</kml:Data>
<kml:Data name="eqp_number">
<kml:value>T-14140120190</kml:value>
</kml:Data>
<kml:Data name="eqp_unit"/>
<kml:Data name="eqp_size">
<kml:value>200</kml:value>
</kml:Data>
<kml:Data name="eqp_phase">
<kml:value>R-Y-B</kml:value>
</kml:Data>
<kml:Data name="eqp_use">
<kml:value>General Duty</kml:value>
</kml:Data>
<kml:Data name="eqp_status">
<kml:value>Connected</kml:value>
</kml:Data>
<kml:Data name="trafo_mke">
<kml:value>Siemens</kml:value>
</kml:Data>
<kml:Data name="consmr_nam">
<kml:value/>
</kml:Data>
<kml:Data name="trafo_loc">
<kml:value/>
</kml:Data>
<kml:Data name="trafo_mnt">
<kml:value>Double Pole</kml:value>
</kml:Data>
<kml:Data name="angle"/>
<kml:Data name="tap_pole"/>
<kml:Data name="end_type">
<kml:value/>
</kml:Data>
<kml:Data name="rs_con"/>
<kml:Data name="rs_con1">
<kml:value>0.0</kml:value>
</kml:Data>
<kml:Data name="rs_con3">
<kml:value>0.0</kml:value>
</kml:Data>
<kml:Data name="sc_con">
<kml:value>0.0</kml:value>
</kml:Data>
<kml:Data name="lc_con">
<kml:value>0.0</kml:value>
</kml:Data>
<kml:Data name="si_con">
<kml:value>0.0</kml:value>
</kml:Data>
<kml:Data name="li_con">
<kml:value>0.0</kml:value>
</kml:Data>
<kml:Data name="pb_con">
<kml:value>0.0</kml:value>
</kml:Data>
<kml:Data name="ag_con">
<kml:value>0.0</kml:value>
</kml:Data>
<kml:Data name="st_con">
<kml:value>0.0</kml:value>
</kml:Data>
<kml:Data name="remarks">
<kml:value/>
</kml:Data>
<kml:Data name="wo_id">
<kml:value>386</kml:value>
</kml:Data>
<kml:Data name="sequence"/>
</kml:ExtendedData>
<kml:Point>
<kml:coordinates>67.8868659655508,29.54367789904556</kml:coordinates>
</kml:Point>
</kml:Placemark>
<kml:Placemark id="equipment_materialized.419796">
<kml:ExtendedData>
<kml:Data name="section_id">
<kml:value>02001314140120191</kml:value>
</kml:Data>
<kml:Data name="feedercode">
<kml:value>020013</kml:value>
</kml:Data>
<kml:Data name="substation">
<kml:value>220 KV-SIBI</kml:value>
</kml:Data>
<kml:Data name="gps_no">
<kml:value>14140120191</kml:value>
</kml:Data>
<kml:Data name="s_e">
<kml:value>E</kml:value>
</kml:Data>
<kml:Data name="pole_phase">
<kml:value>R-Y-B</kml:value>
</kml:Data>
<kml:Data name="pole_use"/>
<kml:Data name="fdr_on_pol">
<kml:value>1.0</kml:value>
</kml:Data>
<kml:Data name="pol_hght">
<kml:value>36</kml:value>
</kml:Data>
<kml:Data name="pole_type">
<kml:value>Steel Structure</kml:value>
</kml:Data>
<kml:Data name="eqp_type">
<kml:value>Primary Pole</kml:value>
</kml:Data>
<kml:Data name="eqp_number">
<kml:value/>
</kml:Data>
<kml:Data name="eqp_unit"/>
<kml:Data name="eqp_size">
<kml:value/>
</kml:Data>
<kml:Data name="eqp_phase">
<kml:value/>
</kml:Data>
<kml:Data name="eqp_use"/>
<kml:Data name="eqp_status">
<kml:value/>
</kml:Data>
<kml:Data name="trafo_mke"/>
<kml:Data name="consmr_nam">
<kml:value/>
</kml:Data>
<kml:Data name="trafo_loc">
<kml:value/>
</kml:Data>
<kml:Data name="trafo_mnt"/>
<kml:Data name="angle"/>
<kml:Data name="tap_pole"/>
<kml:Data name="end_type">
<kml:value/>
</kml:Data>
<kml:Data name="rs_con"/>
<kml:Data name="rs_con1">
<kml:value>0.0</kml:value>
</kml:Data>
<kml:Data name="rs_con3">
<kml:value>0.0</kml:value>
</kml:Data>
<kml:Data name="sc_con">
<kml:value>0.0</kml:value>
</kml:Data>
<kml:Data name="lc_con">
<kml:value>0.0</kml:value>
</kml:Data>
<kml:Data name="si_con">
<kml:value>0.0</kml:value>
</kml:Data>
<kml:Data name="li_con">
<kml:value>0.0</kml:value>
</kml:Data>
<kml:Data name="pb_con">
<kml:value>0.0</kml:value>
</kml:Data>
<kml:Data name="ag_con">
<kml:value>0.0</kml:value>
</kml:Data>
<kml:Data name="st_con">
<kml:value>0.0</kml:value>
</kml:Data>
<kml:Data name="remarks">
<kml:value/>
</kml:Data>
<kml:Data name="wo_id">
<kml:value>386</kml:value>
</kml:Data>
<kml:Data name="sequence"/>
</kml:ExtendedData>
<kml:Point>
<kml:coordinates>67.88472799274933,29.543357925666747</kml:coordinates>
</kml:Point>
</kml:Placemark>
<kml:Placemark id="equipment_materialized.419798">
<kml:ExtendedData>
<kml:Data name="section_id">
<kml:value>02001314140120192</kml:value>
</kml:Data>
<kml:Data name="feedercode">
<kml:value>020013</kml:value>
</kml:Data>
<kml:Data name="substation">
<kml:value>220 KV-SIBI</kml:value>
</kml:Data>
<kml:Data name="gps_no">
<kml:value>14140120192</kml:value>
</kml:Data>
<kml:Data name="s_e">
<kml:value>E</kml:value>
</kml:Data>
<kml:Data name="pole_phase">
<kml:value>R-Y-B</kml:value>
</kml:Data>
<kml:Data name="pole_use"/>
<kml:Data name="fdr_on_pol">
<kml:value>1.0</kml:value>
</kml:Data>
<kml:Data name="pol_hght">
<kml:value>36</kml:value>
</kml:Data>
<kml:Data name="pole_type">
<kml:value>Steel Structure</kml:value>
</kml:Data>
<kml:Data name="eqp_type">
<kml:value>Transformer</kml:value>
</kml:Data>
<kml:Data name="eqp_number">
<kml:value>T-14140120192</kml:value>
</kml:Data>
<kml:Data name="eqp_unit"/>
<kml:Data name="eqp_size">
<kml:value>100</kml:value>
</kml:Data>
<kml:Data name="eqp_phase">
<kml:value>R-Y-B</kml:value>
</kml:Data>
<kml:Data name="eqp_use">
<kml:value>General Duty</kml:value>
</kml:Data>
<kml:Data name="eqp_status">
<kml:value>Connected</kml:value>
</kml:Data>
<kml:Data name="trafo_mke">
<kml:value>Siemens</kml:value>
</kml:Data>
<kml:Data name="consmr_nam">
<kml:value/>
</kml:Data>
<kml:Data name="trafo_loc">
<kml:value/>
</kml:Data>
<kml:Data name="trafo_mnt">
<kml:value>Double Pole</kml:value>
</kml:Data>
<kml:Data name="angle"/>
<kml:Data name="tap_pole"/>
<kml:Data name="end_type">
<kml:value/>
</kml:Data>
<kml:Data name="rs_con"/>
<kml:Data name="rs_con1">
<kml:value>0.0</kml:value>
</kml:Data>
<kml:Data name="rs_con3">
<kml:value>0.0</kml:value>
</kml:Data>
<kml:Data name="sc_con">
<kml:value>0.0</kml:value>
</kml:Data>
<kml:Data name="lc_con">
<kml:value>0.0</kml:value>
</kml:Data>
<kml:Data name="si_con">
<kml:value>0.0</kml:value>
</kml:Data>
<kml:Data name="li_con">
<kml:value>0.0</kml:value>
</kml:Data>
<kml:Data name="pb_con">
<kml:value>0.0</kml:value>
</kml:Data>
<kml:Data name="ag_con">
<kml:value>0.0</kml:value>
</kml:Data>
<kml:Data name="st_con">
<kml:value>0.0</kml:value>
</kml:Data>
<kml:Data name="remarks">
<kml:value/>
</kml:Data>
<kml:Data name="wo_id">
<kml:value>386</kml:value>
</kml:Data>
<kml:Data name="sequence"/>
</kml:ExtendedData>
<kml:Point>
<kml:coordinates>67.88470899475412,29.543339897989757</kml:coordinates>
</kml:Point>
</kml:Placemark>
<kml:Placemark id="equipment_materialized.419800">
<kml:ExtendedData>
<kml:Data name="section_id">
<kml:value>02001314140120193</kml:value>
</kml:Data>
<kml:Data name="feedercode">
<kml:value>020013</kml:value>
</kml:Data>
<kml:Data name="substation">
<kml:value>220 KV-SIBI</kml:value>
</kml:Data>
<kml:Data name="gps_no">
<kml:value>14140120193</kml:value>
</kml:Data>
<kml:Data name="s_e">
<kml:value>E</kml:value>
</kml:Data>
<kml:Data name="pole_phase">
<kml:value>R-Y-B</kml:value>
</kml:Data>
<kml:Data name="pole_use"/>
<kml:Data name="fdr_on_pol">
<kml:value>1.0</kml:value>
</kml:Data>
<kml:Data name="pol_hght">
<kml:value>36</kml:value>
</kml:Data>
<kml:Data name="pole_type">
<kml:value>Steel Structure</kml:value>
</kml:Data>
<kml:Data name="eqp_type">
<kml:value>Primary Pole</kml:value>
</kml:Data>
<kml:Data name="eqp_number">
<kml:value/>
</kml:Data>
<kml:Data name="eqp_unit"/>
<kml:Data name="eqp_size">
<kml:value/>
</kml:Data>
<kml:Data name="eqp_phase">
<kml:value/>
</kml:Data>
<kml:Data name="eqp_use"/>
<kml:Data name="eqp_status">
<kml:value/>
</kml:Data>
<kml:Data name="trafo_mke"/>
<kml:Data name="consmr_nam">
<kml:value/>
</kml:Data>
<kml:Data name="trafo_loc">
<kml:value/>
</kml:Data>
<kml:Data name="trafo_mnt"/>
<kml:Data name="angle"/>
<kml:Data name="tap_pole"/>
<kml:Data name="end_type">
<kml:value/>
</kml:Data>
<kml:Data name="rs_con"/>
<kml:Data name="rs_con1">
<kml:value>0.0</kml:value>
</kml:Data>
<kml:Data name="rs_con3">
<kml:value>0.0</kml:value>
</kml:Data>
<kml:Data name="sc_con">
<kml:value>0.0</kml:value>
</kml:Data>
<kml:Data name="lc_con">
<kml:value>0.0</kml:value>
</kml:Data>
<kml:Data name="si_con">
<kml:value>0.0</kml:value>
</kml:Data>
<kml:Data name="li_con">
<kml:value>0.0</kml:value>
</kml:Data>
<kml:Data name="pb_con">
<kml:value>0.0</kml:value>
</kml:Data>
<kml:Data name="ag_con">
<kml:value>0.0</kml:value>
</kml:Data>
<kml:Data name="st_con">
<kml:value>0.0</kml:value>
</kml:Data>
<kml:Data name="remarks">
<kml:value/>
</kml:Data>
<kml:Data name="wo_id">
<kml:value>386</kml:value>
</kml:Data>
<kml:Data name="sequence"/>
</kml:ExtendedData>
<kml:Point>
<kml:coordinates>67.88401104191318,29.54353591232904</kml:coordinates>
</kml:Point>
</kml:Placemark>
<kml:Placemark id="equipment_materialized.419802">
<kml:ExtendedData>
<kml:Data name="section_id">
<kml:value>02001314140120196</kml:value>
</kml:Data>
<kml:Data name="feedercode">
<kml:value>020013</kml:value>
</kml:Data>
<kml:Data name="substation">
<kml:value>220 KV-SIBI</kml:value>
</kml:Data>
<kml:Data name="gps_no">
<kml:value>14140120194</kml:value>
</kml:Data>
<kml:Data name="s_e">
<kml:value/>
</kml:Data>
<kml:Data name="pole_phase">
<kml:value>R-Y-B</kml:value>
</kml:Data>
<kml:Data name="pole_use"/>
<kml:Data name="fdr_on_pol">
<kml:value>1.0</kml:value>
</kml:Data>
<kml:Data name="pol_hght">
<kml:value>36</kml:value>
</kml:Data>
<kml:Data name="pole_type">
<kml:value>Steel Structure</kml:value>
</kml:Data>
<kml:Data name="eqp_type">
<kml:value>Primary Pole</kml:value>
</kml:Data>
<kml:Data name="eqp_number">
<kml:value/>
</kml:Data>
<kml:Data name="eqp_unit"/>
<kml:Data name="eqp_size">
<kml:value/>
</kml:Data>
<kml:Data name="eqp_phase">
<kml:value/>
</kml:Data>
<kml:Data name="eqp_use"/>
<kml:Data name="eqp_status">
<kml:value/>
</kml:Data>
<kml:Data name="trafo_mke"/>
<kml:Data name="consmr_nam">
<kml:value/>
</kml:Data>
<kml:Data name="trafo_loc">
<kml:value/>
</kml:Data>
<kml:Data name="trafo_mnt"/>
<kml:Data name="angle"/>
<kml:Data name="tap_pole"/>
<kml:Data name="end_type">
<kml:value/>
</kml:Data>
<kml:Data name="rs_con"/>
<kml:Data name="rs_con1">
<kml:value>0.0</kml:value>
</kml:Data>
<kml:Data name="rs_con3">
<kml:value>0.0</kml:value>
</kml:Data>
<kml:Data name="sc_con">
<kml:value>0.0</kml:value>
</kml:Data>
<kml:Data name="lc_con">
<kml:value>0.0</kml:value>
</kml:Data>
<kml:Data name="si_con">
<kml:value>0.0</kml:value>
</kml:Data>
<kml:Data name="li_con">
<kml:value>0.0</kml:value>
</kml:Data>
<kml:Data name="pb_con">
<kml:value>0.0</kml:value>
</kml:Data>
<kml:Data name="ag_con">
<kml:value>0.0</kml:value>
</kml:Data>
<kml:Data name="st_con">
<kml:value>0.0</kml:value>
</kml:Data>
<kml:Data name="remarks">
<kml:value/>
</kml:Data>
<kml:Data name="wo_id">
<kml:value>386</kml:value>
</kml:Data>
<kml:Data name="sequence">
<kml:value>0</kml:value>
</kml:Data>
</kml:ExtendedData>
<kml:Point>
<kml:coordinates>67.88404896934115,29.54383186852558</kml:coordinates>
</kml:Point>
</kml:Placemark>
<kml:Placemark id="equipment_materialized.419803">
<kml:ExtendedData>
<kml:Data name="section_id">
<kml:value>02001314140120196</kml:value>
</kml:Data>
<kml:Data name="feedercode">
<kml:value>020013</kml:value>
</kml:Data>
<kml:Data name="substation">
<kml:value>220 KV-SIBI</kml:value>
</kml:Data>
<kml:Data name="gps_no">
<kml:value>14140120195</kml:value>
</kml:Data>
<kml:Data name="s_e">
<kml:value/>
</kml:Data>
<kml:Data name="pole_phase">
<kml:value>R-Y-B</kml:value>
</kml:Data>
<kml:Data name="pole_use"/>
<kml:Data name="fdr_on_pol">
<kml:value>1.0</kml:value>
</kml:Data>
<kml:Data name="pol_hght">
<kml:value>36</kml:value>
</kml:Data>
<kml:Data name="pole_type">
<kml:value>Steel Structure</kml:value>
</kml:Data>
<kml:Data name="eqp_type">
<kml:value>Primary Pole</kml:value>
</kml:Data>
<kml:Data name="eqp_number">
<kml:value/>
</kml:Data>
<kml:Data name="eqp_unit"/>
<kml:Data name="eqp_size">
<kml:value/>
</kml:Data>
<kml:Data name="eqp_phase">
<kml:value/>
</kml:Data>
<kml:Data name="eqp_use"/>
<kml:Data name="eqp_status">
<kml:value/>
</kml:Data>
<kml:Data name="trafo_mke"/>
<kml:Data name="consmr_nam">
<kml:value/>
</kml:Data>
<kml:Data name="trafo_loc">
<kml:value/>
</kml:Data>
<kml:Data name="trafo_mnt"/>
<kml:Data name="angle"/>
<kml:Data name="tap_pole"/>
<kml:Data name="end_type">
<kml:value/>
</kml:Data>
<kml:Data name="rs_con"/>
<kml:Data name="rs_con1">
<kml:value>0.0</kml:value>
</kml:Data>
<kml:Data name="rs_con3">
<kml:value>0.0</kml:value>
</kml:Data>
<kml:Data name="sc_con">
<kml:value>0.0</kml:value>
</kml:Data>
<kml:Data name="lc_con">
<kml:value>0.0</kml:value>
</kml:Data>
<kml:Data name="si_con">
<kml:value>0.0</kml:value>
</kml:Data>
<kml:Data name="li_con">
<kml:value>0.0</kml:value>
</kml:Data>
<kml:Data name="pb_con">
<kml:value>0.0</kml:value>
</kml:Data>
<kml:Data name="ag_con">
<kml:value>0.0</kml:value>
</kml:Data>
<kml:Data name="st_con">
<kml:value>0.0</kml:value>
</kml:Data>
<kml:Data name="remarks">
<kml:value/>
</kml:Data>
<kml:Data name="wo_id">
<kml:value>386</kml:value>
</kml:Data>
<kml:Data name="sequence">
<kml:value>1</kml:value>
</kml:Data>
</kml:ExtendedData>
<kml:Point>
<kml:coordinates>67.88412395551991,29.544098897054564</kml:coordinates>
</kml:Point>
</kml:Placemark>
<kml:Placemark id="equipment_materialized.419804">
<kml:ExtendedData>
<kml:Data name="section_id">
<kml:value>02001314140120196</kml:value>
</kml:Data>
<kml:Data name="feedercode">
<kml:value>020013</kml:value>
</kml:Data>
<kml:Data name="substation">
<kml:value>220 KV-SIBI</kml:value>
</kml:Data>
<kml:Data name="gps_no">
<kml:value>14140120196</kml:value>
</kml:Data>
<kml:Data name="s_e">
<kml:value>E</kml:value>
</kml:Data>
<kml:Data name="pole_phase">
<kml:value>R-Y-B</kml:value>
</kml:Data>
<kml:Data name="pole_use"/>
<kml:Data name="fdr_on_pol">
<kml:value>1.0</kml:value>
</kml:Data>
<kml:Data name="pol_hght">
<kml:value>36</kml:value>
</kml:Data>
<kml:Data name="pole_type">
<kml:value>Steel Structure</kml:value>
</kml:Data>
<kml:Data name="eqp_type">
<kml:value>Primary Pole</kml:value>
</kml:Data>
<kml:Data name="eqp_number">
<kml:value/>
</kml:Data>
<kml:Data name="eqp_unit"/>
<kml:Data name="eqp_size">
<kml:value/>
</kml:Data>
<kml:Data name="eqp_phase">
<kml:value/>
</kml:Data>
<kml:Data name="eqp_use"/>
<kml:Data name="eqp_status">
<kml:value/>
</kml:Data>
<kml:Data name="trafo_mke"/>
<kml:Data name="consmr_nam">
<kml:value/>
</kml:Data>
<kml:Data name="trafo_loc">
<kml:value/>
</kml:Data>
<kml:Data name="trafo_mnt"/>
<kml:Data name="angle"/>
<kml:Data name="tap_pole"/>
<kml:Data name="end_type">
<kml:value/>
</kml:Data>
<kml:Data name="rs_con"/>
<kml:Data name="rs_con1">
<kml:value>0.0</kml:value>
</kml:Data>
<kml:Data name="rs_con3">
<kml:value>0.0</kml:value>
</kml:Data>
<kml:Data name="sc_con">
<kml:value>0.0</kml:value>
</kml:Data>
<kml:Data name="lc_con">
<kml:value>0.0</kml:value>
</kml:Data>
<kml:Data name="si_con">
<kml:value>0.0</kml:value>
</kml:Data>
<kml:Data name="li_con">
<kml:value>0.0</kml:value>
</kml:Data>
<kml:Data name="pb_con">
<kml:value>0.0</kml:value>
</kml:Data>
<kml:Data name="ag_con">
<kml:value>0.0</kml:value>
</kml:Data>
<kml:Data name="st_con">
<kml:value>0.0</kml:value>
</kml:Data>
<kml:Data name="remarks">
<kml:value/>
</kml:Data>
<kml:Data name="wo_id">
<kml:value>386</kml:value>
</kml:Data>
<kml:Data name="sequence"/>
</kml:ExtendedData>
<kml:Point>
<kml:coordinates>67.88424002210813,29.544468877349637</kml:coordinates>
</kml:Point>
</kml:Placemark>
<kml:Placemark id="equipment_materialized.419806">
<kml:ExtendedData>
<kml:Data name="section_id">
<kml:value>02001314140120197</kml:value>
</kml:Data>
<kml:Data name="feedercode">
<kml:value>020013</kml:value>
</kml:Data>
<kml:Data name="substation">
<kml:value>220 KV-SIBI</kml:value>
</kml:Data>
<kml:Data name="gps_no">
<kml:value>14140120197</kml:value>
</kml:Data>
<kml:Data name="s_e">
<kml:value>E</kml:value>
</kml:Data>
<kml:Data name="pole_phase">
<kml:value>R-Y-B</kml:value>
</kml:Data>
<kml:Data name="pole_use"/>
<kml:Data name="fdr_on_pol">
<kml:value>1.0</kml:value>
</kml:Data>
<kml:Data name="pol_hght">
<kml:value>36</kml:value>
</kml:Data>
<kml:Data name="pole_type">
<kml:value>Steel Structure</kml:value>
</kml:Data>
<kml:Data name="eqp_type">
<kml:value>Transformer</kml:value>
</kml:Data>
<kml:Data name="eqp_number">
<kml:value>T-14140120197</kml:value>
</kml:Data>
<kml:Data name="eqp_unit"/>
<kml:Data name="eqp_size">
<kml:value>25</kml:value>
</kml:Data>
<kml:Data name="eqp_phase">
<kml:value>R-Y-B</kml:value>
</kml:Data>
<kml:Data name="eqp_use">
<kml:value>General Duty</kml:value>
</kml:Data>
<kml:Data name="eqp_status">
<kml:value>Connected</kml:value>
</kml:Data>
<kml:Data name="trafo_mke">
<kml:value>PEL</kml:value>
</kml:Data>
<kml:Data name="consmr_nam">
<kml:value/>
</kml:Data>
<kml:Data name="trafo_loc">
<kml:value/>
</kml:Data>
<kml:Data name="trafo_mnt">
<kml:value>Single Pole</kml:value>
</kml:Data>
<kml:Data name="angle"/>
<kml:Data name="tap_pole"/>
<kml:Data name="end_type">
<kml:value/>
</kml:Data>
<kml:Data name="rs_con"/>
<kml:Data name="rs_con1">
<kml:value>0.0</kml:value>
</kml:Data>
<kml:Data name="rs_con3">
<kml:value>0.0</kml:value>
</kml:Data>
<kml:Data name="sc_con">
<kml:value>0.0</kml:value>
</kml:Data>
<kml:Data name="lc_con">
<kml:value>0.0</kml:value>
</kml:Data>
<kml:Data name="si_con">
<kml:value>0.0</kml:value>
</kml:Data>
<kml:Data name="li_con">
<kml:value>0.0</kml:value>
</kml:Data>
<kml:Data name="pb_con">
<kml:value>0.0</kml:value>
</kml:Data>
<kml:Data name="ag_con">
<kml:value>0.0</kml:value>
</kml:Data>
<kml:Data name="st_con">
<kml:value>0.0</kml:value>
</kml:Data>
<kml:Data name="remarks">
<kml:value/>
</kml:Data>
<kml:Data name="wo_id">
<kml:value>386</kml:value>
</kml:Data>
<kml:Data name="sequence"/>
</kml:ExtendedData>
<kml:Point>
<kml:coordinates>67.88424599653828,29.54446992019838</kml:coordinates>
</kml:Point>
</kml:Placemark>
<kml:Placemark id="equipment_materialized.419808">
<kml:ExtendedData>
<kml:Data name="section_id">
<kml:value>02001314140120199</kml:value>
</kml:Data>
<kml:Data name="feedercode">
<kml:value>020013</kml:value>
</kml:Data>
<kml:Data name="substation">
<kml:value>220 KV-SIBI</kml:value>
</kml:Data>
<kml:Data name="gps_no">
<kml:value>14140120198</kml:value>
</kml:Data>
<kml:Data name="s_e">
<kml:value/>
</kml:Data>
<kml:Data name="pole_phase">
<kml:value>R-Y-B</kml:value>
</kml:Data>
<kml:Data name="pole_use"/>
<kml:Data name="fdr_on_pol">
<kml:value>1.0</kml:value>
</kml:Data>
<kml:Data name="pol_hght">
<kml:value>36</kml:value>
</kml:Data>
<kml:Data name="pole_type">
<kml:value>Steel Structure</kml:value>
</kml:Data>
<kml:Data name="eqp_type">
<kml:value>Primary Pole</kml:value>
</kml:Data>
<kml:Data name="eqp_number">
<kml:value/>
</kml:Data>
<kml:Data name="eqp_unit"/>
<kml:Data name="eqp_size">
<kml:value/>
</kml:Data>
<kml:Data name="eqp_phase">
<kml:value/>
</kml:Data>
<kml:Data name="eqp_use"/>
<kml:Data name="eqp_status">
<kml:value/>
</kml:Data>
<kml:Data name="trafo_mke"/>
<kml:Data name="consmr_nam">
<kml:value/>
</kml:Data>
<kml:Data name="trafo_loc">
<kml:value/>
</kml:Data>
<kml:Data name="trafo_mnt"/>
<kml:Data name="angle"/>
<kml:Data name="tap_pole"/>
<kml:Data name="end_type">
<kml:value/>
</kml:Data>
<kml:Data name="rs_con"/>
<kml:Data name="rs_con1">
<kml:value>0.0</kml:value>
</kml:Data>
<kml:Data name="rs_con3">
<kml:value>0.0</kml:value>
</kml:Data>
<kml:Data name="sc_con">
<kml:value>0.0</kml:value>
</kml:Data>
<kml:Data name="lc_con">
<kml:value>0.0</kml:value>
</kml:Data>
<kml:Data name="si_con">
<kml:value>0.0</kml:value>
</kml:Data>
<kml:Data name="li_con">
<kml:value>0.0</kml:value>
</kml:Data>
<kml:Data name="pb_con">
<kml:value>0.0</kml:value>
</kml:Data>
<kml:Data name="ag_con">
<kml:value>0.0</kml:value>
</kml:Data>
<kml:Data name="st_con">
<kml:value>0.0</kml:value>
</kml:Data>
<kml:Data name="remarks">
<kml:value/>
</kml:Data>
<kml:Data name="wo_id">
<kml:value>386</kml:value>
</kml:Data>
<kml:Data name="sequence">
<kml:value>0</kml:value>
</kml:Data>
</kml:ExtendedData>
<kml:Point>
<kml:coordinates>67.88433896824557,29.54479088474155</kml:coordinates>
</kml:Point>
</kml:Placemark>
<kml:Placemark id="equipment_materialized.419809">
<kml:ExtendedData>
<kml:Data name="section_id">
<kml:value>02001314140120199</kml:value>
</kml:Data>
<kml:Data name="feedercode">
<kml:value>020013</kml:value>
</kml:Data>
<kml:Data name="substation">
<kml:value>220 KV-SIBI</kml:value>
</kml:Data>
<kml:Data name="gps_no">
<kml:value>14140120199</kml:value>
</kml:Data>
<kml:Data name="s_e">
<kml:value>E</kml:value>
</kml:Data>
<kml:Data name="pole_phase">
<kml:value>R-Y-B</kml:value>
</kml:Data>
<kml:Data name="pole_use"/>
<kml:Data name="fdr_on_pol">
<kml:value>1.0</kml:value>
</kml:Data>
<kml:Data name="pol_hght">
<kml:value>36</kml:value>
</kml:Data>
<kml:Data name="pole_type">
<kml:value>Steel Structure</kml:value>
</kml:Data>
<kml:Data name="eqp_type">
<kml:value>Primary Pole</kml:value>
</kml:Data>
<kml:Data name="eqp_number">
<kml:value/>
</kml:Data>
<kml:Data name="eqp_unit"/>
<kml:Data name="eqp_size">
<kml:value/>
</kml:Data>
<kml:Data name="eqp_phase">
<kml:value/>
</kml:Data>
<kml:Data name="eqp_use"/>
<kml:Data name="eqp_status">
<kml:value/>
</kml:Data>
<kml:Data name="trafo_mke"/>
<kml:Data name="consmr_nam">
<kml:value/>
</kml:Data>
<kml:Data name="trafo_loc">
<kml:value/>
</kml:Data>
<kml:Data name="trafo_mnt"/>
<kml:Data name="angle"/>
<kml:Data name="tap_pole"/>
<kml:Data name="end_type">
<kml:value/>
</kml:Data>
<kml:Data name="rs_con"/>
<kml:Data name="rs_con1">
<kml:value>0.0</kml:value>
</kml:Data>
<kml:Data name="rs_con3">
<kml:value>0.0</kml:value>
</kml:Data>
<kml:Data name="sc_con">
<kml:value>0.0</kml:value>
</kml:Data>
<kml:Data name="lc_con">
<kml:value>0.0</kml:value>
</kml:Data>
<kml:Data name="si_con">
<kml:value>0.0</kml:value>
</kml:Data>
<kml:Data name="li_con">
<kml:value>0.0</kml:value>
</kml:Data>
<kml:Data name="pb_con">
<kml:value>0.0</kml:value>
</kml:Data>
<kml:Data name="ag_con">
<kml:value>0.0</kml:value>
</kml:Data>
<kml:Data name="st_con">
<kml:value>0.0</kml:value>
</kml:Data>
<kml:Data name="remarks">
<kml:value/>
</kml:Data>
<kml:Data name="wo_id">
<kml:value>386</kml:value>
</kml:Data>
<kml:Data name="sequence"/>
</kml:ExtendedData>
<kml:Point>
<kml:coordinates>67.88442804467654,29.545165872347024</kml:coordinates>
</kml:Point>
</kml:Placemark>
<kml:Placemark id="equipment_materialized.419811">
<kml:ExtendedData>
<kml:Data name="section_id">
<kml:value>02001314140120200</kml:value>
</kml:Data>
<kml:Data name="feedercode">
<kml:value>020013</kml:value>
</kml:Data>
<kml:Data name="substation">
<kml:value>220 KV-SIBI</kml:value>
</kml:Data>
<kml:Data name="gps_no">
<kml:value>14140120200</kml:value>
</kml:Data>
<kml:Data name="s_e">
<kml:value>E</kml:value>
</kml:Data>
<kml:Data name="pole_phase">
<kml:value>R-Y-B</kml:value>
</kml:Data>
<kml:Data name="pole_use"/>
<kml:Data name="fdr_on_pol">
<kml:value>1.0</kml:value>
</kml:Data>
<kml:Data name="pol_hght">
<kml:value>36</kml:value>
</kml:Data>
<kml:Data name="pole_type">
<kml:value>Steel Structure</kml:value>
</kml:Data>
<kml:Data name="eqp_type">
<kml:value>Transformer</kml:value>
</kml:Data>
<kml:Data name="eqp_number">
<kml:value>T-14140120200</kml:value>
</kml:Data>
<kml:Data name="eqp_unit"/>
<kml:Data name="eqp_size">
<kml:value>200</kml:value>
</kml:Data>
<kml:Data name="eqp_phase">
<kml:value>R-Y-B</kml:value>
</kml:Data>
<kml:Data name="eqp_use">
<kml:value>General Duty</kml:value>
</kml:Data>
<kml:Data name="eqp_status">
<kml:value>Connected</kml:value>
</kml:Data>
<kml:Data name="trafo_mke">
<kml:value>Siemens</kml:value>
</kml:Data>
<kml:Data name="consmr_nam">
<kml:value/>
</kml:Data>
<kml:Data name="trafo_loc">
<kml:value/>
</kml:Data>
<kml:Data name="trafo_mnt">
<kml:value>Double Pole</kml:value>
</kml:Data>
<kml:Data name="angle"/>
<kml:Data name="tap_pole"/>
<kml:Data name="end_type">
<kml:value/>
</kml:Data>
<kml:Data name="rs_con"/>
<kml:Data name="rs_con1">
<kml:value>0.0</kml:value>
</kml:Data>
<kml:Data name="rs_con3">
<kml:value>0.0</kml:value>
</kml:Data>
<kml:Data name="sc_con">
<kml:value>0.0</kml:value>
</kml:Data>
<kml:Data name="lc_con">
<kml:value>0.0</kml:value>
</kml:Data>
<kml:Data name="si_con">
<kml:value>0.0</kml:value>
</kml:Data>
<kml:Data name="li_con">
<kml:value>0.0</kml:value>
</kml:Data>
<kml:Data name="pb_con">
<kml:value>0.0</kml:value>
</kml:Data>
<kml:Data name="ag_con">
<kml:value>0.0</kml:value>
</kml:Data>
<kml:Data name="st_con">
<kml:value>0.0</kml:value>
</kml:Data>
<kml:Data name="remarks">
<kml:value/>
</kml:Data>
<kml:Data name="wo_id">
<kml:value>386</kml:value>
</kml:Data>
<kml:Data name="sequence"/>
</kml:ExtendedData>
<kml:Point>
<kml:coordinates>67.884419990287,29.54515687061665</kml:coordinates>
</kml:Point>
</kml:Placemark>
<kml:Placemark id="equipment_materialized.419813">
<kml:ExtendedData>
<kml:Data name="section_id">
<kml:value>02001314140120201</kml:value>
</kml:Data>
<kml:Data name="feedercode">
<kml:value>020013</kml:value>
</kml:Data>
<kml:Data name="substation">
<kml:value>220 KV-SIBI</kml:value>
</kml:Data>
<kml:Data name="gps_no">
<kml:value>14140120201</kml:value>
</kml:Data>
<kml:Data name="s_e">
<kml:value>E</kml:value>
</kml:Data>
<kml:Data name="pole_phase">
<kml:value>R-Y-B</kml:value>
</kml:Data>
<kml:Data name="pole_use"/>
<kml:Data name="fdr_on_pol">
<kml:value>1.0</kml:value>
</kml:Data>
<kml:Data name="pol_hght">
<kml:value>36</kml:value>
</kml:Data>
<kml:Data name="pole_type">
<kml:value>PC Ordinary</kml:value>
</kml:Data>
<kml:Data name="eqp_type">
<kml:value>Primary Pole</kml:value>
</kml:Data>
<kml:Data name="eqp_number">
<kml:value/>
</kml:Data>
<kml:Data name="eqp_unit"/>
<kml:Data name="eqp_size">
<kml:value/>
</kml:Data>
<kml:Data name="eqp_phase">
<kml:value/>
</kml:Data>
<kml:Data name="eqp_use"/>
<kml:Data name="eqp_status">
<kml:value/>
</kml:Data>
<kml:Data name="trafo_mke"/>
<kml:Data name="consmr_nam">
<kml:value/>
</kml:Data>
<kml:Data name="trafo_loc">
<kml:value/>
</kml:Data>
<kml:Data name="trafo_mnt"/>
<kml:Data name="angle"/>
<kml:Data name="tap_pole"/>
<kml:Data name="end_type">
<kml:value/>
</kml:Data>
<kml:Data name="rs_con"/>
<kml:Data name="rs_con1">
<kml:value>0.0</kml:value>
</kml:Data>
<kml:Data name="rs_con3">
<kml:value>0.0</kml:value>
</kml:Data>
<kml:Data name="sc_con">
<kml:value>0.0</kml:value>
</kml:Data>
<kml:Data name="lc_con">
<kml:value>0.0</kml:value>
</kml:Data>
<kml:Data name="si_con">
<kml:value>0.0</kml:value>
</kml:Data>
<kml:Data name="li_con">
<kml:value>0.0</kml:value>
</kml:Data>
<kml:Data name="pb_con">
<kml:value>0.0</kml:value>
</kml:Data>
<kml:Data name="ag_con">
<kml:value>0.0</kml:value>
</kml:Data>
<kml:Data name="st_con">
<kml:value>0.0</kml:value>
</kml:Data>
<kml:Data name="remarks">
<kml:value/>
</kml:Data>
<kml:Data name="wo_id">
<kml:value>386</kml:value>
</kml:Data>
<kml:Data name="sequence"/>
</kml:ExtendedData>
<kml:Point>
<kml:coordinates>67.88446200371642,29.545268854538307</kml:coordinates>
</kml:Point>
</kml:Placemark>
<kml:Placemark id="equipment_materialized.419815">
<kml:ExtendedData>
<kml:Data name="section_id">
<kml:value>02001314140120203</kml:value>
</kml:Data>
<kml:Data name="feedercode">
<kml:value>020013</kml:value>
</kml:Data>
<kml:Data name="substation">
<kml:value>220 KV-SIBI</kml:value>
</kml:Data>
<kml:Data name="gps_no">
<kml:value>14140120202</kml:value>
</kml:Data>
<kml:Data name="s_e">
<kml:value/>
</kml:Data>
<kml:Data name="pole_phase">
<kml:value>R-Y-B</kml:value>
</kml:Data>
<kml:Data name="pole_use"/>
<kml:Data name="fdr_on_pol">
<kml:value>1.0</kml:value>
</kml:Data>
<kml:Data name="pol_hght">
<kml:value>36</kml:value>
</kml:Data>
<kml:Data name="pole_type">
<kml:value>PC Ordinary</kml:value>
</kml:Data>
<kml:Data name="eqp_type">
<kml:value>Primary Pole</kml:value>
</kml:Data>
<kml:Data name="eqp_number">
<kml:value/>
</kml:Data>
<kml:Data name="eqp_unit"/>
<kml:Data name="eqp_size">
<kml:value/>
</kml:Data>
<kml:Data name="eqp_phase">
<kml:value/>
</kml:Data>
<kml:Data name="eqp_use"/>
<kml:Data name="eqp_status">
<kml:value/>
</kml:Data>
<kml:Data name="trafo_mke"/>
<kml:Data name="consmr_nam">
<kml:value/>
</kml:Data>
<kml:Data name="trafo_loc">
<kml:value/>
</kml:Data>
<kml:Data name="trafo_mnt"/>
<kml:Data name="angle"/>
<kml:Data name="tap_pole"/>
<kml:Data name="end_type">
<kml:value/>
</kml:Data>
<kml:Data name="rs_con"/>
<kml:Data name="rs_con1">
<kml:value>0.0</kml:value>
</kml:Data>
<kml:Data name="rs_con3">
<kml:value>0.0</kml:value>
</kml:Data>
<kml:Data name="sc_con">
<kml:value>0.0</kml:value>
</kml:Data>
<kml:Data name="lc_con">
<kml:value>0.0</kml:value>
</kml:Data>
<kml:Data name="si_con">
<kml:value>0.0</kml:value>
</kml:Data>
<kml:Data name="li_con">
<kml:value>0.0</kml:value>
</kml:Data>
<kml:Data name="pb_con">
<kml:value>0.0</kml:value>
</kml:Data>
<kml:Data name="ag_con">
<kml:value>0.0</kml:value>
</kml:Data>
<kml:Data name="st_con">
<kml:value>0.0</kml:value>
</kml:Data>
<kml:Data name="remarks">
<kml:value/>
</kml:Data>
<kml:Data name="wo_id">
<kml:value>386</kml:value>
</kml:Data>
<kml:Data name="sequence">
<kml:value>0</kml:value>
</kml:Data>
</kml:ExtendedData>
<kml:Point>
<kml:coordinates>67.88409396106714,29.545316841729814</kml:coordinates>
</kml:Point>
</kml:Placemark>
<kml:Placemark id="equipment_materialized.419816">
<kml:ExtendedData>
<kml:Data name="section_id">
<kml:value>02001314140120203</kml:value>
</kml:Data>
<kml:Data name="feedercode">
<kml:value>020013</kml:value>
</kml:Data>
<kml:Data name="substation">
<kml:value>220 KV-SIBI</kml:value>
</kml:Data>
<kml:Data name="gps_no">
<kml:value>14140120203</kml:value>
</kml:Data>
<kml:Data name="s_e">
<kml:value>E</kml:value>
</kml:Data>
<kml:Data name="pole_phase">
<kml:value>R-Y-B</kml:value>
</kml:Data>
<kml:Data name="pole_use"/>
<kml:Data name="fdr_on_pol">
<kml:value>1.0</kml:value>
</kml:Data>
<kml:Data name="pol_hght">
<kml:value>36</kml:value>
</kml:Data>
<kml:Data name="pole_type">
<kml:value>PC Ordinary</kml:value>
</kml:Data>
<kml:Data name="eqp_type">
<kml:value>Primary Pole</kml:value>
</kml:Data>
<kml:Data name="eqp_number">
<kml:value/>
</kml:Data>
<kml:Data name="eqp_unit"/>
<kml:Data name="eqp_size">
<kml:value/>
</kml:Data>
<kml:Data name="eqp_phase">
<kml:value/>
</kml:Data>
<kml:Data name="eqp_use"/>
<kml:Data name="eqp_status">
<kml:value/>
</kml:Data>
<kml:Data name="trafo_mke"/>
<kml:Data name="consmr_nam">
<kml:value/>
</kml:Data>
<kml:Data name="trafo_loc">
<kml:value/>
</kml:Data>
<kml:Data name="trafo_mnt"/>
<kml:Data name="angle"/>
<kml:Data name="tap_pole"/>
<kml:Data name="end_type">
<kml:value>SDE</kml:value>
</kml:Data>
<kml:Data name="rs_con"/>
<kml:Data name="rs_con1">
<kml:value>0.0</kml:value>
</kml:Data>
<kml:Data name="rs_con3">
<kml:value>0.0</kml:value>
</kml:Data>
<kml:Data name="sc_con">
<kml:value>0.0</kml:value>
</kml:Data>
<kml:Data name="lc_con">
<kml:value>0.0</kml:value>
</kml:Data>
<kml:Data name="si_con">
<kml:value>0.0</kml:value>
</kml:Data>
<kml:Data name="li_con">
<kml:value>0.0</kml:value>
</kml:Data>
<kml:Data name="pb_con">
<kml:value>0.0</kml:value>
</kml:Data>
<kml:Data name="ag_con">
<kml:value>0.0</kml:value>
</kml:Data>
<kml:Data name="st_con">
<kml:value>0.0</kml:value>
</kml:Data>
<kml:Data name="remarks">
<kml:value/>
</kml:Data>
<kml:Data name="wo_id">
<kml:value>386</kml:value>
</kml:Data>
<kml:Data name="sequence"/>
</kml:ExtendedData>
<kml:Point>
<kml:coordinates>67.8837569775183,29.545402900844426</kml:coordinates>
</kml:Point>
</kml:Placemark>
<kml:Placemark id="equipment_materialized.419818">
<kml:ExtendedData>
<kml:Data name="section_id">
<kml:value>02001314140120204</kml:value>
</kml:Data>
<kml:Data name="feedercode">
<kml:value>020013</kml:value>
</kml:Data>
<kml:Data name="substation">
<kml:value>220 KV-SIBI</kml:value>
</kml:Data>
<kml:Data name="gps_no">
<kml:value>14140120204</kml:value>
</kml:Data>
<kml:Data name="s_e">
<kml:value>E</kml:value>
</kml:Data>
<kml:Data name="pole_phase">
<kml:value>R-Y-B</kml:value>
</kml:Data>
<kml:Data name="pole_use"/>
<kml:Data name="fdr_on_pol">
<kml:value>1.0</kml:value>
</kml:Data>
<kml:Data name="pol_hght">
<kml:value>36</kml:value>
</kml:Data>
<kml:Data name="pole_type">
<kml:value>PC Ordinary</kml:value>
</kml:Data>
<kml:Data name="eqp_type">
<kml:value>Transformer</kml:value>
</kml:Data>
<kml:Data name="eqp_number">
<kml:value>T-14140120204</kml:value>
</kml:Data>
<kml:Data name="eqp_unit"/>
<kml:Data name="eqp_size">
<kml:value>200</kml:value>
</kml:Data>
<kml:Data name="eqp_phase">
<kml:value>R-Y-B</kml:value>
</kml:Data>
<kml:Data name="eqp_use">
<kml:value>General Duty</kml:value>
</kml:Data>
<kml:Data name="eqp_status">
<kml:value>Connected</kml:value>
</kml:Data>
<kml:Data name="trafo_mke">
<kml:value>Siemens</kml:value>
</kml:Data>
<kml:Data name="consmr_nam">
<kml:value/>
</kml:Data>
<kml:Data name="trafo_loc">
<kml:value/>
</kml:Data>
<kml:Data name="trafo_mnt">
<kml:value>Double Pole</kml:value>
</kml:Data>
<kml:Data name="angle"/>
<kml:Data name="tap_pole"/>
<kml:Data name="end_type">
<kml:value/>
</kml:Data>
<kml:Data name="rs_con"/>
<kml:Data name="rs_con1">
<kml:value>0.0</kml:value>
</kml:Data>
<kml:Data name="rs_con3">
<kml:value>0.0</kml:value>
</kml:Data>
<kml:Data name="sc_con">
<kml:value>0.0</kml:value>
</kml:Data>
<kml:Data name="lc_con">
<kml:value>0.0</kml:value>
</kml:Data>
<kml:Data name="si_con">
<kml:value>0.0</kml:value>
</kml:Data>
<kml:Data name="li_con">
<kml:value>0.0</kml:value>
</kml:Data>
<kml:Data name="pb_con">
<kml:value>0.0</kml:value>
</kml:Data>
<kml:Data name="ag_con">
<kml:value>0.0</kml:value>
</kml:Data>
<kml:Data name="st_con">
<kml:value>0.0</kml:value>
</kml:Data>
<kml:Data name="remarks">
<kml:value/>
</kml:Data>
<kml:Data name="wo_id">
<kml:value>386</kml:value>
</kml:Data>
<kml:Data name="sequence"/>
</kml:ExtendedData>
<kml:Point>
<kml:coordinates>67.883707039908,29.54533588162214</kml:coordinates>
</kml:Point>
</kml:Placemark>
<kml:Placemark id="equipment_materialized.419820">
<kml:ExtendedData>
<kml:Data name="section_id">
<kml:value>02001314140120205</kml:value>
</kml:Data>
<kml:Data name="feedercode">
<kml:value>020013</kml:value>
</kml:Data>
<kml:Data name="substation">
<kml:value>220 KV-SIBI</kml:value>
</kml:Data>
<kml:Data name="gps_no">
<kml:value>14140120205</kml:value>
</kml:Data>
<kml:Data name="s_e">
<kml:value>E</kml:value>
</kml:Data>
<kml:Data name="pole_phase">
<kml:value>R-Y-B</kml:value>
</kml:Data>
<kml:Data name="pole_use"/>
<kml:Data name="fdr_on_pol">
<kml:value>1.0</kml:value>
</kml:Data>
<kml:Data name="pol_hght">
<kml:value>36</kml:value>
</kml:Data>
<kml:Data name="pole_type">
<kml:value>PC Ordinary</kml:value>
</kml:Data>
<kml:Data name="eqp_type">
<kml:value>Primary Pole</kml:value>
</kml:Data>
<kml:Data name="eqp_number">
<kml:value/>
</kml:Data>
<kml:Data name="eqp_unit"/>
<kml:Data name="eqp_size">
<kml:value/>
</kml:Data>
<kml:Data name="eqp_phase">
<kml:value/>
</kml:Data>
<kml:Data name="eqp_use"/>
<kml:Data name="eqp_status">
<kml:value/>
</kml:Data>
<kml:Data name="trafo_mke"/>
<kml:Data name="consmr_nam">
<kml:value/>
</kml:Data>
<kml:Data name="trafo_loc">
<kml:value/>
</kml:Data>
<kml:Data name="trafo_mnt"/>
<kml:Data name="angle"/>
<kml:Data name="tap_pole"/>
<kml:Data name="end_type">
<kml:value/>
</kml:Data>
<kml:Data name="rs_con"/>
<kml:Data name="rs_con1">
<kml:value>0.0</kml:value>
</kml:Data>
<kml:Data name="rs_con3">
<kml:value>0.0</kml:value>
</kml:Data>
<kml:Data name="sc_con">
<kml:value>0.0</kml:value>
</kml:Data>
<kml:Data name="lc_con">
<kml:value>0.0</kml:value>
</kml:Data>
<kml:Data name="si_con">
<kml:value>0.0</kml:value>
</kml:Data>
<kml:Data name="li_con">
<kml:value>0.0</kml:value>
</kml:Data>
<kml:Data name="pb_con">
<kml:value>0.0</kml:value>
</kml:Data>
<kml:Data name="ag_con">
<kml:value>0.0</kml:value>
</kml:Data>
<kml:Data name="st_con">
<kml:value>0.0</kml:value>
</kml:Data>
<kml:Data name="remarks">
<kml:value/>
</kml:Data>
<kml:Data name="wo_id">
<kml:value>386</kml:value>
</kml:Data>
<kml:Data name="sequence"/>
</kml:ExtendedData>
<kml:Point>
<kml:coordinates>67.88450999121466,29.545475914972577</kml:coordinates>
</kml:Point>
</kml:Placemark>
<kml:Placemark id="equipment_materialized.419822">
<kml:ExtendedData>
<kml:Data name="section_id">
<kml:value>02001314140120207</kml:value>
</kml:Data>
<kml:Data name="feedercode">
<kml:value>020013</kml:value>
</kml:Data>
<kml:Data name="substation">
<kml:value>220 KV-SIBI</kml:value>
</kml:Data>
<kml:Data name="gps_no">
<kml:value>14140120206</kml:value>
</kml:Data>
<kml:Data name="s_e">
<kml:value/>
</kml:Data>
<kml:Data name="pole_phase">
<kml:value>R-Y-B</kml:value>
</kml:Data>
<kml:Data name="pole_use"/>
<kml:Data name="fdr_on_pol">
<kml:value>1.0</kml:value>
</kml:Data>
<kml:Data name="pol_hght">
<kml:value>36</kml:value>
</kml:Data>
<kml:Data name="pole_type">
<kml:value>PC Ordinary</kml:value>
</kml:Data>
<kml:Data name="eqp_type">
<kml:value>Primary Pole</kml:value>
</kml:Data>
<kml:Data name="eqp_number">
<kml:value/>
</kml:Data>
<kml:Data name="eqp_unit"/>
<kml:Data name="eqp_size">
<kml:value/>
</kml:Data>
<kml:Data name="eqp_phase">
<kml:value/>
</kml:Data>
<kml:Data name="eqp_use"/>
<kml:Data name="eqp_status">
<kml:value/>
</kml:Data>
<kml:Data name="trafo_mke"/>
<kml:Data name="consmr_nam">
<kml:value/>
</kml:Data>
<kml:Data name="trafo_loc">
<kml:value/>
</kml:Data>
<kml:Data name="trafo_mnt"/>
<kml:Data name="angle"/>
<kml:Data name="tap_pole"/>
<kml:Data name="end_type">
<kml:value/>
</kml:Data>
<kml:Data name="rs_con"/>
<kml:Data name="rs_con1">
<kml:value>0.0</kml:value>
</kml:Data>
<kml:Data name="rs_con3">
<kml:value>0.0</kml:value>
</kml:Data>
<kml:Data name="sc_con">
<kml:value>0.0</kml:value>
</kml:Data>
<kml:Data name="lc_con">
<kml:value>0.0</kml:value>
</kml:Data>
<kml:Data name="si_con">
<kml:value>0.0</kml:value>
</kml:Data>
<kml:Data name="li_con">
<kml:value>0.0</kml:value>
</kml:Data>
<kml:Data name="pb_con">
<kml:value>0.0</kml:value>
</kml:Data>
<kml:Data name="ag_con">
<kml:value>0.0</kml:value>
</kml:Data>
<kml:Data name="st_con">
<kml:value>0.0</kml:value>
</kml:Data>
<kml:Data name="remarks">
<kml:value/>
</kml:Data>
<kml:Data name="wo_id">
<kml:value>386</kml:value>
</kml:Data>
<kml:Data name="sequence">
<kml:value>0</kml:value>
</kml:Data>
</kml:ExtendedData>
<kml:Point>
<kml:coordinates>67.88488305254013,29.545393856724893</kml:coordinates>
</kml:Point>
</kml:Placemark>
<kml:Placemark id="equipment_materialized.419823">
<kml:ExtendedData>
<kml:Data name="section_id">
<kml:value>02001314140120207</kml:value>
</kml:Data>
<kml:Data name="feedercode">
<kml:value>020013</kml:value>
</kml:Data>
<kml:Data name="substation">
<kml:value>220 KV-SIBI</kml:value>
</kml:Data>
<kml:Data name="gps_no">
<kml:value>14140120207</kml:value>
</kml:Data>
<kml:Data name="s_e">
<kml:value>E</kml:value>
</kml:Data>
<kml:Data name="pole_phase">
<kml:value>R-Y-B</kml:value>
</kml:Data>
<kml:Data name="pole_use"/>
<kml:Data name="fdr_on_pol">
<kml:value>1.0</kml:value>
</kml:Data>
<kml:Data name="pol_hght">
<kml:value>36</kml:value>
</kml:Data>
<kml:Data name="pole_type">
<kml:value>PC Ordinary</kml:value>
</kml:Data>
<kml:Data name="eqp_type">
<kml:value>Primary Pole</kml:value>
</kml:Data>
<kml:Data name="eqp_number">
<kml:value/>
</kml:Data>
<kml:Data name="eqp_unit"/>
<kml:Data name="eqp_size">
<kml:value/>
</kml:Data>
<kml:Data name="eqp_phase">
<kml:value/>
</kml:Data>
<kml:Data name="eqp_use"/>
<kml:Data name="eqp_status">
<kml:value/>
</kml:Data>
<kml:Data name="trafo_mke"/>
<kml:Data name="consmr_nam">
<kml:value/>
</kml:Data>
<kml:Data name="trafo_loc">
<kml:value/>
</kml:Data>
<kml:Data name="trafo_mnt"/>
<kml:Data name="angle"/>
<kml:Data name="tap_pole"/>
<kml:Data name="end_type">
<kml:value>SDE</kml:value>
</kml:Data>
<kml:Data name="rs_con"/>
<kml:Data name="rs_con1">
<kml:value>0.0</kml:value>
</kml:Data>
<kml:Data name="rs_con3">
<kml:value>0.0</kml:value>
</kml:Data>
<kml:Data name="sc_con">
<kml:value>0.0</kml:value>
</kml:Data>
<kml:Data name="lc_con">
<kml:value>0.0</kml:value>
</kml:Data>
<kml:Data name="si_con">
<kml:value>0.0</kml:value>
</kml:Data>
<kml:Data name="li_con">
<kml:value>0.0</kml:value>
</kml:Data>
<kml:Data name="pb_con">
<kml:value>0.0</kml:value>
</kml:Data>
<kml:Data name="ag_con">
<kml:value>0.0</kml:value>
</kml:Data>
<kml:Data name="st_con">
<kml:value>0.0</kml:value>
</kml:Data>
<kml:Data name="remarks">
<kml:value/>
</kml:Data>
<kml:Data name="wo_id">
<kml:value>386</kml:value>
</kml:Data>
<kml:Data name="sequence"/>
</kml:ExtendedData>
<kml:Point>
<kml:coordinates>67.88536800288492,29.545272848507338</kml:coordinates>
</kml:Point>
</kml:Placemark>
<kml:Placemark id="equipment_materialized.419825">
<kml:ExtendedData>
<kml:Data name="section_id">
<kml:value>02001314140120208</kml:value>
</kml:Data>
<kml:Data name="feedercode">
<kml:value>020013</kml:value>
</kml:Data>
<kml:Data name="substation">
<kml:value>220 KV-SIBI</kml:value>
</kml:Data>
<kml:Data name="gps_no">
<kml:value>14140120208</kml:value>
</kml:Data>
<kml:Data name="s_e">
<kml:value>E</kml:value>
</kml:Data>
<kml:Data name="pole_phase">
<kml:value>R-Y-B</kml:value>
</kml:Data>
<kml:Data name="pole_use"/>
<kml:Data name="fdr_on_pol">
<kml:value>1.0</kml:value>
</kml:Data>
<kml:Data name="pol_hght">
<kml:value>36</kml:value>
</kml:Data>
<kml:Data name="pole_type">
<kml:value>PC Ordinary</kml:value>
</kml:Data>
<kml:Data name="eqp_type">
<kml:value>Transformer</kml:value>
</kml:Data>
<kml:Data name="eqp_number">
<kml:value>T-14140120208</kml:value>
</kml:Data>
<kml:Data name="eqp_unit"/>
<kml:Data name="eqp_size">
<kml:value>100</kml:value>
</kml:Data>
<kml:Data name="eqp_phase">
<kml:value>R-Y-B</kml:value>
</kml:Data>
<kml:Data name="eqp_use">
<kml:value>General Duty</kml:value>
</kml:Data>
<kml:Data name="eqp_status">
<kml:value>Connected</kml:value>
</kml:Data>
<kml:Data name="trafo_mke">
<kml:value>Power Link</kml:value>
</kml:Data>
<kml:Data name="consmr_nam">
<kml:value/>
</kml:Data>
<kml:Data name="trafo_loc">
<kml:value/>
</kml:Data>
<kml:Data name="trafo_mnt">
<kml:value>Double Pole</kml:value>
</kml:Data>
<kml:Data name="angle"/>
<kml:Data name="tap_pole"/>
<kml:Data name="end_type">
<kml:value/>
</kml:Data>
<kml:Data name="rs_con"/>
<kml:Data name="rs_con1">
<kml:value>0.0</kml:value>
</kml:Data>
<kml:Data name="rs_con3">
<kml:value>0.0</kml:value>
</kml:Data>
<kml:Data name="sc_con">
<kml:value>0.0</kml:value>
</kml:Data>
<kml:Data name="lc_con">
<kml:value>0.0</kml:value>
</kml:Data>
<kml:Data name="si_con">
<kml:value>0.0</kml:value>
</kml:Data>
<kml:Data name="li_con">
<kml:value>0.0</kml:value>
</kml:Data>
<kml:Data name="pb_con">
<kml:value>0.0</kml:value>
</kml:Data>
<kml:Data name="ag_con">
<kml:value>0.0</kml:value>
</kml:Data>
<kml:Data name="st_con">
<kml:value>0.0</kml:value>
</kml:Data>
<kml:Data name="remarks">
<kml:value/>
</kml:Data>
<kml:Data name="wo_id">
<kml:value>386</kml:value>
</kml:Data>
<kml:Data name="sequence"/>
</kml:ExtendedData>
<kml:Point>
<kml:coordinates>67.88537795176268,29.545287912388137</kml:coordinates>
</kml:Point>
</kml:Placemark>
<kml:Placemark id="equipment_materialized.419827">
<kml:ExtendedData>
<kml:Data name="section_id">
<kml:value>02001314140120210</kml:value>
</kml:Data>
<kml:Data name="feedercode">
<kml:value>020013</kml:value>
</kml:Data>
<kml:Data name="substation">
<kml:value>220 KV-SIBI</kml:value>
</kml:Data>
<kml:Data name="gps_no">
<kml:value>14140120209</kml:value>
</kml:Data>
<kml:Data name="s_e">
<kml:value/>
</kml:Data>
<kml:Data name="pole_phase">
<kml:value>R-Y-B</kml:value>
</kml:Data>
<kml:Data name="pole_use"/>
<kml:Data name="fdr_on_pol">
<kml:value>1.0</kml:value>
</kml:Data>
<kml:Data name="pol_hght">
<kml:value>36</kml:value>
</kml:Data>
<kml:Data name="pole_type">
<kml:value>PC Ordinary</kml:value>
</kml:Data>
<kml:Data name="eqp_type">
<kml:value>Primary Pole</kml:value>
</kml:Data>
<kml:Data name="eqp_number">
<kml:value/>
</kml:Data>
<kml:Data name="eqp_unit"/>
<kml:Data name="eqp_size">
<kml:value/>
</kml:Data>
<kml:Data name="eqp_phase">
<kml:value/>
</kml:Data>
<kml:Data name="eqp_use"/>
<kml:Data name="eqp_status">
<kml:value/>
</kml:Data>
<kml:Data name="trafo_mke"/>
<kml:Data name="consmr_nam">
<kml:value/>
</kml:Data>
<kml:Data name="trafo_loc">
<kml:value/>
</kml:Data>
<kml:Data name="trafo_mnt"/>
<kml:Data name="angle"/>
<kml:Data name="tap_pole"/>
<kml:Data name="end_type">
<kml:value/>
</kml:Data>
<kml:Data name="rs_con"/>
<kml:Data name="rs_con1">
<kml:value>0.0</kml:value>
</kml:Data>
<kml:Data name="rs_con3">
<kml:value>0.0</kml:value>
</kml:Data>
<kml:Data name="sc_con">
<kml:value>0.0</kml:value>
</kml:Data>
<kml:Data name="lc_con">
<kml:value>0.0</kml:value>
</kml:Data>
<kml:Data name="si_con">
<kml:value>0.0</kml:value>
</kml:Data>
<kml:Data name="li_con">
<kml:value>0.0</kml:value>
</kml:Data>
<kml:Data name="pb_con">
<kml:value>0.0</kml:value>
</kml:Data>
<kml:Data name="ag_con">
<kml:value>0.0</kml:value>
</kml:Data>
<kml:Data name="st_con">
<kml:value>0.0</kml:value>
</kml:Data>
<kml:Data name="remarks">
<kml:value/>
</kml:Data>
<kml:Data name="wo_id">
<kml:value>386</kml:value>
</kml:Data>
<kml:Data name="sequence">
<kml:value>0</kml:value>
</kml:Data>
</kml:ExtendedData>
<kml:Point>
<kml:coordinates>67.88460100529112,29.545824928597813</kml:coordinates>
</kml:Point>
</kml:Placemark>
<kml:Placemark id="equipment_materialized.419828">
<kml:ExtendedData>
<kml:Data name="section_id">
<kml:value>02001314140120210</kml:value>
</kml:Data>
<kml:Data name="feedercode">
<kml:value>020013</kml:value>
</kml:Data>
<kml:Data name="substation">
<kml:value>220 KV-SIBI</kml:value>
</kml:Data>
<kml:Data name="gps_no">
<kml:value>14140120210</kml:value>
</kml:Data>
<kml:Data name="s_e">
<kml:value>E</kml:value>
</kml:Data>
<kml:Data name="pole_phase">
<kml:value>R-Y-B</kml:value>
</kml:Data>
<kml:Data name="pole_use"/>
<kml:Data name="fdr_on_pol">
<kml:value>1.0</kml:value>
</kml:Data>
<kml:Data name="pol_hght">
<kml:value>36</kml:value>
</kml:Data>
<kml:Data name="pole_type">
<kml:value>PC Ordinary</kml:value>
</kml:Data>
<kml:Data name="eqp_type">
<kml:value>Primary Pole</kml:value>
</kml:Data>
<kml:Data name="eqp_number">
<kml:value/>
</kml:Data>
<kml:Data name="eqp_unit"/>
<kml:Data name="eqp_size">
<kml:value/>
</kml:Data>
<kml:Data name="eqp_phase">
<kml:value/>
</kml:Data>
<kml:Data name="eqp_use"/>
<kml:Data name="eqp_status">
<kml:value/>
</kml:Data>
<kml:Data name="trafo_mke"/>
<kml:Data name="consmr_nam">
<kml:value/>
</kml:Data>
<kml:Data name="trafo_loc">
<kml:value/>
</kml:Data>
<kml:Data name="trafo_mnt"/>
<kml:Data name="angle"/>
<kml:Data name="tap_pole"/>
<kml:Data name="end_type">
<kml:value/>
</kml:Data>
<kml:Data name="rs_con"/>
<kml:Data name="rs_con1">
<kml:value>0.0</kml:value>
</kml:Data>
<kml:Data name="rs_con3">
<kml:value>0.0</kml:value>
</kml:Data>
<kml:Data name="sc_con">
<kml:value>0.0</kml:value>
</kml:Data>
<kml:Data name="lc_con">
<kml:value>0.0</kml:value>
</kml:Data>
<kml:Data name="si_con">
<kml:value>0.0</kml:value>
</kml:Data>
<kml:Data name="li_con">
<kml:value>0.0</kml:value>
</kml:Data>
<kml:Data name="pb_con">
<kml:value>0.0</kml:value>
</kml:Data>
<kml:Data name="ag_con">
<kml:value>0.0</kml:value>
</kml:Data>
<kml:Data name="st_con">
<kml:value>0.0</kml:value>
</kml:Data>
<kml:Data name="remarks">
<kml:value/>
</kml:Data>
<kml:Data name="wo_id">
<kml:value>386</kml:value>
</kml:Data>
<kml:Data name="sequence"/>
</kml:ExtendedData>
<kml:Point>
<kml:coordinates>67.88470600885198,29.546215842309064</kml:coordinates>
</kml:Point>
</kml:Placemark>
<kml:Placemark id="equipment_materialized.419830">
<kml:ExtendedData>
<kml:Data name="section_id">
<kml:value>02001314140120211</kml:value>
</kml:Data>
<kml:Data name="feedercode">
<kml:value>020013</kml:value>
</kml:Data>
<kml:Data name="substation">
<kml:value>220 KV-SIBI</kml:value>
</kml:Data>
<kml:Data name="gps_no">
<kml:value>14140120211</kml:value>
</kml:Data>
<kml:Data name="s_e">
<kml:value>E</kml:value>
</kml:Data>
<kml:Data name="pole_phase">
<kml:value>R-Y-B</kml:value>
</kml:Data>
<kml:Data name="pole_use"/>
<kml:Data name="fdr_on_pol">
<kml:value>1.0</kml:value>
</kml:Data>
<kml:Data name="pol_hght">
<kml:value>36</kml:value>
</kml:Data>
<kml:Data name="pole_type">
<kml:value>PC Ordinary</kml:value>
</kml:Data>
<kml:Data name="eqp_type">
<kml:value>Transformer</kml:value>
</kml:Data>
<kml:Data name="eqp_number">
<kml:value>T-14140120211</kml:value>
</kml:Data>
<kml:Data name="eqp_unit"/>
<kml:Data name="eqp_size">
<kml:value>50</kml:value>
</kml:Data>
<kml:Data name="eqp_phase">
<kml:value>R-Y-B</kml:value>
</kml:Data>
<kml:Data name="eqp_use">
<kml:value>General Duty</kml:value>
</kml:Data>
<kml:Data name="eqp_status">
<kml:value>Connected</kml:value>
</kml:Data>
<kml:Data name="trafo_mke">
<kml:value>PEL</kml:value>
</kml:Data>
<kml:Data name="consmr_nam">
<kml:value/>
</kml:Data>
<kml:Data name="trafo_loc">
<kml:value/>
</kml:Data>
<kml:Data name="trafo_mnt">
<kml:value>Single Pole</kml:value>
</kml:Data>
<kml:Data name="angle"/>
<kml:Data name="tap_pole"/>
<kml:Data name="end_type">
<kml:value/>
</kml:Data>
<kml:Data name="rs_con"/>
<kml:Data name="rs_con1">
<kml:value>0.0</kml:value>
</kml:Data>
<kml:Data name="rs_con3">
<kml:value>0.0</kml:value>
</kml:Data>
<kml:Data name="sc_con">
<kml:value>0.0</kml:value>
</kml:Data>
<kml:Data name="lc_con">
<kml:value>0.0</kml:value>
</kml:Data>
<kml:Data name="si_con">
<kml:value>0.0</kml:value>
</kml:Data>
<kml:Data name="li_con">
<kml:value>0.0</kml:value>
</kml:Data>
<kml:Data name="pb_con">
<kml:value>0.0</kml:value>
</kml:Data>
<kml:Data name="ag_con">
<kml:value>0.0</kml:value>
</kml:Data>
<kml:Data name="st_con">
<kml:value>0.0</kml:value>
</kml:Data>
<kml:Data name="remarks">
<kml:value/>
</kml:Data>
<kml:Data name="wo_id">
<kml:value>386</kml:value>
</kml:Data>
<kml:Data name="sequence"/>
</kml:ExtendedData>
<kml:Point>
<kml:coordinates>67.88471102357614,29.54620090399022</kml:coordinates>
</kml:Point>
</kml:Placemark>
<kml:Placemark id="equipment_materialized.419832">
<kml:ExtendedData>
<kml:Data name="section_id">
<kml:value>02001314140120213</kml:value>
</kml:Data>
<kml:Data name="feedercode">
<kml:value>020013</kml:value>
</kml:Data>
<kml:Data name="substation">
<kml:value>220 KV-SIBI</kml:value>
</kml:Data>
<kml:Data name="gps_no">
<kml:value>14140120212</kml:value>
</kml:Data>
<kml:Data name="s_e">
<kml:value/>
</kml:Data>
<kml:Data name="pole_phase">
<kml:value>R-Y-B</kml:value>
</kml:Data>
<kml:Data name="pole_use"/>
<kml:Data name="fdr_on_pol">
<kml:value>1.0</kml:value>
</kml:Data>
<kml:Data name="pol_hght">
<kml:value>36</kml:value>
</kml:Data>
<kml:Data name="pole_type">
<kml:value>PC Ordinary</kml:value>
</kml:Data>
<kml:Data name="eqp_type">
<kml:value>Primary Pole</kml:value>
</kml:Data>
<kml:Data name="eqp_number">
<kml:value/>
</kml:Data>
<kml:Data name="eqp_unit"/>
<kml:Data name="eqp_size">
<kml:value/>
</kml:Data>
<kml:Data name="eqp_phase">
<kml:value/>
</kml:Data>
<kml:Data name="eqp_use"/>
<kml:Data name="eqp_status">
<kml:value/>
</kml:Data>
<kml:Data name="trafo_mke"/>
<kml:Data name="consmr_nam">
<kml:value/>
</kml:Data>
<kml:Data name="trafo_loc">
<kml:value/>
</kml:Data>
<kml:Data name="trafo_mnt"/>
<kml:Data name="angle"/>
<kml:Data name="tap_pole"/>
<kml:Data name="end_type">
<kml:value/>
</kml:Data>
<kml:Data name="rs_con"/>
<kml:Data name="rs_con1">
<kml:value>0.0</kml:value>
</kml:Data>
<kml:Data name="rs_con3">
<kml:value>0.0</kml:value>
</kml:Data>
<kml:Data name="sc_con">
<kml:value>0.0</kml:value>
</kml:Data>
<kml:Data name="lc_con">
<kml:value>0.0</kml:value>
</kml:Data>
<kml:Data name="si_con">
<kml:value>0.0</kml:value>
</kml:Data>
<kml:Data name="li_con">
<kml:value>0.0</kml:value>
</kml:Data>
<kml:Data name="pb_con">
<kml:value>0.0</kml:value>
</kml:Data>
<kml:Data name="ag_con">
<kml:value>0.0</kml:value>
</kml:Data>
<kml:Data name="st_con">
<kml:value>0.0</kml:value>
</kml:Data>
<kml:Data name="remarks">
<kml:value/>
</kml:Data>
<kml:Data name="wo_id">
<kml:value>386</kml:value>
</kml:Data>
<kml:Data name="sequence">
<kml:value>0</kml:value>
</kml:Data>
</kml:ExtendedData>
<kml:Point>
<kml:coordinates>67.8847920125928,29.546588908733444</kml:coordinates>
</kml:Point>
</kml:Placemark>
<kml:Placemark id="equipment_materialized.419833">
<kml:ExtendedData>
<kml:Data name="section_id">
<kml:value>02001314140120213</kml:value>
</kml:Data>
<kml:Data name="feedercode">
<kml:value>020013</kml:value>
</kml:Data>
<kml:Data name="substation">
<kml:value>220 KV-SIBI</kml:value>
</kml:Data>
<kml:Data name="gps_no">
<kml:value>14140120213</kml:value>
</kml:Data>
<kml:Data name="s_e">
<kml:value>E</kml:value>
</kml:Data>
<kml:Data name="pole_phase">
<kml:value>R-Y-B</kml:value>
</kml:Data>
<kml:Data name="pole_use"/>
<kml:Data name="fdr_on_pol">
<kml:value>1.0</kml:value>
</kml:Data>
<kml:Data name="pol_hght">
<kml:value>36</kml:value>
</kml:Data>
<kml:Data name="pole_type">
<kml:value>PC Ordinary</kml:value>
</kml:Data>
<kml:Data name="eqp_type">
<kml:value>Primary Pole</kml:value>
</kml:Data>
<kml:Data name="eqp_number">
<kml:value/>
</kml:Data>
<kml:Data name="eqp_unit"/>
<kml:Data name="eqp_size">
<kml:value/>
</kml:Data>
<kml:Data name="eqp_phase">
<kml:value/>
</kml:Data>
<kml:Data name="eqp_use"/>
<kml:Data name="eqp_status">
<kml:value/>
</kml:Data>
<kml:Data name="trafo_mke"/>
<kml:Data name="consmr_nam">
<kml:value/>
</kml:Data>
<kml:Data name="trafo_loc">
<kml:value/>
</kml:Data>
<kml:Data name="trafo_mnt"/>
<kml:Data name="angle"/>
<kml:Data name="tap_pole"/>
<kml:Data name="end_type">
<kml:value/>
</kml:Data>
<kml:Data name="rs_con"/>
<kml:Data name="rs_con1">
<kml:value>0.0</kml:value>
</kml:Data>
<kml:Data name="rs_con3">
<kml:value>0.0</kml:value>
</kml:Data>
<kml:Data name="sc_con">
<kml:value>0.0</kml:value>
</kml:Data>
<kml:Data name="lc_con">
<kml:value>0.0</kml:value>
</kml:Data>
<kml:Data name="si_con">
<kml:value>0.0</kml:value>
</kml:Data>
<kml:Data name="li_con">
<kml:value>0.0</kml:value>
</kml:Data>
<kml:Data name="pb_con">
<kml:value>0.0</kml:value>
</kml:Data>
<kml:Data name="ag_con">
<kml:value>0.0</kml:value>
</kml:Data>
<kml:Data name="st_con">
<kml:value>0.0</kml:value>
</kml:Data>
<kml:Data name="remarks">
<kml:value/>
</kml:Data>
<kml:Data name="wo_id">
<kml:value>386</kml:value>
</kml:Data>
<kml:Data name="sequence"/>
</kml:ExtendedData>
<kml:Point>
<kml:coordinates>67.88491504795569,29.547057853716897</kml:coordinates>
</kml:Point>
</kml:Placemark>
<kml:Placemark id="equipment_materialized.419835">
<kml:ExtendedData>
<kml:Data name="section_id">
<kml:value>02001314140120214</kml:value>
</kml:Data>
<kml:Data name="feedercode">
<kml:value>020013</kml:value>
</kml:Data>
<kml:Data name="substation">
<kml:value>220 KV-SIBI</kml:value>
</kml:Data>
<kml:Data name="gps_no">
<kml:value>14140120214</kml:value>
</kml:Data>
<kml:Data name="s_e">
<kml:value>E</kml:value>
</kml:Data>
<kml:Data name="pole_phase">
<kml:value>R-Y-B</kml:value>
</kml:Data>
<kml:Data name="pole_use"/>
<kml:Data name="fdr_on_pol">
<kml:value>1.0</kml:value>
</kml:Data>
<kml:Data name="pol_hght">
<kml:value>36</kml:value>
</kml:Data>
<kml:Data name="pole_type">
<kml:value>PC Ordinary</kml:value>
</kml:Data>
<kml:Data name="eqp_type">
<kml:value>Primary Pole</kml:value>
</kml:Data>
<kml:Data name="eqp_number">
<kml:value/>
</kml:Data>
<kml:Data name="eqp_unit"/>
<kml:Data name="eqp_size">
<kml:value/>
</kml:Data>
<kml:Data name="eqp_phase">
<kml:value/>
</kml:Data>
<kml:Data name="eqp_use"/>
<kml:Data name="eqp_status">
<kml:value/>
</kml:Data>
<kml:Data name="trafo_mke"/>
<kml:Data name="consmr_nam">
<kml:value/>
</kml:Data>
<kml:Data name="trafo_loc">
<kml:value/>
</kml:Data>
<kml:Data name="trafo_mnt"/>
<kml:Data name="angle"/>
<kml:Data name="tap_pole"/>
<kml:Data name="end_type">
<kml:value>SDE</kml:value>
</kml:Data>
<kml:Data name="rs_con"/>
<kml:Data name="rs_con1">
<kml:value>0.0</kml:value>
</kml:Data>
<kml:Data name="rs_con3">
<kml:value>0.0</kml:value>
</kml:Data>
<kml:Data name="sc_con">
<kml:value>0.0</kml:value>
</kml:Data>
<kml:Data name="lc_con">
<kml:value>0.0</kml:value>
</kml:Data>
<kml:Data name="si_con">
<kml:value>0.0</kml:value>
</kml:Data>
<kml:Data name="li_con">
<kml:value>0.0</kml:value>
</kml:Data>
<kml:Data name="pb_con">
<kml:value>0.0</kml:value>
</kml:Data>
<kml:Data name="ag_con">
<kml:value>0.0</kml:value>
</kml:Data>
<kml:Data name="st_con">
<kml:value>0.0</kml:value>
</kml:Data>
<kml:Data name="remarks">
<kml:value/>
</kml:Data>
<kml:Data name="wo_id">
<kml:value>386</kml:value>
</kml:Data>
<kml:Data name="sequence"/>
</kml:ExtendedData>
<kml:Point>
<kml:coordinates>67.8848089942083,29.547006878458053</kml:coordinates>
</kml:Point>
</kml:Placemark>
<kml:Placemark id="equipment_materialized.419837">
<kml:ExtendedData>
<kml:Data name="section_id">
<kml:value>02001314140120215</kml:value>
</kml:Data>
<kml:Data name="feedercode">
<kml:value>020013</kml:value>
</kml:Data>
<kml:Data name="substation">
<kml:value>220 KV-SIBI</kml:value>
</kml:Data>
<kml:Data name="gps_no">
<kml:value>14140120215</kml:value>
</kml:Data>
<kml:Data name="s_e">
<kml:value>E</kml:value>
</kml:Data>
<kml:Data name="pole_phase">
<kml:value>R-Y-B</kml:value>
</kml:Data>
<kml:Data name="pole_use"/>
<kml:Data name="fdr_on_pol">
<kml:value>1.0</kml:value>
</kml:Data>
<kml:Data name="pol_hght">
<kml:value>36</kml:value>
</kml:Data>
<kml:Data name="pole_type">
<kml:value>PC Ordinary</kml:value>
</kml:Data>
<kml:Data name="eqp_type">
<kml:value>Transformer</kml:value>
</kml:Data>
<kml:Data name="eqp_number">
<kml:value>T-14140120215</kml:value>
</kml:Data>
<kml:Data name="eqp_unit"/>
<kml:Data name="eqp_size">
<kml:value>100</kml:value>
</kml:Data>
<kml:Data name="eqp_phase">
<kml:value>R-Y-B</kml:value>
</kml:Data>
<kml:Data name="eqp_use">
<kml:value>General Duty</kml:value>
</kml:Data>
<kml:Data name="eqp_status">
<kml:value>Connected</kml:value>
</kml:Data>
<kml:Data name="trafo_mke">
<kml:value>Siemens</kml:value>
</kml:Data>
<kml:Data name="consmr_nam">
<kml:value/>
</kml:Data>
<kml:Data name="trafo_loc">
<kml:value/>
</kml:Data>
<kml:Data name="trafo_mnt">
<kml:value>Double Pole</kml:value>
</kml:Data>
<kml:Data name="angle"/>
<kml:Data name="tap_pole"/>
<kml:Data name="end_type">
<kml:value/>
</kml:Data>
<kml:Data name="rs_con"/>
<kml:Data name="rs_con1">
<kml:value>0.0</kml:value>
</kml:Data>
<kml:Data name="rs_con3">
<kml:value>0.0</kml:value>
</kml:Data>
<kml:Data name="sc_con">
<kml:value>0.0</kml:value>
</kml:Data>
<kml:Data name="lc_con">
<kml:value>0.0</kml:value>
</kml:Data>
<kml:Data name="si_con">
<kml:value>0.0</kml:value>
</kml:Data>
<kml:Data name="li_con">
<kml:value>0.0</kml:value>
</kml:Data>
<kml:Data name="pb_con">
<kml:value>0.0</kml:value>
</kml:Data>
<kml:Data name="ag_con">
<kml:value>0.0</kml:value>
</kml:Data>
<kml:Data name="st_con">
<kml:value>0.0</kml:value>
</kml:Data>
<kml:Data name="remarks">
<kml:value/>
</kml:Data>
<kml:Data name="wo_id">
<kml:value>386</kml:value>
</kml:Data>
<kml:Data name="sequence"/>
</kml:ExtendedData>
<kml:Point>
<kml:coordinates>67.88479499924834,29.547021921887044</kml:coordinates>
</kml:Point>
</kml:Placemark>
<kml:Placemark id="equipment_materialized.419839">
<kml:ExtendedData>
<kml:Data name="section_id">
<kml:value>02001314140120219</kml:value>
</kml:Data>
<kml:Data name="feedercode">
<kml:value>020013</kml:value>
</kml:Data>
<kml:Data name="substation">
<kml:value>220 KV-SIBI</kml:value>
</kml:Data>
<kml:Data name="gps_no">
<kml:value>14140120216</kml:value>
</kml:Data>
<kml:Data name="s_e">
<kml:value/>
</kml:Data>
<kml:Data name="pole_phase">
<kml:value>R-Y-B</kml:value>
</kml:Data>
<kml:Data name="pole_use"/>
<kml:Data name="fdr_on_pol">
<kml:value>1.0</kml:value>
</kml:Data>
<kml:Data name="pol_hght">
<kml:value>36</kml:value>
</kml:Data>
<kml:Data name="pole_type">
<kml:value>Steel Structure</kml:value>
</kml:Data>
<kml:Data name="eqp_type">
<kml:value>Primary Pole</kml:value>
</kml:Data>
<kml:Data name="eqp_number">
<kml:value/>
</kml:Data>
<kml:Data name="eqp_unit"/>
<kml:Data name="eqp_size">
<kml:value/>
</kml:Data>
<kml:Data name="eqp_phase">
<kml:value/>
</kml:Data>
<kml:Data name="eqp_use"/>
<kml:Data name="eqp_status">
<kml:value/>
</kml:Data>
<kml:Data name="trafo_mke"/>
<kml:Data name="consmr_nam">
<kml:value/>
</kml:Data>
<kml:Data name="trafo_loc">
<kml:value/>
</kml:Data>
<kml:Data name="trafo_mnt"/>
<kml:Data name="angle"/>
<kml:Data name="tap_pole"/>
<kml:Data name="end_type">
<kml:value/>
</kml:Data>
<kml:Data name="rs_con"/>
<kml:Data name="rs_con1">
<kml:value>0.0</kml:value>
</kml:Data>
<kml:Data name="rs_con3">
<kml:value>0.0</kml:value>
</kml:Data>
<kml:Data name="sc_con">
<kml:value>0.0</kml:value>
</kml:Data>
<kml:Data name="lc_con">
<kml:value>0.0</kml:value>
</kml:Data>
<kml:Data name="si_con">
<kml:value>0.0</kml:value>
</kml:Data>
<kml:Data name="li_con">
<kml:value>0.0</kml:value>
</kml:Data>
<kml:Data name="pb_con">
<kml:value>0.0</kml:value>
</kml:Data>
<kml:Data name="ag_con">
<kml:value>0.0</kml:value>
</kml:Data>
<kml:Data name="st_con">
<kml:value>0.0</kml:value>
</kml:Data>
<kml:Data name="remarks">
<kml:value/>
</kml:Data>
<kml:Data name="wo_id">
<kml:value>386</kml:value>
</kml:Data>
<kml:Data name="sequence">
<kml:value>0</kml:value>
</kml:Data>
</kml:ExtendedData>
<kml:Point>
<kml:coordinates>67.88500599248981,29.547469856377354</kml:coordinates>
</kml:Point>
</kml:Placemark>
<kml:Placemark id="equipment_materialized.419840">
<kml:ExtendedData>
<kml:Data name="section_id">
<kml:value>02001314140120219</kml:value>
</kml:Data>
<kml:Data name="feedercode">
<kml:value>020013</kml:value>
</kml:Data>
<kml:Data name="substation">
<kml:value>220 KV-SIBI</kml:value>
</kml:Data>
<kml:Data name="gps_no">
<kml:value>14140120217</kml:value>
</kml:Data>
<kml:Data name="s_e">
<kml:value/>
</kml:Data>
<kml:Data name="pole_phase">
<kml:value>R-Y-B</kml:value>
</kml:Data>
<kml:Data name="pole_use"/>
<kml:Data name="fdr_on_pol">
<kml:value>1.0</kml:value>
</kml:Data>
<kml:Data name="pol_hght">
<kml:value>36</kml:value>
</kml:Data>
<kml:Data name="pole_type">
<kml:value>Steel Structure</kml:value>
</kml:Data>
<kml:Data name="eqp_type">
<kml:value>Primary Pole</kml:value>
</kml:Data>
<kml:Data name="eqp_number">
<kml:value/>
</kml:Data>
<kml:Data name="eqp_unit"/>
<kml:Data name="eqp_size">
<kml:value/>
</kml:Data>
<kml:Data name="eqp_phase">
<kml:value/>
</kml:Data>
<kml:Data name="eqp_use"/>
<kml:Data name="eqp_status">
<kml:value/>
</kml:Data>
<kml:Data name="trafo_mke"/>
<kml:Data name="consmr_nam">
<kml:value/>
</kml:Data>
<kml:Data name="trafo_loc">
<kml:value/>
</kml:Data>
<kml:Data name="trafo_mnt"/>
<kml:Data name="angle"/>
<kml:Data name="tap_pole"/>
<kml:Data name="end_type">
<kml:value/>
</kml:Data>
<kml:Data name="rs_con"/>
<kml:Data name="rs_con1">
<kml:value>0.0</kml:value>
</kml:Data>
<kml:Data name="rs_con3">
<kml:value>0.0</kml:value>
</kml:Data>
<kml:Data name="sc_con">
<kml:value>0.0</kml:value>
</kml:Data>
<kml:Data name="lc_con">
<kml:value>0.0</kml:value>
</kml:Data>
<kml:Data name="si_con">
<kml:value>0.0</kml:value>
</kml:Data>
<kml:Data name="li_con">
<kml:value>0.0</kml:value>
</kml:Data>
<kml:Data name="pb_con">
<kml:value>0.0</kml:value>
</kml:Data>
<kml:Data name="ag_con">
<kml:value>0.0</kml:value>
</kml:Data>
<kml:Data name="st_con">
<kml:value>0.0</kml:value>
</kml:Data>
<kml:Data name="remarks">
<kml:value/>
</kml:Data>
<kml:Data name="wo_id">
<kml:value>386</kml:value>
</kml:Data>
<kml:Data name="sequence">
<kml:value>1</kml:value>
</kml:Data>
</kml:ExtendedData>
<kml:Point>
<kml:coordinates>67.8851370020406,29.547945907042898</kml:coordinates>
</kml:Point>
</kml:Placemark>
<kml:Placemark id="equipment_materialized.419841">
<kml:ExtendedData>
<kml:Data name="section_id">
<kml:value>02001314140120219</kml:value>
</kml:Data>
<kml:Data name="feedercode">
<kml:value>020013</kml:value>
</kml:Data>
<kml:Data name="substation">
<kml:value>220 KV-SIBI</kml:value>
</kml:Data>
<kml:Data name="gps_no">
<kml:value>14140120218</kml:value>
</kml:Data>
<kml:Data name="s_e">
<kml:value/>
</kml:Data>
<kml:Data name="pole_phase">
<kml:value>R-Y-B</kml:value>
</kml:Data>
<kml:Data name="pole_use"/>
<kml:Data name="fdr_on_pol">
<kml:value>1.0</kml:value>
</kml:Data>
<kml:Data name="pol_hght">
<kml:value>36</kml:value>
</kml:Data>
<kml:Data name="pole_type">
<kml:value>Steel Structure</kml:value>
</kml:Data>
<kml:Data name="eqp_type">
<kml:value>Primary Pole</kml:value>
</kml:Data>
<kml:Data name="eqp_number">
<kml:value/>
</kml:Data>
<kml:Data name="eqp_unit"/>
<kml:Data name="eqp_size">
<kml:value/>
</kml:Data>
<kml:Data name="eqp_phase">
<kml:value/>
</kml:Data>
<kml:Data name="eqp_use"/>
<kml:Data name="eqp_status">
<kml:value/>
</kml:Data>
<kml:Data name="trafo_mke"/>
<kml:Data name="consmr_nam">
<kml:value/>
</kml:Data>
<kml:Data name="trafo_loc">
<kml:value/>
</kml:Data>
<kml:Data name="trafo_mnt"/>
<kml:Data name="angle"/>
<kml:Data name="tap_pole"/>
<kml:Data name="end_type">
<kml:value/>
</kml:Data>
<kml:Data name="rs_con"/>
<kml:Data name="rs_con1">
<kml:value>0.0</kml:value>
</kml:Data>
<kml:Data name="rs_con3">
<kml:value>0.0</kml:value>
</kml:Data>
<kml:Data name="sc_con">
<kml:value>0.0</kml:value>
</kml:Data>
<kml:Data name="lc_con">
<kml:value>0.0</kml:value>
</kml:Data>
<kml:Data name="si_con">
<kml:value>0.0</kml:value>
</kml:Data>
<kml:Data name="li_con">
<kml:value>0.0</kml:value>
</kml:Data>
<kml:Data name="pb_con">
<kml:value>0.0</kml:value>
</kml:Data>
<kml:Data name="ag_con">
<kml:value>0.0</kml:value>
</kml:Data>
<kml:Data name="st_con">
<kml:value>0.0</kml:value>
</kml:Data>
<kml:Data name="remarks">
<kml:value/>
</kml:Data>
<kml:Data name="wo_id">
<kml:value>386</kml:value>
</kml:Data>
<kml:Data name="sequence">
<kml:value>2</kml:value>
</kml:Data>
</kml:ExtendedData>
<kml:Point>
<kml:coordinates>67.8852639972497,29.548392865498514</kml:coordinates>
</kml:Point>
</kml:Placemark>
<kml:Placemark id="equipment_materialized.419842">
<kml:ExtendedData>
<kml:Data name="section_id">
<kml:value>02001314140120219</kml:value>
</kml:Data>
<kml:Data name="feedercode">
<kml:value>020013</kml:value>
</kml:Data>
<kml:Data name="substation">
<kml:value>220 KV-SIBI</kml:value>
</kml:Data>
<kml:Data name="gps_no">
<kml:value>14140120219</kml:value>
</kml:Data>
<kml:Data name="s_e">
<kml:value>E</kml:value>
</kml:Data>
<kml:Data name="pole_phase">
<kml:value>R-Y-B</kml:value>
</kml:Data>
<kml:Data name="pole_use"/>
<kml:Data name="fdr_on_pol">
<kml:value>1.0</kml:value>
</kml:Data>
<kml:Data name="pol_hght">
<kml:value>36</kml:value>
</kml:Data>
<kml:Data name="pole_type">
<kml:value>Steel Structure</kml:value>
</kml:Data>
<kml:Data name="eqp_type">
<kml:value>Primary Pole</kml:value>
</kml:Data>
<kml:Data name="eqp_number">
<kml:value/>
</kml:Data>
<kml:Data name="eqp_unit"/>
<kml:Data name="eqp_size">
<kml:value/>
</kml:Data>
<kml:Data name="eqp_phase">
<kml:value/>
</kml:Data>
<kml:Data name="eqp_use"/>
<kml:Data name="eqp_status">
<kml:value/>
</kml:Data>
<kml:Data name="trafo_mke"/>
<kml:Data name="consmr_nam">
<kml:value/>
</kml:Data>
<kml:Data name="trafo_loc">
<kml:value/>
</kml:Data>
<kml:Data name="trafo_mnt"/>
<kml:Data name="angle"/>
<kml:Data name="tap_pole"/>
<kml:Data name="end_type">
<kml:value/>
</kml:Data>
<kml:Data name="rs_con"/>
<kml:Data name="rs_con1">
<kml:value>0.0</kml:value>
</kml:Data>
<kml:Data name="rs_con3">
<kml:value>0.0</kml:value>
</kml:Data>
<kml:Data name="sc_con">
<kml:value>0.0</kml:value>
</kml:Data>
<kml:Data name="lc_con">
<kml:value>0.0</kml:value>
</kml:Data>
<kml:Data name="si_con">
<kml:value>0.0</kml:value>
</kml:Data>
<kml:Data name="li_con">
<kml:value>0.0</kml:value>
</kml:Data>
<kml:Data name="pb_con">
<kml:value>0.0</kml:value>
</kml:Data>
<kml:Data name="ag_con">
<kml:value>0.0</kml:value>
</kml:Data>
<kml:Data name="st_con">
<kml:value>0.0</kml:value>
</kml:Data>
<kml:Data name="remarks">
<kml:value/>
</kml:Data>
<kml:Data name="wo_id">
<kml:value>386</kml:value>
</kml:Data>
<kml:Data name="sequence"/>
</kml:ExtendedData>
<kml:Point>
<kml:coordinates>67.88539899545714,29.548881854163174</kml:coordinates>
</kml:Point>
</kml:Placemark>
<kml:Placemark id="equipment_materialized.419844">
<kml:ExtendedData>
<kml:Data name="section_id">
<kml:value>02001314140120220</kml:value>
</kml:Data>
<kml:Data name="feedercode">
<kml:value>020013</kml:value>
</kml:Data>
<kml:Data name="substation">
<kml:value>220 KV-SIBI</kml:value>
</kml:Data>
<kml:Data name="gps_no">
<kml:value>14140120220</kml:value>
</kml:Data>
<kml:Data name="s_e">
<kml:value>E</kml:value>
</kml:Data>
<kml:Data name="pole_phase">
<kml:value>R-Y-B</kml:value>
</kml:Data>
<kml:Data name="pole_use"/>
<kml:Data name="fdr_on_pol">
<kml:value>1.0</kml:value>
</kml:Data>
<kml:Data name="pol_hght">
<kml:value>36</kml:value>
</kml:Data>
<kml:Data name="pole_type">
<kml:value>Steel Structure</kml:value>
</kml:Data>
<kml:Data name="eqp_type">
<kml:value>Transformer</kml:value>
</kml:Data>
<kml:Data name="eqp_number">
<kml:value>T-14140120220</kml:value>
</kml:Data>
<kml:Data name="eqp_unit"/>
<kml:Data name="eqp_size">
<kml:value>50</kml:value>
</kml:Data>
<kml:Data name="eqp_phase">
<kml:value>R-Y-B</kml:value>
</kml:Data>
<kml:Data name="eqp_use">
<kml:value>General Duty</kml:value>
</kml:Data>
<kml:Data name="eqp_status">
<kml:value>Connected</kml:value>
</kml:Data>
<kml:Data name="trafo_mke">
<kml:value>Transformer Power</kml:value>
</kml:Data>
<kml:Data name="consmr_nam">
<kml:value/>
</kml:Data>
<kml:Data name="trafo_loc">
<kml:value/>
</kml:Data>
<kml:Data name="trafo_mnt">
<kml:value>Double Pole</kml:value>
</kml:Data>
<kml:Data name="angle"/>
<kml:Data name="tap_pole"/>
<kml:Data name="end_type">
<kml:value/>
</kml:Data>
<kml:Data name="rs_con"/>
<kml:Data name="rs_con1">
<kml:value>0.0</kml:value>
</kml:Data>
<kml:Data name="rs_con3">
<kml:value>0.0</kml:value>
</kml:Data>
<kml:Data name="sc_con">
<kml:value>0.0</kml:value>
</kml:Data>
<kml:Data name="lc_con">
<kml:value>0.0</kml:value>
</kml:Data>
<kml:Data name="si_con">
<kml:value>0.0</kml:value>
</kml:Data>
<kml:Data name="li_con">
<kml:value>0.0</kml:value>
</kml:Data>
<kml:Data name="pb_con">
<kml:value>0.0</kml:value>
</kml:Data>
<kml:Data name="ag_con">
<kml:value>0.0</kml:value>
</kml:Data>
<kml:Data name="st_con">
<kml:value>0.0</kml:value>
</kml:Data>
<kml:Data name="remarks">
<kml:value/>
</kml:Data>
<kml:Data name="wo_id">
<kml:value>386</kml:value>
</kml:Data>
<kml:Data name="sequence"/>
</kml:ExtendedData>
<kml:Point>
<kml:coordinates>67.88538799564729,29.548877881410935</kml:coordinates>
</kml:Point>
</kml:Placemark>
<kml:Placemark id="equipment_materialized.419846">
<kml:ExtendedData>
<kml:Data name="section_id">
<kml:value>02001314140120222</kml:value>
</kml:Data>
<kml:Data name="feedercode">
<kml:value>020013</kml:value>
</kml:Data>
<kml:Data name="substation">
<kml:value>220 KV-SIBI</kml:value>
</kml:Data>
<kml:Data name="gps_no">
<kml:value>14140120221</kml:value>
</kml:Data>
<kml:Data name="s_e">
<kml:value/>
</kml:Data>
<kml:Data name="pole_phase">
<kml:value>R-Y-B</kml:value>
</kml:Data>
<kml:Data name="pole_use"/>
<kml:Data name="fdr_on_pol">
<kml:value>1.0</kml:value>
</kml:Data>
<kml:Data name="pol_hght">
<kml:value>36</kml:value>
</kml:Data>
<kml:Data name="pole_type">
<kml:value>Steel Structure</kml:value>
</kml:Data>
<kml:Data name="eqp_type">
<kml:value>Primary Pole</kml:value>
</kml:Data>
<kml:Data name="eqp_number">
<kml:value/>
</kml:Data>
<kml:Data name="eqp_unit"/>
<kml:Data name="eqp_size">
<kml:value/>
</kml:Data>
<kml:Data name="eqp_phase">
<kml:value/>
</kml:Data>
<kml:Data name="eqp_use"/>
<kml:Data name="eqp_status">
<kml:value/>
</kml:Data>
<kml:Data name="trafo_mke"/>
<kml:Data name="consmr_nam">
<kml:value/>
</kml:Data>
<kml:Data name="trafo_loc">
<kml:value/>
</kml:Data>
<kml:Data name="trafo_mnt"/>
<kml:Data name="angle"/>
<kml:Data name="tap_pole"/>
<kml:Data name="end_type">
<kml:value/>
</kml:Data>
<kml:Data name="rs_con"/>
<kml:Data name="rs_con1">
<kml:value>0.0</kml:value>
</kml:Data>
<kml:Data name="rs_con3">
<kml:value>0.0</kml:value>
</kml:Data>
<kml:Data name="sc_con">
<kml:value>0.0</kml:value>
</kml:Data>
<kml:Data name="lc_con">
<kml:value>0.0</kml:value>
</kml:Data>
<kml:Data name="si_con">
<kml:value>0.0</kml:value>
</kml:Data>
<kml:Data name="li_con">
<kml:value>0.0</kml:value>
</kml:Data>
<kml:Data name="pb_con">
<kml:value>0.0</kml:value>
</kml:Data>
<kml:Data name="ag_con">
<kml:value>0.0</kml:value>
</kml:Data>
<kml:Data name="st_con">
<kml:value>0.0</kml:value>
</kml:Data>
<kml:Data name="remarks">
<kml:value/>
</kml:Data>
<kml:Data name="wo_id">
<kml:value>386</kml:value>
</kml:Data>
<kml:Data name="sequence">
<kml:value>0</kml:value>
</kml:Data>
</kml:ExtendedData>
<kml:Point>
<kml:coordinates>67.88608301579326,29.54880185979067</kml:coordinates>
</kml:Point>
</kml:Placemark>
<kml:Placemark id="equipment_materialized.419847">
<kml:ExtendedData>
<kml:Data name="section_id">
<kml:value>02001314140120222</kml:value>
</kml:Data>
<kml:Data name="feedercode">
<kml:value>020013</kml:value>
</kml:Data>
<kml:Data name="substation">
<kml:value>220 KV-SIBI</kml:value>
</kml:Data>
<kml:Data name="gps_no">
<kml:value>14140120222</kml:value>
</kml:Data>
<kml:Data name="s_e">
<kml:value>E</kml:value>
</kml:Data>
<kml:Data name="pole_phase">
<kml:value>R-Y-B</kml:value>
</kml:Data>
<kml:Data name="pole_use"/>
<kml:Data name="fdr_on_pol">
<kml:value>1.0</kml:value>
</kml:Data>
<kml:Data name="pol_hght">
<kml:value>36</kml:value>
</kml:Data>
<kml:Data name="pole_type">
<kml:value>PC Ordinary</kml:value>
</kml:Data>
<kml:Data name="eqp_type">
<kml:value>Primary Pole</kml:value>
</kml:Data>
<kml:Data name="eqp_number">
<kml:value/>
</kml:Data>
<kml:Data name="eqp_unit"/>
<kml:Data name="eqp_size">
<kml:value/>
</kml:Data>
<kml:Data name="eqp_phase">
<kml:value/>
</kml:Data>
<kml:Data name="eqp_use"/>
<kml:Data name="eqp_status">
<kml:value/>
</kml:Data>
<kml:Data name="trafo_mke"/>
<kml:Data name="consmr_nam">
<kml:value/>
</kml:Data>
<kml:Data name="trafo_loc">
<kml:value/>
</kml:Data>
<kml:Data name="trafo_mnt"/>
<kml:Data name="angle"/>
<kml:Data name="tap_pole"/>
<kml:Data name="end_type">
<kml:value>SDE</kml:value>
</kml:Data>
<kml:Data name="rs_con"/>
<kml:Data name="rs_con1">
<kml:value>0.0</kml:value>
</kml:Data>
<kml:Data name="rs_con3">
<kml:value>0.0</kml:value>
</kml:Data>
<kml:Data name="sc_con">
<kml:value>0.0</kml:value>
</kml:Data>
<kml:Data name="lc_con">
<kml:value>0.0</kml:value>
</kml:Data>
<kml:Data name="si_con">
<kml:value>0.0</kml:value>
</kml:Data>
<kml:Data name="li_con">
<kml:value>0.0</kml:value>
</kml:Data>
<kml:Data name="pb_con">
<kml:value>0.0</kml:value>
</kml:Data>
<kml:Data name="ag_con">
<kml:value>0.0</kml:value>
</kml:Data>
<kml:Data name="st_con">
<kml:value>0.0</kml:value>
</kml:Data>
<kml:Data name="remarks">
<kml:value/>
</kml:Data>
<kml:Data name="wo_id">
<kml:value>386</kml:value>
</kml:Data>
<kml:Data name="sequence"/>
</kml:ExtendedData>
<kml:Point>
<kml:coordinates>67.88658896543025,29.54879084978969</kml:coordinates>
</kml:Point>
</kml:Placemark>
<kml:Placemark id="equipment_materialized.419849">
<kml:ExtendedData>
<kml:Data name="section_id">
<kml:value>02001314140120223</kml:value>
</kml:Data>
<kml:Data name="feedercode">
<kml:value>020013</kml:value>
</kml:Data>
<kml:Data name="substation">
<kml:value>220 KV-SIBI</kml:value>
</kml:Data>
<kml:Data name="gps_no">
<kml:value>14140120223</kml:value>
</kml:Data>
<kml:Data name="s_e">
<kml:value>E</kml:value>
</kml:Data>
<kml:Data name="pole_phase">
<kml:value>R-Y-B</kml:value>
</kml:Data>
<kml:Data name="pole_use"/>
<kml:Data name="fdr_on_pol">
<kml:value>1.0</kml:value>
</kml:Data>
<kml:Data name="pol_hght">
<kml:value>36</kml:value>
</kml:Data>
<kml:Data name="pole_type">
<kml:value>PC Ordinary</kml:value>
</kml:Data>
<kml:Data name="eqp_type">
<kml:value>Transformer</kml:value>
</kml:Data>
<kml:Data name="eqp_number">
<kml:value>T-14140120223</kml:value>
</kml:Data>
<kml:Data name="eqp_unit"/>
<kml:Data name="eqp_size">
<kml:value>100</kml:value>
</kml:Data>
<kml:Data name="eqp_phase">
<kml:value>R-Y-B</kml:value>
</kml:Data>
<kml:Data name="eqp_use">
<kml:value>General Duty</kml:value>
</kml:Data>
<kml:Data name="eqp_status">
<kml:value>Connected</kml:value>
</kml:Data>
<kml:Data name="trafo_mke">
<kml:value>Siemens</kml:value>
</kml:Data>
<kml:Data name="consmr_nam">
<kml:value/>
</kml:Data>
<kml:Data name="trafo_loc">
<kml:value/>
</kml:Data>
<kml:Data name="trafo_mnt">
<kml:value>Double Pole</kml:value>
</kml:Data>
<kml:Data name="angle"/>
<kml:Data name="tap_pole"/>
<kml:Data name="end_type">
<kml:value/>
</kml:Data>
<kml:Data name="rs_con"/>
<kml:Data name="rs_con1">
<kml:value>0.0</kml:value>
</kml:Data>
<kml:Data name="rs_con3">
<kml:value>0.0</kml:value>
</kml:Data>
<kml:Data name="sc_con">
<kml:value>0.0</kml:value>
</kml:Data>
<kml:Data name="lc_con">
<kml:value>0.0</kml:value>
</kml:Data>
<kml:Data name="si_con">
<kml:value>0.0</kml:value>
</kml:Data>
<kml:Data name="li_con">
<kml:value>0.0</kml:value>
</kml:Data>
<kml:Data name="pb_con">
<kml:value>0.0</kml:value>
</kml:Data>
<kml:Data name="ag_con">
<kml:value>0.0</kml:value>
</kml:Data>
<kml:Data name="st_con">
<kml:value>0.0</kml:value>
</kml:Data>
<kml:Data name="remarks">
<kml:value/>
</kml:Data>
<kml:Data name="wo_id">
<kml:value>386</kml:value>
</kml:Data>
<kml:Data name="sequence"/>
</kml:ExtendedData>
<kml:Point>
<kml:coordinates>67.8865859812052,29.548808873470886</kml:coordinates>
</kml:Point>
</kml:Placemark>
<kml:Placemark id="equipment_materialized.419851">
<kml:ExtendedData>
<kml:Data name="section_id">
<kml:value>02001314140120227</kml:value>
</kml:Data>
<kml:Data name="feedercode">
<kml:value>020013</kml:value>
</kml:Data>
<kml:Data name="substation">
<kml:value>220 KV-SIBI</kml:value>
</kml:Data>
<kml:Data name="gps_no">
<kml:value>14140120224</kml:value>
</kml:Data>
<kml:Data name="s_e">
<kml:value/>
</kml:Data>
<kml:Data name="pole_phase">
<kml:value>R-Y-B</kml:value>
</kml:Data>
<kml:Data name="pole_use"/>
<kml:Data name="fdr_on_pol">
<kml:value>1.0</kml:value>
</kml:Data>
<kml:Data name="pol_hght">
<kml:value>36</kml:value>
</kml:Data>
<kml:Data name="pole_type">
<kml:value>Steel Structure</kml:value>
</kml:Data>
<kml:Data name="eqp_type">
<kml:value>Primary Pole</kml:value>
</kml:Data>
<kml:Data name="eqp_number">
<kml:value/>
</kml:Data>
<kml:Data name="eqp_unit"/>
<kml:Data name="eqp_size">
<kml:value/>
</kml:Data>
<kml:Data name="eqp_phase">
<kml:value/>
</kml:Data>
<kml:Data name="eqp_use"/>
<kml:Data name="eqp_status">
<kml:value/>
</kml:Data>
<kml:Data name="trafo_mke"/>
<kml:Data name="consmr_nam">
<kml:value/>
</kml:Data>
<kml:Data name="trafo_loc">
<kml:value/>
</kml:Data>
<kml:Data name="trafo_mnt"/>
<kml:Data name="angle"/>
<kml:Data name="tap_pole"/>
<kml:Data name="end_type">
<kml:value/>
</kml:Data>
<kml:Data name="rs_con"/>
<kml:Data name="rs_con1">
<kml:value>0.0</kml:value>
</kml:Data>
<kml:Data name="rs_con3">
<kml:value>0.0</kml:value>
</kml:Data>
<kml:Data name="sc_con">
<kml:value>0.0</kml:value>
</kml:Data>
<kml:Data name="lc_con">
<kml:value>0.0</kml:value>
</kml:Data>
<kml:Data name="si_con">
<kml:value>0.0</kml:value>
</kml:Data>
<kml:Data name="li_con">
<kml:value>0.0</kml:value>
</kml:Data>
<kml:Data name="pb_con">
<kml:value>0.0</kml:value>
</kml:Data>
<kml:Data name="ag_con">
<kml:value>0.0</kml:value>
</kml:Data>
<kml:Data name="st_con">
<kml:value>0.0</kml:value>
</kml:Data>
<kml:Data name="remarks">
<kml:value/>
</kml:Data>
<kml:Data name="wo_id">
<kml:value>386</kml:value>
</kml:Data>
<kml:Data name="sequence">
<kml:value>0</kml:value>
</kml:Data>
</kml:ExtendedData>
<kml:Point>
<kml:coordinates>67.88550500335258,29.549322860710948</kml:coordinates>
</kml:Point>
</kml:Placemark>
<kml:Placemark id="equipment_materialized.419852">
<kml:ExtendedData>
<kml:Data name="section_id">
<kml:value>02001314140120227</kml:value>
</kml:Data>
<kml:Data name="feedercode">
<kml:value>020013</kml:value>
</kml:Data>
<kml:Data name="substation">
<kml:value>220 KV-SIBI</kml:value>
</kml:Data>
<kml:Data name="gps_no">
<kml:value>14140120225</kml:value>
</kml:Data>
<kml:Data name="s_e">
<kml:value/>
</kml:Data>
<kml:Data name="pole_phase">
<kml:value>R-Y-B</kml:value>
</kml:Data>
<kml:Data name="pole_use"/>
<kml:Data name="fdr_on_pol">
<kml:value>1.0</kml:value>
</kml:Data>
<kml:Data name="pol_hght">
<kml:value>36</kml:value>
</kml:Data>
<kml:Data name="pole_type">
<kml:value>Steel Structure</kml:value>
</kml:Data>
<kml:Data name="eqp_type">
<kml:value>Primary Pole</kml:value>
</kml:Data>
<kml:Data name="eqp_number">
<kml:value/>
</kml:Data>
<kml:Data name="eqp_unit"/>
<kml:Data name="eqp_size">
<kml:value/>
</kml:Data>
<kml:Data name="eqp_phase">
<kml:value/>
</kml:Data>
<kml:Data name="eqp_use"/>
<kml:Data name="eqp_status">
<kml:value/>
</kml:Data>
<kml:Data name="trafo_mke"/>
<kml:Data name="consmr_nam">
<kml:value/>
</kml:Data>
<kml:Data name="trafo_loc">
<kml:value/>
</kml:Data>
<kml:Data name="trafo_mnt"/>
<kml:Data name="angle"/>
<kml:Data name="tap_pole"/>
<kml:Data name="end_type">
<kml:value/>
</kml:Data>
<kml:Data name="rs_con"/>
<kml:Data name="rs_con1">
<kml:value>0.0</kml:value>
</kml:Data>
<kml:Data name="rs_con3">
<kml:value>0.0</kml:value>
</kml:Data>
<kml:Data name="sc_con">
<kml:value>0.0</kml:value>
</kml:Data>
<kml:Data name="lc_con">
<kml:value>0.0</kml:value>
</kml:Data>
<kml:Data name="si_con">
<kml:value>0.0</kml:value>
</kml:Data>
<kml:Data name="li_con">
<kml:value>0.0</kml:value>
</kml:Data>
<kml:Data name="pb_con">
<kml:value>0.0</kml:value>
</kml:Data>
<kml:Data name="ag_con">
<kml:value>0.0</kml:value>
</kml:Data>
<kml:Data name="st_con">
<kml:value>0.0</kml:value>
</kml:Data>
<kml:Data name="remarks">
<kml:value/>
</kml:Data>
<kml:Data name="wo_id">
<kml:value>386</kml:value>
</kml:Data>
<kml:Data name="sequence">
<kml:value>1</kml:value>
</kml:Data>
</kml:ExtendedData>
<kml:Point>
<kml:coordinates>67.88564498172589,29.54979086416235</kml:coordinates>
</kml:Point>
</kml:Placemark>
<kml:Placemark id="equipment_materialized.419853">
<kml:ExtendedData>
<kml:Data name="section_id">
<kml:value>02001314140120227</kml:value>
</kml:Data>
<kml:Data name="feedercode">
<kml:value>020013</kml:value>
</kml:Data>
<kml:Data name="substation">
<kml:value>220 KV-SIBI</kml:value>
</kml:Data>
<kml:Data name="gps_no">
<kml:value>14140120226</kml:value>
</kml:Data>
<kml:Data name="s_e">
<kml:value/>
</kml:Data>
<kml:Data name="pole_phase">
<kml:value>R-Y-B</kml:value>
</kml:Data>
<kml:Data name="pole_use"/>
<kml:Data name="fdr_on_pol">
<kml:value>1.0</kml:value>
</kml:Data>
<kml:Data name="pol_hght">
<kml:value>36</kml:value>
</kml:Data>
<kml:Data name="pole_type">
<kml:value>Steel Structure</kml:value>
</kml:Data>
<kml:Data name="eqp_type">
<kml:value>Primary Pole</kml:value>
</kml:Data>
<kml:Data name="eqp_number">
<kml:value/>
</kml:Data>
<kml:Data name="eqp_unit"/>
<kml:Data name="eqp_size">
<kml:value/>
</kml:Data>
<kml:Data name="eqp_phase">
<kml:value/>
</kml:Data>
<kml:Data name="eqp_use"/>
<kml:Data name="eqp_status">
<kml:value/>
</kml:Data>
<kml:Data name="trafo_mke"/>
<kml:Data name="consmr_nam">
<kml:value/>
</kml:Data>
<kml:Data name="trafo_loc">
<kml:value/>
</kml:Data>
<kml:Data name="trafo_mnt"/>
<kml:Data name="angle"/>
<kml:Data name="tap_pole"/>
<kml:Data name="end_type">
<kml:value/>
</kml:Data>
<kml:Data name="rs_con"/>
<kml:Data name="rs_con1">
<kml:value>0.0</kml:value>
</kml:Data>
<kml:Data name="rs_con3">
<kml:value>0.0</kml:value>
</kml:Data>
<kml:Data name="sc_con">
<kml:value>0.0</kml:value>
</kml:Data>
<kml:Data name="lc_con">
<kml:value>0.0</kml:value>
</kml:Data>
<kml:Data name="si_con">
<kml:value>0.0</kml:value>
</kml:Data>
<kml:Data name="li_con">
<kml:value>0.0</kml:value>
</kml:Data>
<kml:Data name="pb_con">
<kml:value>0.0</kml:value>
</kml:Data>
<kml:Data name="ag_con">
<kml:value>0.0</kml:value>
</kml:Data>
<kml:Data name="st_con">
<kml:value>0.0</kml:value>
</kml:Data>
<kml:Data name="remarks">
<kml:value/>
</kml:Data>
<kml:Data name="wo_id">
<kml:value>386</kml:value>
</kml:Data>
<kml:Data name="sequence">
<kml:value>2</kml:value>
</kml:Data>
</kml:ExtendedData>
<kml:Point>
<kml:coordinates>67.88576301012957,29.55025588581643</kml:coordinates>
</kml:Point>
</kml:Placemark>
<kml:Placemark id="equipment_materialized.419854">
<kml:ExtendedData>
<kml:Data name="section_id">
<kml:value>02001314140120227</kml:value>
</kml:Data>
<kml:Data name="feedercode">
<kml:value>020013</kml:value>
</kml:Data>
<kml:Data name="substation">
<kml:value>220 KV-SIBI</kml:value>
</kml:Data>
<kml:Data name="gps_no">
<kml:value>14140120227</kml:value>
</kml:Data>
<kml:Data name="s_e">
<kml:value>E</kml:value>
</kml:Data>
<kml:Data name="pole_phase">
<kml:value>R-Y-B</kml:value>
</kml:Data>
<kml:Data name="pole_use"/>
<kml:Data name="fdr_on_pol">
<kml:value>1.0</kml:value>
</kml:Data>
<kml:Data name="pol_hght">
<kml:value>36</kml:value>
</kml:Data>
<kml:Data name="pole_type">
<kml:value>Steel Structure</kml:value>
</kml:Data>
<kml:Data name="eqp_type">
<kml:value>Primary Pole</kml:value>
</kml:Data>
<kml:Data name="eqp_number">
<kml:value/>
</kml:Data>
<kml:Data name="eqp_unit"/>
<kml:Data name="eqp_size">
<kml:value/>
</kml:Data>
<kml:Data name="eqp_phase">
<kml:value/>
</kml:Data>
<kml:Data name="eqp_use"/>
<kml:Data name="eqp_status">
<kml:value/>
</kml:Data>
<kml:Data name="trafo_mke"/>
<kml:Data name="consmr_nam">
<kml:value/>
</kml:Data>
<kml:Data name="trafo_loc">
<kml:value/>
</kml:Data>
<kml:Data name="trafo_mnt"/>
<kml:Data name="angle"/>
<kml:Data name="tap_pole"/>
<kml:Data name="end_type">
<kml:value/>
</kml:Data>
<kml:Data name="rs_con"/>
<kml:Data name="rs_con1">
<kml:value>0.0</kml:value>
</kml:Data>
<kml:Data name="rs_con3">
<kml:value>0.0</kml:value>
</kml:Data>
<kml:Data name="sc_con">
<kml:value>0.0</kml:value>
</kml:Data>
<kml:Data name="lc_con">
<kml:value>0.0</kml:value>
</kml:Data>
<kml:Data name="si_con">
<kml:value>0.0</kml:value>
</kml:Data>
<kml:Data name="li_con">
<kml:value>0.0</kml:value>
</kml:Data>
<kml:Data name="pb_con">
<kml:value>0.0</kml:value>
</kml:Data>
<kml:Data name="ag_con">
<kml:value>0.0</kml:value>
</kml:Data>
<kml:Data name="st_con">
<kml:value>0.0</kml:value>
</kml:Data>
<kml:Data name="remarks">
<kml:value/>
</kml:Data>
<kml:Data name="wo_id">
<kml:value>386</kml:value>
</kml:Data>
<kml:Data name="sequence"/>
</kml:ExtendedData>
<kml:Point>
<kml:coordinates>67.88593100762802,29.55095487636467</kml:coordinates>
</kml:Point>
</kml:Placemark>
<kml:Placemark id="equipment_materialized.419856">
<kml:ExtendedData>
<kml:Data name="section_id">
<kml:value>02001314140120228</kml:value>
</kml:Data>
<kml:Data name="feedercode">
<kml:value>020013</kml:value>
</kml:Data>
<kml:Data name="substation">
<kml:value>220 KV-SIBI</kml:value>
</kml:Data>
<kml:Data name="gps_no">
<kml:value>14140120228</kml:value>
</kml:Data>
<kml:Data name="s_e">
<kml:value>E</kml:value>
</kml:Data>
<kml:Data name="pole_phase">
<kml:value>R-Y-B</kml:value>
</kml:Data>
<kml:Data name="pole_use"/>
<kml:Data name="fdr_on_pol">
<kml:value>1.0</kml:value>
</kml:Data>
<kml:Data name="pol_hght">
<kml:value>36</kml:value>
</kml:Data>
<kml:Data name="pole_type">
<kml:value>Steel Structure</kml:value>
</kml:Data>
<kml:Data name="eqp_type">
<kml:value>Primary Pole</kml:value>
</kml:Data>
<kml:Data name="eqp_number">
<kml:value/>
</kml:Data>
<kml:Data name="eqp_unit"/>
<kml:Data name="eqp_size">
<kml:value/>
</kml:Data>
<kml:Data name="eqp_phase">
<kml:value/>
</kml:Data>
<kml:Data name="eqp_use"/>
<kml:Data name="eqp_status">
<kml:value/>
</kml:Data>
<kml:Data name="trafo_mke"/>
<kml:Data name="consmr_nam">
<kml:value/>
</kml:Data>
<kml:Data name="trafo_loc">
<kml:value/>
</kml:Data>
<kml:Data name="trafo_mnt"/>
<kml:Data name="angle"/>
<kml:Data name="tap_pole"/>
<kml:Data name="end_type">
<kml:value/>
</kml:Data>
<kml:Data name="rs_con"/>
<kml:Data name="rs_con1">
<kml:value>0.0</kml:value>
</kml:Data>
<kml:Data name="rs_con3">
<kml:value>0.0</kml:value>
</kml:Data>
<kml:Data name="sc_con">
<kml:value>0.0</kml:value>
</kml:Data>
<kml:Data name="lc_con">
<kml:value>0.0</kml:value>
</kml:Data>
<kml:Data name="si_con">
<kml:value>0.0</kml:value>
</kml:Data>
<kml:Data name="li_con">
<kml:value>0.0</kml:value>
</kml:Data>
<kml:Data name="pb_con">
<kml:value>0.0</kml:value>
</kml:Data>
<kml:Data name="ag_con">
<kml:value>0.0</kml:value>
</kml:Data>
<kml:Data name="st_con">
<kml:value>0.0</kml:value>
</kml:Data>
<kml:Data name="remarks">
<kml:value/>
</kml:Data>
<kml:Data name="wo_id">
<kml:value>386</kml:value>
</kml:Data>
<kml:Data name="sequence"/>
</kml:ExtendedData>
<kml:Point>
<kml:coordinates>67.88614999228838,29.550985861206026</kml:coordinates>
</kml:Point>
</kml:Placemark>
<kml:Placemark id="equipment_materialized.419858">
<kml:ExtendedData>
<kml:Data name="section_id">
<kml:value>02001314140120229</kml:value>
</kml:Data>
<kml:Data name="feedercode">
<kml:value>020013</kml:value>
</kml:Data>
<kml:Data name="substation">
<kml:value>220 KV-SIBI</kml:value>
</kml:Data>
<kml:Data name="gps_no">
<kml:value>14140120229</kml:value>
</kml:Data>
<kml:Data name="s_e">
<kml:value>E</kml:value>
</kml:Data>
<kml:Data name="pole_phase">
<kml:value>R-Y-B</kml:value>
</kml:Data>
<kml:Data name="pole_use"/>
<kml:Data name="fdr_on_pol">
<kml:value>1.0</kml:value>
</kml:Data>
<kml:Data name="pol_hght">
<kml:value>36</kml:value>
</kml:Data>
<kml:Data name="pole_type">
<kml:value>Steel Structure</kml:value>
</kml:Data>
<kml:Data name="eqp_type">
<kml:value>Transformer</kml:value>
</kml:Data>
<kml:Data name="eqp_number">
<kml:value>T-14140120229</kml:value>
</kml:Data>
<kml:Data name="eqp_unit"/>
<kml:Data name="eqp_size">
<kml:value>50</kml:value>
</kml:Data>
<kml:Data name="eqp_phase">
<kml:value>R-Y-B</kml:value>
</kml:Data>
<kml:Data name="eqp_use">
<kml:value>General Duty</kml:value>
</kml:Data>
<kml:Data name="eqp_status">
<kml:value>Connected</kml:value>
</kml:Data>
<kml:Data name="trafo_mke"/>
<kml:Data name="consmr_nam">
<kml:value/>
</kml:Data>
<kml:Data name="trafo_loc">
<kml:value/>
</kml:Data>
<kml:Data name="trafo_mnt">
<kml:value>Double Pole</kml:value>
</kml:Data>
<kml:Data name="angle"/>
<kml:Data name="tap_pole"/>
<kml:Data name="end_type">
<kml:value/>
</kml:Data>
<kml:Data name="rs_con"/>
<kml:Data name="rs_con1">
<kml:value>0.0</kml:value>
</kml:Data>
<kml:Data name="rs_con3">
<kml:value>0.0</kml:value>
</kml:Data>
<kml:Data name="sc_con">
<kml:value>0.0</kml:value>
</kml:Data>
<kml:Data name="lc_con">
<kml:value>0.0</kml:value>
</kml:Data>
<kml:Data name="si_con">
<kml:value>0.0</kml:value>
</kml:Data>
<kml:Data name="li_con">
<kml:value>0.0</kml:value>
</kml:Data>
<kml:Data name="pb_con">
<kml:value>0.0</kml:value>
</kml:Data>
<kml:Data name="ag_con">
<kml:value>0.0</kml:value>
</kml:Data>
<kml:Data name="st_con">
<kml:value>0.0</kml:value>
</kml:Data>
<kml:Data name="remarks">
<kml:value/>
</kml:Data>
<kml:Data name="wo_id">
<kml:value>386</kml:value>
</kml:Data>
<kml:Data name="sequence"/>
</kml:ExtendedData>
<kml:Point>
<kml:coordinates>67.88614995440132,29.550979904822697</kml:coordinates>
</kml:Point>
</kml:Placemark>
<kml:Placemark id="equipment_materialized.419860">
<kml:ExtendedData>
<kml:Data name="section_id">
<kml:value>02001314140120231</kml:value>
</kml:Data>
<kml:Data name="feedercode">
<kml:value>020013</kml:value>
</kml:Data>
<kml:Data name="substation">
<kml:value>220 KV-SIBI</kml:value>
</kml:Data>
<kml:Data name="gps_no">
<kml:value>14140120230</kml:value>
</kml:Data>
<kml:Data name="s_e">
<kml:value/>
</kml:Data>
<kml:Data name="pole_phase">
<kml:value>R-Y-B</kml:value>
</kml:Data>
<kml:Data name="pole_use"/>
<kml:Data name="fdr_on_pol">
<kml:value>1.0</kml:value>
</kml:Data>
<kml:Data name="pol_hght">
<kml:value>36</kml:value>
</kml:Data>
<kml:Data name="pole_type">
<kml:value>Steel Structure</kml:value>
</kml:Data>
<kml:Data name="eqp_type">
<kml:value>Primary Pole</kml:value>
</kml:Data>
<kml:Data name="eqp_number">
<kml:value/>
</kml:Data>
<kml:Data name="eqp_unit"/>
<kml:Data name="eqp_size">
<kml:value/>
</kml:Data>
<kml:Data name="eqp_phase">
<kml:value/>
</kml:Data>
<kml:Data name="eqp_use"/>
<kml:Data name="eqp_status">
<kml:value/>
</kml:Data>
<kml:Data name="trafo_mke"/>
<kml:Data name="consmr_nam">
<kml:value/>
</kml:Data>
<kml:Data name="trafo_loc">
<kml:value/>
</kml:Data>
<kml:Data name="trafo_mnt"/>
<kml:Data name="angle"/>
<kml:Data name="tap_pole"/>
<kml:Data name="end_type">
<kml:value/>
</kml:Data>
<kml:Data name="rs_con"/>
<kml:Data name="rs_con1">
<kml:value>0.0</kml:value>
</kml:Data>
<kml:Data name="rs_con3">
<kml:value>0.0</kml:value>
</kml:Data>
<kml:Data name="sc_con">
<kml:value>0.0</kml:value>
</kml:Data>
<kml:Data name="lc_con">
<kml:value>0.0</kml:value>
</kml:Data>
<kml:Data name="si_con">
<kml:value>0.0</kml:value>
</kml:Data>
<kml:Data name="li_con">
<kml:value>0.0</kml:value>
</kml:Data>
<kml:Data name="pb_con">
<kml:value>0.0</kml:value>
</kml:Data>
<kml:Data name="ag_con">
<kml:value>0.0</kml:value>
</kml:Data>
<kml:Data name="st_con">
<kml:value>0.0</kml:value>
</kml:Data>
<kml:Data name="remarks">
<kml:value/>
</kml:Data>
<kml:Data name="wo_id">
<kml:value>386</kml:value>
</kml:Data>
<kml:Data name="sequence">
<kml:value>0</kml:value>
</kml:Data>
</kml:ExtendedData>
<kml:Point>
<kml:coordinates>67.88689598390162,29.550921904354418</kml:coordinates>
</kml:Point>
</kml:Placemark>
<kml:Placemark id="equipment_materialized.419861">
<kml:ExtendedData>
<kml:Data name="section_id">
<kml:value>02001314140120231</kml:value>
</kml:Data>
<kml:Data name="feedercode">
<kml:value>020013</kml:value>
</kml:Data>
<kml:Data name="substation">
<kml:value>220 KV-SIBI</kml:value>
</kml:Data>
<kml:Data name="gps_no">
<kml:value>14140120231</kml:value>
</kml:Data>
<kml:Data name="s_e">
<kml:value>E</kml:value>
</kml:Data>
<kml:Data name="pole_phase">
<kml:value>R-Y-B</kml:value>
</kml:Data>
<kml:Data name="pole_use"/>
<kml:Data name="fdr_on_pol">
<kml:value>1.0</kml:value>
</kml:Data>
<kml:Data name="pol_hght">
<kml:value>36</kml:value>
</kml:Data>
<kml:Data name="pole_type">
<kml:value>Steel Structure</kml:value>
</kml:Data>
<kml:Data name="eqp_type">
<kml:value>Primary Pole</kml:value>
</kml:Data>
<kml:Data name="eqp_number">
<kml:value/>
</kml:Data>
<kml:Data name="eqp_unit"/>
<kml:Data name="eqp_size">
<kml:value/>
</kml:Data>
<kml:Data name="eqp_phase">
<kml:value/>
</kml:Data>
<kml:Data name="eqp_use"/>
<kml:Data name="eqp_status">
<kml:value/>
</kml:Data>
<kml:Data name="trafo_mke"/>
<kml:Data name="consmr_nam">
<kml:value/>
</kml:Data>
<kml:Data name="trafo_loc">
<kml:value/>
</kml:Data>
<kml:Data name="trafo_mnt"/>
<kml:Data name="angle"/>
<kml:Data name="tap_pole"/>
<kml:Data name="end_type">
<kml:value/>
</kml:Data>
<kml:Data name="rs_con"/>
<kml:Data name="rs_con1">
<kml:value>0.0</kml:value>
</kml:Data>
<kml:Data name="rs_con3">
<kml:value>0.0</kml:value>
</kml:Data>
<kml:Data name="sc_con">
<kml:value>0.0</kml:value>
</kml:Data>
<kml:Data name="lc_con">
<kml:value>0.0</kml:value>
</kml:Data>
<kml:Data name="si_con">
<kml:value>0.0</kml:value>
</kml:Data>
<kml:Data name="li_con">
<kml:value>0.0</kml:value>
</kml:Data>
<kml:Data name="pb_con">
<kml:value>0.0</kml:value>
</kml:Data>
<kml:Data name="ag_con">
<kml:value>0.0</kml:value>
</kml:Data>
<kml:Data name="st_con">
<kml:value>0.0</kml:value>
</kml:Data>
<kml:Data name="remarks">
<kml:value/>
</kml:Data>
<kml:Data name="wo_id">
<kml:value>386</kml:value>
</kml:Data>
<kml:Data name="sequence"/>
</kml:ExtendedData>
<kml:Point>
<kml:coordinates>67.88728895845364,29.55092691101136</kml:coordinates>
</kml:Point>
</kml:Placemark>
<kml:Placemark id="equipment_materialized.419863">
<kml:ExtendedData>
<kml:Data name="section_id">
<kml:value>02001314140120233</kml:value>
</kml:Data>
<kml:Data name="feedercode">
<kml:value>020013</kml:value>
</kml:Data>
<kml:Data name="substation">
<kml:value>220 KV-SIBI</kml:value>
</kml:Data>
<kml:Data name="gps_no">
<kml:value>14140120232</kml:value>
</kml:Data>
<kml:Data name="s_e">
<kml:value/>
</kml:Data>
<kml:Data name="pole_phase">
<kml:value>R-Y-B</kml:value>
</kml:Data>
<kml:Data name="pole_use"/>
<kml:Data name="fdr_on_pol">
<kml:value>1.0</kml:value>
</kml:Data>
<kml:Data name="pol_hght">
<kml:value>36</kml:value>
</kml:Data>
<kml:Data name="pole_type">
<kml:value>Steel Structure</kml:value>
</kml:Data>
<kml:Data name="eqp_type">
<kml:value>Primary Pole</kml:value>
</kml:Data>
<kml:Data name="eqp_number">
<kml:value/>
</kml:Data>
<kml:Data name="eqp_unit"/>
<kml:Data name="eqp_size">
<kml:value/>
</kml:Data>
<kml:Data name="eqp_phase">
<kml:value/>
</kml:Data>
<kml:Data name="eqp_use"/>
<kml:Data name="eqp_status">
<kml:value/>
</kml:Data>
<kml:Data name="trafo_mke"/>
<kml:Data name="consmr_nam">
<kml:value/>
</kml:Data>
<kml:Data name="trafo_loc">
<kml:value/>
</kml:Data>
<kml:Data name="trafo_mnt"/>
<kml:Data name="angle"/>
<kml:Data name="tap_pole"/>
<kml:Data name="end_type">
<kml:value/>
</kml:Data>
<kml:Data name="rs_con"/>
<kml:Data name="rs_con1">
<kml:value>0.0</kml:value>
</kml:Data>
<kml:Data name="rs_con3">
<kml:value>0.0</kml:value>
</kml:Data>
<kml:Data name="sc_con">
<kml:value>0.0</kml:value>
</kml:Data>
<kml:Data name="lc_con">
<kml:value>0.0</kml:value>
</kml:Data>
<kml:Data name="si_con">
<kml:value>0.0</kml:value>
</kml:Data>
<kml:Data name="li_con">
<kml:value>0.0</kml:value>
</kml:Data>
<kml:Data name="pb_con">
<kml:value>0.0</kml:value>
</kml:Data>
<kml:Data name="ag_con">
<kml:value>0.0</kml:value>
</kml:Data>
<kml:Data name="st_con">
<kml:value>0.0</kml:value>
</kml:Data>
<kml:Data name="remarks">
<kml:value/>
</kml:Data>
<kml:Data name="wo_id">
<kml:value>386</kml:value>
</kml:Data>
<kml:Data name="sequence">
<kml:value>0</kml:value>
</kml:Data>
</kml:ExtendedData>
<kml:Point>
<kml:coordinates>67.88745103405958,29.551526853129513</kml:coordinates>
</kml:Point>
</kml:Placemark>
<kml:Placemark id="equipment_materialized.419864">
<kml:ExtendedData>
<kml:Data name="section_id">
<kml:value>02001314140120233</kml:value>
</kml:Data>
<kml:Data name="feedercode">
<kml:value>020013</kml:value>
</kml:Data>
<kml:Data name="substation">
<kml:value>220 KV-SIBI</kml:value>
</kml:Data>
<kml:Data name="gps_no">
<kml:value>14140120233</kml:value>
</kml:Data>
<kml:Data name="s_e">
<kml:value>E</kml:value>
</kml:Data>
<kml:Data name="pole_phase">
<kml:value>R-Y-B</kml:value>
</kml:Data>
<kml:Data name="pole_use"/>
<kml:Data name="fdr_on_pol">
<kml:value>1.0</kml:value>
</kml:Data>
<kml:Data name="pol_hght">
<kml:value>36</kml:value>
</kml:Data>
<kml:Data name="pole_type">
<kml:value>Steel Structure</kml:value>
</kml:Data>
<kml:Data name="eqp_type">
<kml:value>Primary Pole</kml:value>
</kml:Data>
<kml:Data name="eqp_number">
<kml:value/>
</kml:Data>
<kml:Data name="eqp_unit"/>
<kml:Data name="eqp_size">
<kml:value/>
</kml:Data>
<kml:Data name="eqp_phase">
<kml:value/>
</kml:Data>
<kml:Data name="eqp_use"/>
<kml:Data name="eqp_status">
<kml:value/>
</kml:Data>
<kml:Data name="trafo_mke"/>
<kml:Data name="consmr_nam">
<kml:value/>
</kml:Data>
<kml:Data name="trafo_loc">
<kml:value/>
</kml:Data>
<kml:Data name="trafo_mnt"/>
<kml:Data name="angle"/>
<kml:Data name="tap_pole"/>
<kml:Data name="end_type">
<kml:value/>
</kml:Data>
<kml:Data name="rs_con"/>
<kml:Data name="rs_con1">
<kml:value>0.0</kml:value>
</kml:Data>
<kml:Data name="rs_con3">
<kml:value>0.0</kml:value>
</kml:Data>
<kml:Data name="sc_con">
<kml:value>0.0</kml:value>
</kml:Data>
<kml:Data name="lc_con">
<kml:value>0.0</kml:value>
</kml:Data>
<kml:Data name="si_con">
<kml:value>0.0</kml:value>
</kml:Data>
<kml:Data name="li_con">
<kml:value>0.0</kml:value>
</kml:Data>
<kml:Data name="pb_con">
<kml:value>0.0</kml:value>
</kml:Data>
<kml:Data name="ag_con">
<kml:value>0.0</kml:value>
</kml:Data>
<kml:Data name="st_con">
<kml:value>0.0</kml:value>
</kml:Data>
<kml:Data name="remarks">
<kml:value/>
</kml:Data>
<kml:Data name="wo_id">
<kml:value>386</kml:value>
</kml:Data>
<kml:Data name="sequence"/>
</kml:ExtendedData>
<kml:Point>
<kml:coordinates>67.88733097707646,29.552112881136008</kml:coordinates>
</kml:Point>
</kml:Placemark>
<kml:Placemark id="equipment_materialized.419866">
<kml:ExtendedData>
<kml:Data name="section_id">
<kml:value>02001314140120236</kml:value>
</kml:Data>
<kml:Data name="feedercode">
<kml:value>020013</kml:value>
</kml:Data>
<kml:Data name="substation">
<kml:value>220 KV-SIBI</kml:value>
</kml:Data>
<kml:Data name="gps_no">
<kml:value>14140120234</kml:value>
</kml:Data>
<kml:Data name="s_e">
<kml:value/>
</kml:Data>
<kml:Data name="pole_phase">
<kml:value>R-Y-B</kml:value>
</kml:Data>
<kml:Data name="pole_use"/>
<kml:Data name="fdr_on_pol">
<kml:value>1.0</kml:value>
</kml:Data>
<kml:Data name="pol_hght">
<kml:value>36</kml:value>
</kml:Data>
<kml:Data name="pole_type">
<kml:value>Steel Structure</kml:value>
</kml:Data>
<kml:Data name="eqp_type">
<kml:value>Primary Pole</kml:value>
</kml:Data>
<kml:Data name="eqp_number">
<kml:value/>
</kml:Data>
<kml:Data name="eqp_unit"/>
<kml:Data name="eqp_size">
<kml:value/>
</kml:Data>
<kml:Data name="eqp_phase">
<kml:value/>
</kml:Data>
<kml:Data name="eqp_use"/>
<kml:Data name="eqp_status">
<kml:value/>
</kml:Data>
<kml:Data name="trafo_mke"/>
<kml:Data name="consmr_nam">
<kml:value/>
</kml:Data>
<kml:Data name="trafo_loc">
<kml:value/>
</kml:Data>
<kml:Data name="trafo_mnt"/>
<kml:Data name="angle"/>
<kml:Data name="tap_pole"/>
<kml:Data name="end_type">
<kml:value/>
</kml:Data>
<kml:Data name="rs_con"/>
<kml:Data name="rs_con1">
<kml:value>0.0</kml:value>
</kml:Data>
<kml:Data name="rs_con3">
<kml:value>0.0</kml:value>
</kml:Data>
<kml:Data name="sc_con">
<kml:value>0.0</kml:value>
</kml:Data>
<kml:Data name="lc_con">
<kml:value>0.0</kml:value>
</kml:Data>
<kml:Data name="si_con">
<kml:value>0.0</kml:value>
</kml:Data>
<kml:Data name="li_con">
<kml:value>0.0</kml:value>
</kml:Data>
<kml:Data name="pb_con">
<kml:value>0.0</kml:value>
</kml:Data>
<kml:Data name="ag_con">
<kml:value>0.0</kml:value>
</kml:Data>
<kml:Data name="st_con">
<kml:value>0.0</kml:value>
</kml:Data>
<kml:Data name="remarks">
<kml:value/>
</kml:Data>
<kml:Data name="wo_id">
<kml:value>386</kml:value>
</kml:Data>
<kml:Data name="sequence">
<kml:value>0</kml:value>
</kml:Data>
</kml:ExtendedData>
<kml:Point>
<kml:coordinates>67.88731298335809,29.55260591071418</kml:coordinates>
</kml:Point>
</kml:Placemark>
<kml:Placemark id="equipment_materialized.419867">
<kml:ExtendedData>
<kml:Data name="section_id">
<kml:value>02001314140120236</kml:value>
</kml:Data>
<kml:Data name="feedercode">
<kml:value>020013</kml:value>
</kml:Data>
<kml:Data name="substation">
<kml:value>220 KV-SIBI</kml:value>
</kml:Data>
<kml:Data name="gps_no">
<kml:value>14140120235</kml:value>
</kml:Data>
<kml:Data name="s_e">
<kml:value/>
</kml:Data>
<kml:Data name="pole_phase">
<kml:value>R-Y-B</kml:value>
</kml:Data>
<kml:Data name="pole_use"/>
<kml:Data name="fdr_on_pol">
<kml:value>1.0</kml:value>
</kml:Data>
<kml:Data name="pol_hght">
<kml:value>36</kml:value>
</kml:Data>
<kml:Data name="pole_type">
<kml:value>Steel Structure</kml:value>
</kml:Data>
<kml:Data name="eqp_type">
<kml:value>Primary Pole</kml:value>
</kml:Data>
<kml:Data name="eqp_number">
<kml:value/>
</kml:Data>
<kml:Data name="eqp_unit"/>
<kml:Data name="eqp_size">
<kml:value/>
</kml:Data>
<kml:Data name="eqp_phase">
<kml:value/>
</kml:Data>
<kml:Data name="eqp_use"/>
<kml:Data name="eqp_status">
<kml:value/>
</kml:Data>
<kml:Data name="trafo_mke"/>
<kml:Data name="consmr_nam">
<kml:value/>
</kml:Data>
<kml:Data name="trafo_loc">
<kml:value/>
</kml:Data>
<kml:Data name="trafo_mnt"/>
<kml:Data name="angle"/>
<kml:Data name="tap_pole"/>
<kml:Data name="end_type">
<kml:value/>
</kml:Data>
<kml:Data name="rs_con"/>
<kml:Data name="rs_con1">
<kml:value>0.0</kml:value>
</kml:Data>
<kml:Data name="rs_con3">
<kml:value>0.0</kml:value>
</kml:Data>
<kml:Data name="sc_con">
<kml:value>0.0</kml:value>
</kml:Data>
<kml:Data name="lc_con">
<kml:value>0.0</kml:value>
</kml:Data>
<kml:Data name="si_con">
<kml:value>0.0</kml:value>
</kml:Data>
<kml:Data name="li_con">
<kml:value>0.0</kml:value>
</kml:Data>
<kml:Data name="pb_con">
<kml:value>0.0</kml:value>
</kml:Data>
<kml:Data name="ag_con">
<kml:value>0.0</kml:value>
</kml:Data>
<kml:Data name="st_con">
<kml:value>0.0</kml:value>
</kml:Data>
<kml:Data name="remarks">
<kml:value/>
</kml:Data>
<kml:Data name="wo_id">
<kml:value>386</kml:value>
</kml:Data>
<kml:Data name="sequence">
<kml:value>1</kml:value>
</kml:Data>
</kml:ExtendedData>
<kml:Point>
<kml:coordinates>67.88728301265189,29.553268858512254</kml:coordinates>
</kml:Point>
</kml:Placemark>
<kml:Placemark id="equipment_materialized.419868">
<kml:ExtendedData>
<kml:Data name="section_id">
<kml:value>02001314140120236</kml:value>
</kml:Data>
<kml:Data name="feedercode">
<kml:value>020013</kml:value>
</kml:Data>
<kml:Data name="substation">
<kml:value>220 KV-SIBI</kml:value>
</kml:Data>
<kml:Data name="gps_no">
<kml:value>14140120236</kml:value>
</kml:Data>
<kml:Data name="s_e">
<kml:value>E</kml:value>
</kml:Data>
<kml:Data name="pole_phase">
<kml:value>R-Y-B</kml:value>
</kml:Data>
<kml:Data name="pole_use"/>
<kml:Data name="fdr_on_pol">
<kml:value>1.0</kml:value>
</kml:Data>
<kml:Data name="pol_hght">
<kml:value>36</kml:value>
</kml:Data>
<kml:Data name="pole_type">
<kml:value>Steel Structure</kml:value>
</kml:Data>
<kml:Data name="eqp_type">
<kml:value>Primary Pole</kml:value>
</kml:Data>
<kml:Data name="eqp_number">
<kml:value/>
</kml:Data>
<kml:Data name="eqp_unit"/>
<kml:Data name="eqp_size">
<kml:value/>
</kml:Data>
<kml:Data name="eqp_phase">
<kml:value/>
</kml:Data>
<kml:Data name="eqp_use"/>
<kml:Data name="eqp_status">
<kml:value/>
</kml:Data>
<kml:Data name="trafo_mke"/>
<kml:Data name="consmr_nam">
<kml:value/>
</kml:Data>
<kml:Data name="trafo_loc">
<kml:value/>
</kml:Data>
<kml:Data name="trafo_mnt"/>
<kml:Data name="angle"/>
<kml:Data name="tap_pole"/>
<kml:Data name="end_type">
<kml:value/>
</kml:Data>
<kml:Data name="rs_con"/>
<kml:Data name="rs_con1">
<kml:value>0.0</kml:value>
</kml:Data>
<kml:Data name="rs_con3">
<kml:value>0.0</kml:value>
</kml:Data>
<kml:Data name="sc_con">
<kml:value>0.0</kml:value>
</kml:Data>
<kml:Data name="lc_con">
<kml:value>0.0</kml:value>
</kml:Data>
<kml:Data name="si_con">
<kml:value>0.0</kml:value>
</kml:Data>
<kml:Data name="li_con">
<kml:value>0.0</kml:value>
</kml:Data>
<kml:Data name="pb_con">
<kml:value>0.0</kml:value>
</kml:Data>
<kml:Data name="ag_con">
<kml:value>0.0</kml:value>
</kml:Data>
<kml:Data name="st_con">
<kml:value>0.0</kml:value>
</kml:Data>
<kml:Data name="remarks">
<kml:value/>
</kml:Data>
<kml:Data name="wo_id">
<kml:value>386</kml:value>
</kml:Data>
<kml:Data name="sequence"/>
</kml:ExtendedData>
<kml:Point>
<kml:coordinates>67.88713003863802,29.553900905271103</kml:coordinates>
</kml:Point>
</kml:Placemark>
<kml:Placemark id="equipment_materialized.419870">
<kml:ExtendedData>
<kml:Data name="section_id">
<kml:value>02001314140120237</kml:value>
</kml:Data>
<kml:Data name="feedercode">
<kml:value>020013</kml:value>
</kml:Data>
<kml:Data name="substation">
<kml:value>220 KV-SIBI</kml:value>
</kml:Data>
<kml:Data name="gps_no">
<kml:value>14140120237</kml:value>
</kml:Data>
<kml:Data name="s_e">
<kml:value>E</kml:value>
</kml:Data>
<kml:Data name="pole_phase">
<kml:value>R-Y-B</kml:value>
</kml:Data>
<kml:Data name="pole_use"/>
<kml:Data name="fdr_on_pol">
<kml:value>1.0</kml:value>
</kml:Data>
<kml:Data name="pol_hght">
<kml:value>36</kml:value>
</kml:Data>
<kml:Data name="pole_type">
<kml:value>Steel Structure</kml:value>
</kml:Data>
<kml:Data name="eqp_type">
<kml:value>Transformer</kml:value>
</kml:Data>
<kml:Data name="eqp_number">
<kml:value>T-14140120237</kml:value>
</kml:Data>
<kml:Data name="eqp_unit"/>
<kml:Data name="eqp_size">
<kml:value>100</kml:value>
</kml:Data>
<kml:Data name="eqp_phase">
<kml:value>R-Y-B</kml:value>
</kml:Data>
<kml:Data name="eqp_use">
<kml:value>General Duty</kml:value>
</kml:Data>
<kml:Data name="eqp_status">
<kml:value>Connected</kml:value>
</kml:Data>
<kml:Data name="trafo_mke">
<kml:value>Siemens</kml:value>
</kml:Data>
<kml:Data name="consmr_nam">
<kml:value/>
</kml:Data>
<kml:Data name="trafo_loc">
<kml:value/>
</kml:Data>
<kml:Data name="trafo_mnt">
<kml:value>Double Pole</kml:value>
</kml:Data>
<kml:Data name="angle"/>
<kml:Data name="tap_pole"/>
<kml:Data name="end_type">
<kml:value/>
</kml:Data>
<kml:Data name="rs_con"/>
<kml:Data name="rs_con1">
<kml:value>0.0</kml:value>
</kml:Data>
<kml:Data name="rs_con3">
<kml:value>0.0</kml:value>
</kml:Data>
<kml:Data name="sc_con">
<kml:value>0.0</kml:value>
</kml:Data>
<kml:Data name="lc_con">
<kml:value>0.0</kml:value>
</kml:Data>
<kml:Data name="si_con">
<kml:value>0.0</kml:value>
</kml:Data>
<kml:Data name="li_con">
<kml:value>0.0</kml:value>
</kml:Data>
<kml:Data name="pb_con">
<kml:value>0.0</kml:value>
</kml:Data>
<kml:Data name="ag_con">
<kml:value>0.0</kml:value>
</kml:Data>
<kml:Data name="st_con">
<kml:value>0.0</kml:value>
</kml:Data>
<kml:Data name="remarks">
<kml:value/>
</kml:Data>
<kml:Data name="wo_id">
<kml:value>386</kml:value>
</kml:Data>
<kml:Data name="sequence"/>
</kml:ExtendedData>
<kml:Point>
<kml:coordinates>67.88713399405161,29.553897870131834</kml:coordinates>
</kml:Point>
</kml:Placemark>
<kml:Placemark id="equipment_materialized.419872">
<kml:ExtendedData>
<kml:Data name="section_id">
<kml:value>02001314140120238</kml:value>
</kml:Data>
<kml:Data name="feedercode">
<kml:value>020013</kml:value>
</kml:Data>
<kml:Data name="substation">
<kml:value>220 KV-SIBI</kml:value>
</kml:Data>
<kml:Data name="gps_no">
<kml:value>14140120238</kml:value>
</kml:Data>
<kml:Data name="s_e">
<kml:value>E</kml:value>
</kml:Data>
<kml:Data name="pole_phase">
<kml:value>R-Y-B</kml:value>
</kml:Data>
<kml:Data name="pole_use"/>
<kml:Data name="fdr_on_pol">
<kml:value>1.0</kml:value>
</kml:Data>
<kml:Data name="pol_hght">
<kml:value>36</kml:value>
</kml:Data>
<kml:Data name="pole_type">
<kml:value>Steel Structure</kml:value>
</kml:Data>
<kml:Data name="eqp_type">
<kml:value>Primary Pole</kml:value>
</kml:Data>
<kml:Data name="eqp_number">
<kml:value/>
</kml:Data>
<kml:Data name="eqp_unit"/>
<kml:Data name="eqp_size">
<kml:value/>
</kml:Data>
<kml:Data name="eqp_phase">
<kml:value/>
</kml:Data>
<kml:Data name="eqp_use"/>
<kml:Data name="eqp_status">
<kml:value/>
</kml:Data>
<kml:Data name="trafo_mke"/>
<kml:Data name="consmr_nam">
<kml:value/>
</kml:Data>
<kml:Data name="trafo_loc">
<kml:value/>
</kml:Data>
<kml:Data name="trafo_mnt"/>
<kml:Data name="angle"/>
<kml:Data name="tap_pole"/>
<kml:Data name="end_type">
<kml:value/>
</kml:Data>
<kml:Data name="rs_con"/>
<kml:Data name="rs_con1">
<kml:value>0.0</kml:value>
</kml:Data>
<kml:Data name="rs_con3">
<kml:value>0.0</kml:value>
</kml:Data>
<kml:Data name="sc_con">
<kml:value>0.0</kml:value>
</kml:Data>
<kml:Data name="lc_con">
<kml:value>0.0</kml:value>
</kml:Data>
<kml:Data name="si_con">
<kml:value>0.0</kml:value>
</kml:Data>
<kml:Data name="li_con">
<kml:value>0.0</kml:value>
</kml:Data>
<kml:Data name="pb_con">
<kml:value>0.0</kml:value>
</kml:Data>
<kml:Data name="ag_con">
<kml:value>0.0</kml:value>
</kml:Data>
<kml:Data name="st_con">
<kml:value>0.0</kml:value>
</kml:Data>
<kml:Data name="remarks">
<kml:value/>
</kml:Data>
<kml:Data name="wo_id">
<kml:value>386</kml:value>
</kml:Data>
<kml:Data name="sequence"/>
</kml:ExtendedData>
<kml:Point>
<kml:coordinates>67.88694198551815,29.554314900547453</kml:coordinates>
</kml:Point>
</kml:Placemark>
<kml:Placemark id="equipment_materialized.419874">
<kml:ExtendedData>
<kml:Data name="section_id">
<kml:value>02001314140120239</kml:value>
</kml:Data>
<kml:Data name="feedercode">
<kml:value>020013</kml:value>
</kml:Data>
<kml:Data name="substation">
<kml:value>220 KV-SIBI</kml:value>
</kml:Data>
<kml:Data name="gps_no">
<kml:value>14140120239</kml:value>
</kml:Data>
<kml:Data name="s_e">
<kml:value>E</kml:value>
</kml:Data>
<kml:Data name="pole_phase">
<kml:value>R-Y-B</kml:value>
</kml:Data>
<kml:Data name="pole_use"/>
<kml:Data name="fdr_on_pol">
<kml:value>1.0</kml:value>
</kml:Data>
<kml:Data name="pol_hght">
<kml:value>36</kml:value>
</kml:Data>
<kml:Data name="pole_type">
<kml:value>Steel Structure</kml:value>
</kml:Data>
<kml:Data name="eqp_type">
<kml:value>Primary Pole</kml:value>
</kml:Data>
<kml:Data name="eqp_number">
<kml:value/>
</kml:Data>
<kml:Data name="eqp_unit"/>
<kml:Data name="eqp_size">
<kml:value/>
</kml:Data>
<kml:Data name="eqp_phase">
<kml:value/>
</kml:Data>
<kml:Data name="eqp_use"/>
<kml:Data name="eqp_status">
<kml:value/>
</kml:Data>
<kml:Data name="trafo_mke"/>
<kml:Data name="consmr_nam">
<kml:value/>
</kml:Data>
<kml:Data name="trafo_loc">
<kml:value/>
</kml:Data>
<kml:Data name="trafo_mnt"/>
<kml:Data name="angle"/>
<kml:Data name="tap_pole"/>
<kml:Data name="end_type">
<kml:value>SDE</kml:value>
</kml:Data>
<kml:Data name="rs_con"/>
<kml:Data name="rs_con1">
<kml:value>0.0</kml:value>
</kml:Data>
<kml:Data name="rs_con3">
<kml:value>0.0</kml:value>
</kml:Data>
<kml:Data name="sc_con">
<kml:value>0.0</kml:value>
</kml:Data>
<kml:Data name="lc_con">
<kml:value>0.0</kml:value>
</kml:Data>
<kml:Data name="si_con">
<kml:value>0.0</kml:value>
</kml:Data>
<kml:Data name="li_con">
<kml:value>0.0</kml:value>
</kml:Data>
<kml:Data name="pb_con">
<kml:value>0.0</kml:value>
</kml:Data>
<kml:Data name="ag_con">
<kml:value>0.0</kml:value>
</kml:Data>
<kml:Data name="st_con">
<kml:value>0.0</kml:value>
</kml:Data>
<kml:Data name="remarks">
<kml:value/>
</kml:Data>
<kml:Data name="wo_id">
<kml:value>386</kml:value>
</kml:Data>
<kml:Data name="sequence"/>
</kml:ExtendedData>
<kml:Point>
<kml:coordinates>67.88685303110566,29.554030881177482</kml:coordinates>
</kml:Point>
</kml:Placemark>
<kml:Placemark id="equipment_materialized.419876">
<kml:ExtendedData>
<kml:Data name="section_id">
<kml:value>02001314140120240</kml:value>
</kml:Data>
<kml:Data name="feedercode">
<kml:value>020013</kml:value>
</kml:Data>
<kml:Data name="substation">
<kml:value>220 KV-SIBI</kml:value>
</kml:Data>
<kml:Data name="gps_no">
<kml:value>14140120240</kml:value>
</kml:Data>
<kml:Data name="s_e">
<kml:value>E</kml:value>
</kml:Data>
<kml:Data name="pole_phase">
<kml:value>R-Y-B</kml:value>
</kml:Data>
<kml:Data name="pole_use"/>
<kml:Data name="fdr_on_pol">
<kml:value>1.0</kml:value>
</kml:Data>
<kml:Data name="pol_hght">
<kml:value>36</kml:value>
</kml:Data>
<kml:Data name="pole_type">
<kml:value>Steel Structure</kml:value>
</kml:Data>
<kml:Data name="eqp_type">
<kml:value>Transformer</kml:value>
</kml:Data>
<kml:Data name="eqp_number">
<kml:value>T-14140120240</kml:value>
</kml:Data>
<kml:Data name="eqp_unit"/>
<kml:Data name="eqp_size">
<kml:value>25</kml:value>
</kml:Data>
<kml:Data name="eqp_phase">
<kml:value>R-Y-B</kml:value>
</kml:Data>
<kml:Data name="eqp_use">
<kml:value>General Duty</kml:value>
</kml:Data>
<kml:Data name="eqp_status">
<kml:value>Connected</kml:value>
</kml:Data>
<kml:Data name="trafo_mke">
<kml:value>PEL</kml:value>
</kml:Data>
<kml:Data name="consmr_nam">
<kml:value/>
</kml:Data>
<kml:Data name="trafo_loc">
<kml:value/>
</kml:Data>
<kml:Data name="trafo_mnt">
<kml:value>Single Pole</kml:value>
</kml:Data>
<kml:Data name="angle"/>
<kml:Data name="tap_pole"/>
<kml:Data name="end_type">
<kml:value/>
</kml:Data>
<kml:Data name="rs_con"/>
<kml:Data name="rs_con1">
<kml:value>0.0</kml:value>
</kml:Data>
<kml:Data name="rs_con3">
<kml:value>0.0</kml:value>
</kml:Data>
<kml:Data name="sc_con">
<kml:value>0.0</kml:value>
</kml:Data>
<kml:Data name="lc_con">
<kml:value>0.0</kml:value>
</kml:Data>
<kml:Data name="si_con">
<kml:value>0.0</kml:value>
</kml:Data>
<kml:Data name="li_con">
<kml:value>0.0</kml:value>
</kml:Data>
<kml:Data name="pb_con">
<kml:value>0.0</kml:value>
</kml:Data>
<kml:Data name="ag_con">
<kml:value>0.0</kml:value>
</kml:Data>
<kml:Data name="st_con">
<kml:value>0.0</kml:value>
</kml:Data>
<kml:Data name="remarks">
<kml:value/>
</kml:Data>
<kml:Data name="wo_id">
<kml:value>386</kml:value>
</kml:Data>
<kml:Data name="sequence"/>
</kml:ExtendedData>
<kml:Point>
<kml:coordinates>67.8868370323245,29.554030927600603</kml:coordinates>
</kml:Point>
</kml:Placemark>
<kml:Placemark id="equipment_materialized.419878">
<kml:ExtendedData>
<kml:Data name="section_id">
<kml:value>02001314140120242</kml:value>
</kml:Data>
<kml:Data name="feedercode">
<kml:value>020013</kml:value>
</kml:Data>
<kml:Data name="substation">
<kml:value>220 KV-SIBI</kml:value>
</kml:Data>
<kml:Data name="gps_no">
<kml:value>14140120242</kml:value>
</kml:Data>
<kml:Data name="s_e">
<kml:value>E</kml:value>
</kml:Data>
<kml:Data name="pole_phase">
<kml:value>R-Y-B</kml:value>
</kml:Data>
<kml:Data name="pole_use"/>
<kml:Data name="fdr_on_pol">
<kml:value>1.0</kml:value>
</kml:Data>
<kml:Data name="pol_hght">
<kml:value>36</kml:value>
</kml:Data>
<kml:Data name="pole_type">
<kml:value>PC Ordinary</kml:value>
</kml:Data>
<kml:Data name="eqp_type">
<kml:value>Primary Pole</kml:value>
</kml:Data>
<kml:Data name="eqp_number">
<kml:value/>
</kml:Data>
<kml:Data name="eqp_unit"/>
<kml:Data name="eqp_size">
<kml:value/>
</kml:Data>
<kml:Data name="eqp_phase">
<kml:value/>
</kml:Data>
<kml:Data name="eqp_use"/>
<kml:Data name="eqp_status">
<kml:value/>
</kml:Data>
<kml:Data name="trafo_mke"/>
<kml:Data name="consmr_nam">
<kml:value/>
</kml:Data>
<kml:Data name="trafo_loc">
<kml:value/>
</kml:Data>
<kml:Data name="trafo_mnt"/>
<kml:Data name="angle"/>
<kml:Data name="tap_pole"/>
<kml:Data name="end_type">
<kml:value/>
</kml:Data>
<kml:Data name="rs_con"/>
<kml:Data name="rs_con1">
<kml:value>0.0</kml:value>
</kml:Data>
<kml:Data name="rs_con3">
<kml:value>0.0</kml:value>
</kml:Data>
<kml:Data name="sc_con">
<kml:value>0.0</kml:value>
</kml:Data>
<kml:Data name="lc_con">
<kml:value>0.0</kml:value>
</kml:Data>
<kml:Data name="si_con">
<kml:value>0.0</kml:value>
</kml:Data>
<kml:Data name="li_con">
<kml:value>0.0</kml:value>
</kml:Data>
<kml:Data name="pb_con">
<kml:value>0.0</kml:value>
</kml:Data>
<kml:Data name="ag_con">
<kml:value>0.0</kml:value>
</kml:Data>
<kml:Data name="st_con">
<kml:value>0.0</kml:value>
</kml:Data>
<kml:Data name="remarks">
<kml:value/>
</kml:Data>
<kml:Data name="wo_id">
<kml:value>386</kml:value>
</kml:Data>
<kml:Data name="sequence"/>
</kml:ExtendedData>
<kml:Point>
<kml:coordinates>67.88634403828628,29.55522992022429</kml:coordinates>
</kml:Point>
</kml:Placemark>
<kml:Placemark id="equipment_materialized.419880">
<kml:ExtendedData>
<kml:Data name="section_id">
<kml:value>02001314140120244</kml:value>
</kml:Data>
<kml:Data name="feedercode">
<kml:value>020013</kml:value>
</kml:Data>
<kml:Data name="substation">
<kml:value>220 KV-SIBI</kml:value>
</kml:Data>
<kml:Data name="gps_no">
<kml:value>14140120243</kml:value>
</kml:Data>
<kml:Data name="s_e">
<kml:value/>
</kml:Data>
<kml:Data name="pole_phase">
<kml:value>R-Y-B</kml:value>
</kml:Data>
<kml:Data name="pole_use"/>
<kml:Data name="fdr_on_pol">
<kml:value>1.0</kml:value>
</kml:Data>
<kml:Data name="pol_hght">
<kml:value>36</kml:value>
</kml:Data>
<kml:Data name="pole_type">
<kml:value>PC Ordinary</kml:value>
</kml:Data>
<kml:Data name="eqp_type">
<kml:value>Primary Pole</kml:value>
</kml:Data>
<kml:Data name="eqp_number">
<kml:value/>
</kml:Data>
<kml:Data name="eqp_unit"/>
<kml:Data name="eqp_size">
<kml:value/>
</kml:Data>
<kml:Data name="eqp_phase">
<kml:value/>
</kml:Data>
<kml:Data name="eqp_use"/>
<kml:Data name="eqp_status">
<kml:value/>
</kml:Data>
<kml:Data name="trafo_mke"/>
<kml:Data name="consmr_nam">
<kml:value/>
</kml:Data>
<kml:Data name="trafo_loc">
<kml:value/>
</kml:Data>
<kml:Data name="trafo_mnt"/>
<kml:Data name="angle"/>
<kml:Data name="tap_pole"/>
<kml:Data name="end_type">
<kml:value/>
</kml:Data>
<kml:Data name="rs_con"/>
<kml:Data name="rs_con1">
<kml:value>0.0</kml:value>
</kml:Data>
<kml:Data name="rs_con3">
<kml:value>0.0</kml:value>
</kml:Data>
<kml:Data name="sc_con">
<kml:value>0.0</kml:value>
</kml:Data>
<kml:Data name="lc_con">
<kml:value>0.0</kml:value>
</kml:Data>
<kml:Data name="si_con">
<kml:value>0.0</kml:value>
</kml:Data>
<kml:Data name="li_con">
<kml:value>0.0</kml:value>
</kml:Data>
<kml:Data name="pb_con">
<kml:value>0.0</kml:value>
</kml:Data>
<kml:Data name="ag_con">
<kml:value>0.0</kml:value>
</kml:Data>
<kml:Data name="st_con">
<kml:value>0.0</kml:value>
</kml:Data>
<kml:Data name="remarks">
<kml:value/>
</kml:Data>
<kml:Data name="wo_id">
<kml:value>386</kml:value>
</kml:Data>
<kml:Data name="sequence">
<kml:value>0</kml:value>
</kml:Data>
</kml:ExtendedData>
<kml:Point>
<kml:coordinates>67.88618297445278,29.555525921710597</kml:coordinates>
</kml:Point>
</kml:Placemark>
<kml:Placemark id="equipment_materialized.419881">
<kml:ExtendedData>
<kml:Data name="section_id">
<kml:value>02001314140120244</kml:value>
</kml:Data>
<kml:Data name="feedercode">
<kml:value>020013</kml:value>
</kml:Data>
<kml:Data name="substation">
<kml:value>220 KV-SIBI</kml:value>
</kml:Data>
<kml:Data name="gps_no">
<kml:value>14140120244</kml:value>
</kml:Data>
<kml:Data name="s_e">
<kml:value>E</kml:value>
</kml:Data>
<kml:Data name="pole_phase">
<kml:value>R-Y-B</kml:value>
</kml:Data>
<kml:Data name="pole_use"/>
<kml:Data name="fdr_on_pol">
<kml:value>1.0</kml:value>
</kml:Data>
<kml:Data name="pol_hght">
<kml:value>36</kml:value>
</kml:Data>
<kml:Data name="pole_type">
<kml:value>PC Ordinary</kml:value>
</kml:Data>
<kml:Data name="eqp_type">
<kml:value>Primary Pole</kml:value>
</kml:Data>
<kml:Data name="eqp_number">
<kml:value/>
</kml:Data>
<kml:Data name="eqp_unit"/>
<kml:Data name="eqp_size">
<kml:value/>
</kml:Data>
<kml:Data name="eqp_phase">
<kml:value/>
</kml:Data>
<kml:Data name="eqp_use"/>
<kml:Data name="eqp_status">
<kml:value/>
</kml:Data>
<kml:Data name="trafo_mke"/>
<kml:Data name="consmr_nam">
<kml:value/>
</kml:Data>
<kml:Data name="trafo_loc">
<kml:value/>
</kml:Data>
<kml:Data name="trafo_mnt"/>
<kml:Data name="angle"/>
<kml:Data name="tap_pole"/>
<kml:Data name="end_type">
<kml:value/>
</kml:Data>
<kml:Data name="rs_con"/>
<kml:Data name="rs_con1">
<kml:value>0.0</kml:value>
</kml:Data>
<kml:Data name="rs_con3">
<kml:value>0.0</kml:value>
</kml:Data>
<kml:Data name="sc_con">
<kml:value>0.0</kml:value>
</kml:Data>
<kml:Data name="lc_con">
<kml:value>0.0</kml:value>
</kml:Data>
<kml:Data name="si_con">
<kml:value>0.0</kml:value>
</kml:Data>
<kml:Data name="li_con">
<kml:value>0.0</kml:value>
</kml:Data>
<kml:Data name="pb_con">
<kml:value>0.0</kml:value>
</kml:Data>
<kml:Data name="ag_con">
<kml:value>0.0</kml:value>
</kml:Data>
<kml:Data name="st_con">
<kml:value>0.0</kml:value>
</kml:Data>
<kml:Data name="remarks">
<kml:value/>
</kml:Data>
<kml:Data name="wo_id">
<kml:value>386</kml:value>
</kml:Data>
<kml:Data name="sequence"/>
</kml:ExtendedData>
<kml:Point>
<kml:coordinates>67.885780967122,29.55570285654464</kml:coordinates>
</kml:Point>
</kml:Placemark>
<kml:Placemark id="equipment_materialized.419883">
<kml:ExtendedData>
<kml:Data name="section_id">
<kml:value>02001314140120245</kml:value>
</kml:Data>
<kml:Data name="feedercode">
<kml:value>020013</kml:value>
</kml:Data>
<kml:Data name="substation">
<kml:value>220 KV-SIBI</kml:value>
</kml:Data>
<kml:Data name="gps_no">
<kml:value>14140120245</kml:value>
</kml:Data>
<kml:Data name="s_e">
<kml:value>E</kml:value>
</kml:Data>
<kml:Data name="pole_phase">
<kml:value>R-Y-B</kml:value>
</kml:Data>
<kml:Data name="pole_use"/>
<kml:Data name="fdr_on_pol">
<kml:value>1.0</kml:value>
</kml:Data>
<kml:Data name="pol_hght">
<kml:value>36</kml:value>
</kml:Data>
<kml:Data name="pole_type">
<kml:value>PC Ordinary</kml:value>
</kml:Data>
<kml:Data name="eqp_type">
<kml:value>Transformer</kml:value>
</kml:Data>
<kml:Data name="eqp_number">
<kml:value>T-14140120245</kml:value>
</kml:Data>
<kml:Data name="eqp_unit"/>
<kml:Data name="eqp_size">
<kml:value>50</kml:value>
</kml:Data>
<kml:Data name="eqp_phase">
<kml:value>R-Y-B</kml:value>
</kml:Data>
<kml:Data name="eqp_use">
<kml:value>General Duty</kml:value>
</kml:Data>
<kml:Data name="eqp_status">
<kml:value>Connected</kml:value>
</kml:Data>
<kml:Data name="trafo_mke">
<kml:value>Siemens</kml:value>
</kml:Data>
<kml:Data name="consmr_nam">
<kml:value/>
</kml:Data>
<kml:Data name="trafo_loc">
<kml:value/>
</kml:Data>
<kml:Data name="trafo_mnt">
<kml:value>Double Pole</kml:value>
</kml:Data>
<kml:Data name="angle"/>
<kml:Data name="tap_pole"/>
<kml:Data name="end_type">
<kml:value/>
</kml:Data>
<kml:Data name="rs_con"/>
<kml:Data name="rs_con1">
<kml:value>0.0</kml:value>
</kml:Data>
<kml:Data name="rs_con3">
<kml:value>0.0</kml:value>
</kml:Data>
<kml:Data name="sc_con">
<kml:value>0.0</kml:value>
</kml:Data>
<kml:Data name="lc_con">
<kml:value>0.0</kml:value>
</kml:Data>
<kml:Data name="si_con">
<kml:value>0.0</kml:value>
</kml:Data>
<kml:Data name="li_con">
<kml:value>0.0</kml:value>
</kml:Data>
<kml:Data name="pb_con">
<kml:value>0.0</kml:value>
</kml:Data>
<kml:Data name="ag_con">
<kml:value>0.0</kml:value>
</kml:Data>
<kml:Data name="st_con">
<kml:value>0.0</kml:value>
</kml:Data>
<kml:Data name="remarks">
<kml:value/>
</kml:Data>
<kml:Data name="wo_id">
<kml:value>386</kml:value>
</kml:Data>
<kml:Data name="sequence"/>
</kml:ExtendedData>
<kml:Point>
<kml:coordinates>67.88575902565147,29.555698882278744</kml:coordinates>
</kml:Point>
</kml:Placemark>
<kml:Placemark id="equipment_materialized.419885">
<kml:ExtendedData>
<kml:Data name="section_id">
<kml:value>02001314140120249</kml:value>
</kml:Data>
<kml:Data name="feedercode">
<kml:value>020013</kml:value>
</kml:Data>
<kml:Data name="substation">
<kml:value>220 KV-SIBI</kml:value>
</kml:Data>
<kml:Data name="gps_no">
<kml:value>14140120246</kml:value>
</kml:Data>
<kml:Data name="s_e">
<kml:value/>
</kml:Data>
<kml:Data name="pole_phase">
<kml:value>R-Y-B</kml:value>
</kml:Data>
<kml:Data name="pole_use"/>
<kml:Data name="fdr_on_pol">
<kml:value>1.0</kml:value>
</kml:Data>
<kml:Data name="pol_hght">
<kml:value>36</kml:value>
</kml:Data>
<kml:Data name="pole_type">
<kml:value>PC Ordinary</kml:value>
</kml:Data>
<kml:Data name="eqp_type">
<kml:value>Primary Pole</kml:value>
</kml:Data>
<kml:Data name="eqp_number">
<kml:value/>
</kml:Data>
<kml:Data name="eqp_unit"/>
<kml:Data name="eqp_size">
<kml:value/>
</kml:Data>
<kml:Data name="eqp_phase">
<kml:value/>
</kml:Data>
<kml:Data name="eqp_use"/>
<kml:Data name="eqp_status">
<kml:value/>
</kml:Data>
<kml:Data name="trafo_mke"/>
<kml:Data name="consmr_nam">
<kml:value/>
</kml:Data>
<kml:Data name="trafo_loc">
<kml:value/>
</kml:Data>
<kml:Data name="trafo_mnt"/>
<kml:Data name="angle"/>
<kml:Data name="tap_pole"/>
<kml:Data name="end_type">
<kml:value/>
</kml:Data>
<kml:Data name="rs_con"/>
<kml:Data name="rs_con1">
<kml:value>0.0</kml:value>
</kml:Data>
<kml:Data name="rs_con3">
<kml:value>0.0</kml:value>
</kml:Data>
<kml:Data name="sc_con">
<kml:value>0.0</kml:value>
</kml:Data>
<kml:Data name="lc_con">
<kml:value>0.0</kml:value>
</kml:Data>
<kml:Data name="si_con">
<kml:value>0.0</kml:value>
</kml:Data>
<kml:Data name="li_con">
<kml:value>0.0</kml:value>
</kml:Data>
<kml:Data name="pb_con">
<kml:value>0.0</kml:value>
</kml:Data>
<kml:Data name="ag_con">
<kml:value>0.0</kml:value>
</kml:Data>
<kml:Data name="st_con">
<kml:value>0.0</kml:value>
</kml:Data>
<kml:Data name="remarks">
<kml:value/>
</kml:Data>
<kml:Data name="wo_id">
<kml:value>386</kml:value>
</kml:Data>
<kml:Data name="sequence">
<kml:value>0</kml:value>
</kml:Data>
</kml:ExtendedData>
<kml:Point>
<kml:coordinates>67.88573903102196,29.556382849370465</kml:coordinates>
</kml:Point>
</kml:Placemark>
<kml:Placemark id="equipment_materialized.419886">
<kml:ExtendedData>
<kml:Data name="section_id">
<kml:value>02001314140120249</kml:value>
</kml:Data>
<kml:Data name="feedercode">
<kml:value>020013</kml:value>
</kml:Data>
<kml:Data name="substation">
<kml:value>220 KV-SIBI</kml:value>
</kml:Data>
<kml:Data name="gps_no">
<kml:value>14140120247</kml:value>
</kml:Data>
<kml:Data name="s_e">
<kml:value/>
</kml:Data>
<kml:Data name="pole_phase">
<kml:value>R-Y-B</kml:value>
</kml:Data>
<kml:Data name="pole_use"/>
<kml:Data name="fdr_on_pol">
<kml:value>1.0</kml:value>
</kml:Data>
<kml:Data name="pol_hght">
<kml:value>36</kml:value>
</kml:Data>
<kml:Data name="pole_type">
<kml:value>PC Ordinary</kml:value>
</kml:Data>
<kml:Data name="eqp_type">
<kml:value>Primary Pole</kml:value>
</kml:Data>
<kml:Data name="eqp_number">
<kml:value/>
</kml:Data>
<kml:Data name="eqp_unit"/>
<kml:Data name="eqp_size">
<kml:value/>
</kml:Data>
<kml:Data name="eqp_phase">
<kml:value/>
</kml:Data>
<kml:Data name="eqp_use"/>
<kml:Data name="eqp_status">
<kml:value/>
</kml:Data>
<kml:Data name="trafo_mke"/>
<kml:Data name="consmr_nam">
<kml:value/>
</kml:Data>
<kml:Data name="trafo_loc">
<kml:value/>
</kml:Data>
<kml:Data name="trafo_mnt"/>
<kml:Data name="angle"/>
<kml:Data name="tap_pole"/>
<kml:Data name="end_type">
<kml:value/>
</kml:Data>
<kml:Data name="rs_con"/>
<kml:Data name="rs_con1">
<kml:value>0.0</kml:value>
</kml:Data>
<kml:Data name="rs_con3">
<kml:value>0.0</kml:value>
</kml:Data>
<kml:Data name="sc_con">
<kml:value>0.0</kml:value>
</kml:Data>
<kml:Data name="lc_con">
<kml:value>0.0</kml:value>
</kml:Data>
<kml:Data name="si_con">
<kml:value>0.0</kml:value>
</kml:Data>
<kml:Data name="li_con">
<kml:value>0.0</kml:value>
</kml:Data>
<kml:Data name="pb_con">
<kml:value>0.0</kml:value>
</kml:Data>
<kml:Data name="ag_con">
<kml:value>0.0</kml:value>
</kml:Data>
<kml:Data name="st_con">
<kml:value>0.0</kml:value>
</kml:Data>
<kml:Data name="remarks">
<kml:value/>
</kml:Data>
<kml:Data name="wo_id">
<kml:value>386</kml:value>
</kml:Data>
<kml:Data name="sequence">
<kml:value>1</kml:value>
</kml:Data>
</kml:ExtendedData>
<kml:Point>
<kml:coordinates>67.8851169508967,29.55677686617486</kml:coordinates>
</kml:Point>
</kml:Placemark>
<kml:Placemark id="equipment_materialized.419887">
<kml:ExtendedData>
<kml:Data name="section_id">
<kml:value>02001314140120249</kml:value>
</kml:Data>
<kml:Data name="feedercode">
<kml:value>020013</kml:value>
</kml:Data>
<kml:Data name="substation">
<kml:value>220 KV-SIBI</kml:value>
</kml:Data>
<kml:Data name="gps_no">
<kml:value>14140120248</kml:value>
</kml:Data>
<kml:Data name="s_e">
<kml:value/>
</kml:Data>
<kml:Data name="pole_phase">
<kml:value>R-Y-B</kml:value>
</kml:Data>
<kml:Data name="pole_use"/>
<kml:Data name="fdr_on_pol">
<kml:value>1.0</kml:value>
</kml:Data>
<kml:Data name="pol_hght">
<kml:value>36</kml:value>
</kml:Data>
<kml:Data name="pole_type">
<kml:value>Steel Structure</kml:value>
</kml:Data>
<kml:Data name="eqp_type">
<kml:value>Primary Pole</kml:value>
</kml:Data>
<kml:Data name="eqp_number">
<kml:value/>
</kml:Data>
<kml:Data name="eqp_unit"/>
<kml:Data name="eqp_size">
<kml:value/>
</kml:Data>
<kml:Data name="eqp_phase">
<kml:value/>
</kml:Data>
<kml:Data name="eqp_use"/>
<kml:Data name="eqp_status">
<kml:value/>
</kml:Data>
<kml:Data name="trafo_mke"/>
<kml:Data name="consmr_nam">
<kml:value/>
</kml:Data>
<kml:Data name="trafo_loc">
<kml:value/>
</kml:Data>
<kml:Data name="trafo_mnt"/>
<kml:Data name="angle"/>
<kml:Data name="tap_pole"/>
<kml:Data name="end_type">
<kml:value/>
</kml:Data>
<kml:Data name="rs_con"/>
<kml:Data name="rs_con1">
<kml:value>0.0</kml:value>
</kml:Data>
<kml:Data name="rs_con3">
<kml:value>0.0</kml:value>
</kml:Data>
<kml:Data name="sc_con">
<kml:value>0.0</kml:value>
</kml:Data>
<kml:Data name="lc_con">
<kml:value>0.0</kml:value>
</kml:Data>
<kml:Data name="si_con">
<kml:value>0.0</kml:value>
</kml:Data>
<kml:Data name="li_con">
<kml:value>0.0</kml:value>
</kml:Data>
<kml:Data name="pb_con">
<kml:value>0.0</kml:value>
</kml:Data>
<kml:Data name="ag_con">
<kml:value>0.0</kml:value>
</kml:Data>
<kml:Data name="st_con">
<kml:value>0.0</kml:value>
</kml:Data>
<kml:Data name="remarks">
<kml:value/>
</kml:Data>
<kml:Data name="wo_id">
<kml:value>386</kml:value>
</kml:Data>
<kml:Data name="sequence">
<kml:value>2</kml:value>
</kml:Data>
</kml:ExtendedData>
<kml:Point>
<kml:coordinates>67.88505997717661,29.557180858551863</kml:coordinates>
</kml:Point>
</kml:Placemark>
<kml:Placemark id="equipment_materialized.419888">
<kml:ExtendedData>
<kml:Data name="section_id">
<kml:value>02001314140120249</kml:value>
</kml:Data>
<kml:Data name="feedercode">
<kml:value>020013</kml:value>
</kml:Data>
<kml:Data name="substation">
<kml:value>220 KV-SIBI</kml:value>
</kml:Data>
<kml:Data name="gps_no">
<kml:value>14140120249</kml:value>
</kml:Data>
<kml:Data name="s_e">
<kml:value>E</kml:value>
</kml:Data>
<kml:Data name="pole_phase">
<kml:value>R-Y-B</kml:value>
</kml:Data>
<kml:Data name="pole_use"/>
<kml:Data name="fdr_on_pol">
<kml:value>1.0</kml:value>
</kml:Data>
<kml:Data name="pol_hght">
<kml:value>36</kml:value>
</kml:Data>
<kml:Data name="pole_type">
<kml:value>Steel Structure</kml:value>
</kml:Data>
<kml:Data name="eqp_type">
<kml:value>Primary Pole</kml:value>
</kml:Data>
<kml:Data name="eqp_number">
<kml:value/>
</kml:Data>
<kml:Data name="eqp_unit"/>
<kml:Data name="eqp_size">
<kml:value/>
</kml:Data>
<kml:Data name="eqp_phase">
<kml:value/>
</kml:Data>
<kml:Data name="eqp_use"/>
<kml:Data name="eqp_status">
<kml:value/>
</kml:Data>
<kml:Data name="trafo_mke"/>
<kml:Data name="consmr_nam">
<kml:value/>
</kml:Data>
<kml:Data name="trafo_loc">
<kml:value/>
</kml:Data>
<kml:Data name="trafo_mnt"/>
<kml:Data name="angle"/>
<kml:Data name="tap_pole"/>
<kml:Data name="end_type">
<kml:value>SDE</kml:value>
</kml:Data>
<kml:Data name="rs_con"/>
<kml:Data name="rs_con1">
<kml:value>0.0</kml:value>
</kml:Data>
<kml:Data name="rs_con3">
<kml:value>0.0</kml:value>
</kml:Data>
<kml:Data name="sc_con">
<kml:value>0.0</kml:value>
</kml:Data>
<kml:Data name="lc_con">
<kml:value>0.0</kml:value>
</kml:Data>
<kml:Data name="si_con">
<kml:value>0.0</kml:value>
</kml:Data>
<kml:Data name="li_con">
<kml:value>0.0</kml:value>
</kml:Data>
<kml:Data name="pb_con">
<kml:value>0.0</kml:value>
</kml:Data>
<kml:Data name="ag_con">
<kml:value>0.0</kml:value>
</kml:Data>
<kml:Data name="st_con">
<kml:value>0.0</kml:value>
</kml:Data>
<kml:Data name="remarks">
<kml:value/>
</kml:Data>
<kml:Data name="wo_id">
<kml:value>386</kml:value>
</kml:Data>
<kml:Data name="sequence"/>
</kml:ExtendedData>
<kml:Point>
<kml:coordinates>67.88490600393747,29.55773284783462</kml:coordinates>
</kml:Point>
</kml:Placemark>
<kml:Placemark id="equipment_materialized.419890">
<kml:ExtendedData>
<kml:Data name="section_id">
<kml:value>02001314140120250</kml:value>
</kml:Data>
<kml:Data name="feedercode">
<kml:value>020013</kml:value>
</kml:Data>
<kml:Data name="substation">
<kml:value>220 KV-SIBI</kml:value>
</kml:Data>
<kml:Data name="gps_no">
<kml:value>14140120250</kml:value>
</kml:Data>
<kml:Data name="s_e">
<kml:value>E</kml:value>
</kml:Data>
<kml:Data name="pole_phase">
<kml:value>R-Y-B</kml:value>
</kml:Data>
<kml:Data name="pole_use"/>
<kml:Data name="fdr_on_pol">
<kml:value>1.0</kml:value>
</kml:Data>
<kml:Data name="pol_hght">
<kml:value>36</kml:value>
</kml:Data>
<kml:Data name="pole_type">
<kml:value>Steel Structure</kml:value>
</kml:Data>
<kml:Data name="eqp_type">
<kml:value>Transformer</kml:value>
</kml:Data>
<kml:Data name="eqp_number">
<kml:value>T-14140120250</kml:value>
</kml:Data>
<kml:Data name="eqp_unit"/>
<kml:Data name="eqp_size">
<kml:value>200</kml:value>
</kml:Data>
<kml:Data name="eqp_phase">
<kml:value>R-Y-B</kml:value>
</kml:Data>
<kml:Data name="eqp_use">
<kml:value>General Duty</kml:value>
</kml:Data>
<kml:Data name="eqp_status">
<kml:value>Connected</kml:value>
</kml:Data>
<kml:Data name="trafo_mke">
<kml:value>Siemens</kml:value>
</kml:Data>
<kml:Data name="consmr_nam">
<kml:value/>
</kml:Data>
<kml:Data name="trafo_loc">
<kml:value/>
</kml:Data>
<kml:Data name="trafo_mnt">
<kml:value>Double Pole</kml:value>
</kml:Data>
<kml:Data name="angle"/>
<kml:Data name="tap_pole"/>
<kml:Data name="end_type">
<kml:value/>
</kml:Data>
<kml:Data name="rs_con"/>
<kml:Data name="rs_con1">
<kml:value>0.0</kml:value>
</kml:Data>
<kml:Data name="rs_con3">
<kml:value>0.0</kml:value>
</kml:Data>
<kml:Data name="sc_con">
<kml:value>0.0</kml:value>
</kml:Data>
<kml:Data name="lc_con">
<kml:value>0.0</kml:value>
</kml:Data>
<kml:Data name="si_con">
<kml:value>0.0</kml:value>
</kml:Data>
<kml:Data name="li_con">
<kml:value>0.0</kml:value>
</kml:Data>
<kml:Data name="pb_con">
<kml:value>0.0</kml:value>
</kml:Data>
<kml:Data name="ag_con">
<kml:value>0.0</kml:value>
</kml:Data>
<kml:Data name="st_con">
<kml:value>0.0</kml:value>
</kml:Data>
<kml:Data name="remarks">
<kml:value/>
</kml:Data>
<kml:Data name="wo_id">
<kml:value>386</kml:value>
</kml:Data>
<kml:Data name="sequence"/>
</kml:ExtendedData>
<kml:Point>
<kml:coordinates>67.88493502530291,29.557721901291206</kml:coordinates>
</kml:Point>
</kml:Placemark>
<kml:Placemark id="equipment_materialized.419892">
<kml:ExtendedData>
<kml:Data name="section_id">
<kml:value>02001314140120254</kml:value>
</kml:Data>
<kml:Data name="feedercode">
<kml:value>020013</kml:value>
</kml:Data>
<kml:Data name="substation">
<kml:value>220 KV-SIBI</kml:value>
</kml:Data>
<kml:Data name="gps_no">
<kml:value>14140120251</kml:value>
</kml:Data>
<kml:Data name="s_e">
<kml:value/>
</kml:Data>
<kml:Data name="pole_phase">
<kml:value>R-Y-B</kml:value>
</kml:Data>
<kml:Data name="pole_use"/>
<kml:Data name="fdr_on_pol">
<kml:value>1.0</kml:value>
</kml:Data>
<kml:Data name="pol_hght">
<kml:value>36</kml:value>
</kml:Data>
<kml:Data name="pole_type">
<kml:value>PC Ordinary</kml:value>
</kml:Data>
<kml:Data name="eqp_type">
<kml:value>Primary Pole</kml:value>
</kml:Data>
<kml:Data name="eqp_number">
<kml:value/>
</kml:Data>
<kml:Data name="eqp_unit"/>
<kml:Data name="eqp_size">
<kml:value/>
</kml:Data>
<kml:Data name="eqp_phase">
<kml:value/>
</kml:Data>
<kml:Data name="eqp_use"/>
<kml:Data name="eqp_status">
<kml:value/>
</kml:Data>
<kml:Data name="trafo_mke"/>
<kml:Data name="consmr_nam">
<kml:value/>
</kml:Data>
<kml:Data name="trafo_loc">
<kml:value/>
</kml:Data>
<kml:Data name="trafo_mnt"/>
<kml:Data name="angle"/>
<kml:Data name="tap_pole"/>
<kml:Data name="end_type">
<kml:value/>
</kml:Data>
<kml:Data name="rs_con"/>
<kml:Data name="rs_con1">
<kml:value>0.0</kml:value>
</kml:Data>
<kml:Data name="rs_con3">
<kml:value>0.0</kml:value>
</kml:Data>
<kml:Data name="sc_con">
<kml:value>0.0</kml:value>
</kml:Data>
<kml:Data name="lc_con">
<kml:value>0.0</kml:value>
</kml:Data>
<kml:Data name="si_con">
<kml:value>0.0</kml:value>
</kml:Data>
<kml:Data name="li_con">
<kml:value>0.0</kml:value>
</kml:Data>
<kml:Data name="pb_con">
<kml:value>0.0</kml:value>
</kml:Data>
<kml:Data name="ag_con">
<kml:value>0.0</kml:value>
</kml:Data>
<kml:Data name="st_con">
<kml:value>0.0</kml:value>
</kml:Data>
<kml:Data name="remarks">
<kml:value/>
</kml:Data>
<kml:Data name="wo_id">
<kml:value>386</kml:value>
</kml:Data>
<kml:Data name="sequence">
<kml:value>0</kml:value>
</kml:Data>
</kml:ExtendedData>
<kml:Point>
<kml:coordinates>67.88656800215807,29.55369684800392</kml:coordinates>
</kml:Point>
</kml:Placemark>
<kml:Placemark id="equipment_materialized.419893">
<kml:ExtendedData>
<kml:Data name="section_id">
<kml:value>02001314140120254</kml:value>
</kml:Data>
<kml:Data name="feedercode">
<kml:value>020013</kml:value>
</kml:Data>
<kml:Data name="substation">
<kml:value>220 KV-SIBI</kml:value>
</kml:Data>
<kml:Data name="gps_no">
<kml:value>14140120252</kml:value>
</kml:Data>
<kml:Data name="s_e">
<kml:value/>
</kml:Data>
<kml:Data name="pole_phase">
<kml:value>R-Y-B</kml:value>
</kml:Data>
<kml:Data name="pole_use"/>
<kml:Data name="fdr_on_pol">
<kml:value>1.0</kml:value>
</kml:Data>
<kml:Data name="pol_hght">
<kml:value>36</kml:value>
</kml:Data>
<kml:Data name="pole_type">
<kml:value>PC Ordinary</kml:value>
</kml:Data>
<kml:Data name="eqp_type">
<kml:value>Primary Pole</kml:value>
</kml:Data>
<kml:Data name="eqp_number">
<kml:value/>
</kml:Data>
<kml:Data name="eqp_unit"/>
<kml:Data name="eqp_size">
<kml:value/>
</kml:Data>
<kml:Data name="eqp_phase">
<kml:value/>
</kml:Data>
<kml:Data name="eqp_use"/>
<kml:Data name="eqp_status">
<kml:value/>
</kml:Data>
<kml:Data name="trafo_mke"/>
<kml:Data name="consmr_nam">
<kml:value/>
</kml:Data>
<kml:Data name="trafo_loc">
<kml:value/>
</kml:Data>
<kml:Data name="trafo_mnt"/>
<kml:Data name="angle"/>
<kml:Data name="tap_pole"/>
<kml:Data name="end_type">
<kml:value/>
</kml:Data>
<kml:Data name="rs_con"/>
<kml:Data name="rs_con1">
<kml:value>0.0</kml:value>
</kml:Data>
<kml:Data name="rs_con3">
<kml:value>0.0</kml:value>
</kml:Data>
<kml:Data name="sc_con">
<kml:value>0.0</kml:value>
</kml:Data>
<kml:Data name="lc_con">
<kml:value>0.0</kml:value>
</kml:Data>
<kml:Data name="si_con">
<kml:value>0.0</kml:value>
</kml:Data>
<kml:Data name="li_con">
<kml:value>0.0</kml:value>
</kml:Data>
<kml:Data name="pb_con">
<kml:value>0.0</kml:value>
</kml:Data>
<kml:Data name="ag_con">
<kml:value>0.0</kml:value>
</kml:Data>
<kml:Data name="st_con">
<kml:value>0.0</kml:value>
</kml:Data>
<kml:Data name="remarks">
<kml:value/>
</kml:Data>
<kml:Data name="wo_id">
<kml:value>386</kml:value>
</kml:Data>
<kml:Data name="sequence">
<kml:value>1</kml:value>
</kml:Data>
</kml:ExtendedData>
<kml:Point>
<kml:coordinates>67.88560800091842,29.55368789571131</kml:coordinates>
</kml:Point>
</kml:Placemark>
<kml:Placemark id="equipment_materialized.419894">
<kml:ExtendedData>
<kml:Data name="section_id">
<kml:value>02001314140120254</kml:value>
</kml:Data>
<kml:Data name="feedercode">
<kml:value>020013</kml:value>
</kml:Data>
<kml:Data name="substation">
<kml:value>220 KV-SIBI</kml:value>
</kml:Data>
<kml:Data name="gps_no">
<kml:value>14140120253</kml:value>
</kml:Data>
<kml:Data name="s_e">
<kml:value/>
</kml:Data>
<kml:Data name="pole_phase">
<kml:value>R-Y-B</kml:value>
</kml:Data>
<kml:Data name="pole_use"/>
<kml:Data name="fdr_on_pol">
<kml:value>1.0</kml:value>
</kml:Data>
<kml:Data name="pol_hght">
<kml:value>36</kml:value>
</kml:Data>
<kml:Data name="pole_type">
<kml:value>PC Ordinary</kml:value>
</kml:Data>
<kml:Data name="eqp_type">
<kml:value>Primary Pole</kml:value>
</kml:Data>
<kml:Data name="eqp_number">
<kml:value/>
</kml:Data>
<kml:Data name="eqp_unit"/>
<kml:Data name="eqp_size">
<kml:value/>
</kml:Data>
<kml:Data name="eqp_phase">
<kml:value/>
</kml:Data>
<kml:Data name="eqp_use"/>
<kml:Data name="eqp_status">
<kml:value/>
</kml:Data>
<kml:Data name="trafo_mke"/>
<kml:Data name="consmr_nam">
<kml:value/>
</kml:Data>
<kml:Data name="trafo_loc">
<kml:value/>
</kml:Data>
<kml:Data name="trafo_mnt"/>
<kml:Data name="angle"/>
<kml:Data name="tap_pole"/>
<kml:Data name="end_type">
<kml:value/>
</kml:Data>
<kml:Data name="rs_con"/>
<kml:Data name="rs_con1">
<kml:value>0.0</kml:value>
</kml:Data>
<kml:Data name="rs_con3">
<kml:value>0.0</kml:value>
</kml:Data>
<kml:Data name="sc_con">
<kml:value>0.0</kml:value>
</kml:Data>
<kml:Data name="lc_con">
<kml:value>0.0</kml:value>
</kml:Data>
<kml:Data name="si_con">
<kml:value>0.0</kml:value>
</kml:Data>
<kml:Data name="li_con">
<kml:value>0.0</kml:value>
</kml:Data>
<kml:Data name="pb_con">
<kml:value>0.0</kml:value>
</kml:Data>
<kml:Data name="ag_con">
<kml:value>0.0</kml:value>
</kml:Data>
<kml:Data name="st_con">
<kml:value>0.0</kml:value>
</kml:Data>
<kml:Data name="remarks">
<kml:value/>
</kml:Data>
<kml:Data name="wo_id">
<kml:value>386</kml:value>
</kml:Data>
<kml:Data name="sequence">
<kml:value>2</kml:value>
</kml:Data>
</kml:ExtendedData>
<kml:Point>
<kml:coordinates>67.88450798023777,29.553693914351104</kml:coordinates>
</kml:Point>
</kml:Placemark>
<kml:Placemark id="equipment_materialized.419895">
<kml:ExtendedData>
<kml:Data name="section_id">
<kml:value>02001314140120254</kml:value>
</kml:Data>
<kml:Data name="feedercode">
<kml:value>020013</kml:value>
</kml:Data>
<kml:Data name="substation">
<kml:value>220 KV-SIBI</kml:value>
</kml:Data>
<kml:Data name="gps_no">
<kml:value>14140120254</kml:value>
</kml:Data>
<kml:Data name="s_e">
<kml:value>E</kml:value>
</kml:Data>
<kml:Data name="pole_phase">
<kml:value>R-Y-B</kml:value>
</kml:Data>
<kml:Data name="pole_use"/>
<kml:Data name="fdr_on_pol">
<kml:value>1.0</kml:value>
</kml:Data>
<kml:Data name="pol_hght">
<kml:value>36</kml:value>
</kml:Data>
<kml:Data name="pole_type">
<kml:value>Steel Structure</kml:value>
</kml:Data>
<kml:Data name="eqp_type">
<kml:value>Primary Pole</kml:value>
</kml:Data>
<kml:Data name="eqp_number">
<kml:value/>
</kml:Data>
<kml:Data name="eqp_unit"/>
<kml:Data name="eqp_size">
<kml:value/>
</kml:Data>
<kml:Data name="eqp_phase">
<kml:value/>
</kml:Data>
<kml:Data name="eqp_use"/>
<kml:Data name="eqp_status">
<kml:value/>
</kml:Data>
<kml:Data name="trafo_mke"/>
<kml:Data name="consmr_nam">
<kml:value/>
</kml:Data>
<kml:Data name="trafo_loc">
<kml:value/>
</kml:Data>
<kml:Data name="trafo_mnt"/>
<kml:Data name="angle"/>
<kml:Data name="tap_pole"/>
<kml:Data name="end_type">
<kml:value/>
</kml:Data>
<kml:Data name="rs_con"/>
<kml:Data name="rs_con1">
<kml:value>0.0</kml:value>
</kml:Data>
<kml:Data name="rs_con3">
<kml:value>0.0</kml:value>
</kml:Data>
<kml:Data name="sc_con">
<kml:value>0.0</kml:value>
</kml:Data>
<kml:Data name="lc_con">
<kml:value>0.0</kml:value>
</kml:Data>
<kml:Data name="si_con">
<kml:value>0.0</kml:value>
</kml:Data>
<kml:Data name="li_con">
<kml:value>0.0</kml:value>
</kml:Data>
<kml:Data name="pb_con">
<kml:value>0.0</kml:value>
</kml:Data>
<kml:Data name="ag_con">
<kml:value>0.0</kml:value>
</kml:Data>
<kml:Data name="st_con">
<kml:value>0.0</kml:value>
</kml:Data>
<kml:Data name="remarks">
<kml:value/>
</kml:Data>
<kml:Data name="wo_id">
<kml:value>386</kml:value>
</kml:Data>
<kml:Data name="sequence"/>
</kml:ExtendedData>
<kml:Point>
<kml:coordinates>67.88340702974936,29.55362492384402</kml:coordinates>
</kml:Point>
</kml:Placemark>
<kml:Placemark id="equipment_materialized.419897">
<kml:ExtendedData>
<kml:Data name="section_id">
<kml:value>02001314140120255</kml:value>
</kml:Data>
<kml:Data name="feedercode">
<kml:value>020013</kml:value>
</kml:Data>
<kml:Data name="substation">
<kml:value>220 KV-SIBI</kml:value>
</kml:Data>
<kml:Data name="gps_no">
<kml:value>14140120255</kml:value>
</kml:Data>
<kml:Data name="s_e">
<kml:value>E</kml:value>
</kml:Data>
<kml:Data name="pole_phase">
<kml:value>R-Y-B</kml:value>
</kml:Data>
<kml:Data name="pole_use"/>
<kml:Data name="fdr_on_pol">
<kml:value>1.0</kml:value>
</kml:Data>
<kml:Data name="pol_hght">
<kml:value>36</kml:value>
</kml:Data>
<kml:Data name="pole_type">
<kml:value>Steel Structure</kml:value>
</kml:Data>
<kml:Data name="eqp_type">
<kml:value>Transformer</kml:value>
</kml:Data>
<kml:Data name="eqp_number">
<kml:value>T-14140120255</kml:value>
</kml:Data>
<kml:Data name="eqp_unit"/>
<kml:Data name="eqp_size">
<kml:value>50</kml:value>
</kml:Data>
<kml:Data name="eqp_phase">
<kml:value>R-Y-B</kml:value>
</kml:Data>
<kml:Data name="eqp_use">
<kml:value>General Duty</kml:value>
</kml:Data>
<kml:Data name="eqp_status">
<kml:value>Connected</kml:value>
</kml:Data>
<kml:Data name="trafo_mke">
<kml:value>Siemens</kml:value>
</kml:Data>
<kml:Data name="consmr_nam">
<kml:value/>
</kml:Data>
<kml:Data name="trafo_loc">
<kml:value/>
</kml:Data>
<kml:Data name="trafo_mnt">
<kml:value>Double Pole</kml:value>
</kml:Data>
<kml:Data name="angle"/>
<kml:Data name="tap_pole"/>
<kml:Data name="end_type">
<kml:value/>
</kml:Data>
<kml:Data name="rs_con"/>
<kml:Data name="rs_con1">
<kml:value>0.0</kml:value>
</kml:Data>
<kml:Data name="rs_con3">
<kml:value>0.0</kml:value>
</kml:Data>
<kml:Data name="sc_con">
<kml:value>0.0</kml:value>
</kml:Data>
<kml:Data name="lc_con">
<kml:value>0.0</kml:value>
</kml:Data>
<kml:Data name="si_con">
<kml:value>0.0</kml:value>
</kml:Data>
<kml:Data name="li_con">
<kml:value>0.0</kml:value>
</kml:Data>
<kml:Data name="pb_con">
<kml:value>0.0</kml:value>
</kml:Data>
<kml:Data name="ag_con">
<kml:value>0.0</kml:value>
</kml:Data>
<kml:Data name="st_con">
<kml:value>0.0</kml:value>
</kml:Data>
<kml:Data name="remarks">
<kml:value/>
</kml:Data>
<kml:Data name="wo_id">
<kml:value>386</kml:value>
</kml:Data>
<kml:Data name="sequence"/>
</kml:ExtendedData>
<kml:Point>
<kml:coordinates>67.88340495075455,29.553616874711782</kml:coordinates>
</kml:Point>
</kml:Placemark>
<kml:Placemark id="equipment_materialized.419899">
<kml:ExtendedData>
<kml:Data name="section_id">
<kml:value>02001314140120258</kml:value>
</kml:Data>
<kml:Data name="feedercode">
<kml:value>020013</kml:value>
</kml:Data>
<kml:Data name="substation">
<kml:value>220 KV-SIBI</kml:value>
</kml:Data>
<kml:Data name="gps_no">
<kml:value>14140120256</kml:value>
</kml:Data>
<kml:Data name="s_e">
<kml:value/>
</kml:Data>
<kml:Data name="pole_phase">
<kml:value>R-Y-B</kml:value>
</kml:Data>
<kml:Data name="pole_use"/>
<kml:Data name="fdr_on_pol">
<kml:value>1.0</kml:value>
</kml:Data>
<kml:Data name="pol_hght">
<kml:value>36</kml:value>
</kml:Data>
<kml:Data name="pole_type">
<kml:value>Steel Structure</kml:value>
</kml:Data>
<kml:Data name="eqp_type">
<kml:value>Primary Pole</kml:value>
</kml:Data>
<kml:Data name="eqp_number">
<kml:value/>
</kml:Data>
<kml:Data name="eqp_unit"/>
<kml:Data name="eqp_size">
<kml:value/>
</kml:Data>
<kml:Data name="eqp_phase">
<kml:value/>
</kml:Data>
<kml:Data name="eqp_use"/>
<kml:Data name="eqp_status">
<kml:value/>
</kml:Data>
<kml:Data name="trafo_mke"/>
<kml:Data name="consmr_nam">
<kml:value/>
</kml:Data>
<kml:Data name="trafo_loc">
<kml:value/>
</kml:Data>
<kml:Data name="trafo_mnt"/>
<kml:Data name="angle"/>
<kml:Data name="tap_pole"/>
<kml:Data name="end_type">
<kml:value/>
</kml:Data>
<kml:Data name="rs_con"/>
<kml:Data name="rs_con1">
<kml:value>0.0</kml:value>
</kml:Data>
<kml:Data name="rs_con3">
<kml:value>0.0</kml:value>
</kml:Data>
<kml:Data name="sc_con">
<kml:value>0.0</kml:value>
</kml:Data>
<kml:Data name="lc_con">
<kml:value>0.0</kml:value>
</kml:Data>
<kml:Data name="si_con">
<kml:value>0.0</kml:value>
</kml:Data>
<kml:Data name="li_con">
<kml:value>0.0</kml:value>
</kml:Data>
<kml:Data name="pb_con">
<kml:value>0.0</kml:value>
</kml:Data>
<kml:Data name="ag_con">
<kml:value>0.0</kml:value>
</kml:Data>
<kml:Data name="st_con">
<kml:value>0.0</kml:value>
</kml:Data>
<kml:Data name="remarks">
<kml:value/>
</kml:Data>
<kml:Data name="wo_id">
<kml:value>386</kml:value>
</kml:Data>
<kml:Data name="sequence">
<kml:value>0</kml:value>
</kml:Data>
</kml:ExtendedData>
<kml:Point>
<kml:coordinates>67.8834469927559,29.553228910976046</kml:coordinates>
</kml:Point>
</kml:Placemark>
<kml:Placemark id="equipment_materialized.419900">
<kml:ExtendedData>
<kml:Data name="section_id">
<kml:value>02001314140120258</kml:value>
</kml:Data>
<kml:Data name="feedercode">
<kml:value>020013</kml:value>
</kml:Data>
<kml:Data name="substation">
<kml:value>220 KV-SIBI</kml:value>
</kml:Data>
<kml:Data name="gps_no">
<kml:value>14140120257</kml:value>
</kml:Data>
<kml:Data name="s_e">
<kml:value/>
</kml:Data>
<kml:Data name="pole_phase">
<kml:value>R-Y-B</kml:value>
</kml:Data>
<kml:Data name="pole_use"/>
<kml:Data name="fdr_on_pol">
<kml:value>1.0</kml:value>
</kml:Data>
<kml:Data name="pol_hght">
<kml:value>36</kml:value>
</kml:Data>
<kml:Data name="pole_type">
<kml:value>Steel Structure</kml:value>
</kml:Data>
<kml:Data name="eqp_type">
<kml:value>Primary Pole</kml:value>
</kml:Data>
<kml:Data name="eqp_number">
<kml:value/>
</kml:Data>
<kml:Data name="eqp_unit"/>
<kml:Data name="eqp_size">
<kml:value/>
</kml:Data>
<kml:Data name="eqp_phase">
<kml:value/>
</kml:Data>
<kml:Data name="eqp_use"/>
<kml:Data name="eqp_status">
<kml:value/>
</kml:Data>
<kml:Data name="trafo_mke"/>
<kml:Data name="consmr_nam">
<kml:value/>
</kml:Data>
<kml:Data name="trafo_loc">
<kml:value/>
</kml:Data>
<kml:Data name="trafo_mnt"/>
<kml:Data name="angle"/>
<kml:Data name="tap_pole"/>
<kml:Data name="end_type">
<kml:value/>
</kml:Data>
<kml:Data name="rs_con"/>
<kml:Data name="rs_con1">
<kml:value>0.0</kml:value>
</kml:Data>
<kml:Data name="rs_con3">
<kml:value>0.0</kml:value>
</kml:Data>
<kml:Data name="sc_con">
<kml:value>0.0</kml:value>
</kml:Data>
<kml:Data name="lc_con">
<kml:value>0.0</kml:value>
</kml:Data>
<kml:Data name="si_con">
<kml:value>0.0</kml:value>
</kml:Data>
<kml:Data name="li_con">
<kml:value>0.0</kml:value>
</kml:Data>
<kml:Data name="pb_con">
<kml:value>0.0</kml:value>
</kml:Data>
<kml:Data name="ag_con">
<kml:value>0.0</kml:value>
</kml:Data>
<kml:Data name="st_con">
<kml:value>0.0</kml:value>
</kml:Data>
<kml:Data name="remarks">
<kml:value/>
</kml:Data>
<kml:Data name="wo_id">
<kml:value>386</kml:value>
</kml:Data>
<kml:Data name="sequence">
<kml:value>1</kml:value>
</kml:Data>
</kml:ExtendedData>
<kml:Point>
<kml:coordinates>67.88349003660278,29.552824892302826</kml:coordinates>
</kml:Point>
</kml:Placemark>
<kml:Placemark id="equipment_materialized.419901">
<kml:ExtendedData>
<kml:Data name="section_id">
<kml:value>02001314140120258</kml:value>
</kml:Data>
<kml:Data name="feedercode">
<kml:value>020013</kml:value>
</kml:Data>
<kml:Data name="substation">
<kml:value>220 KV-SIBI</kml:value>
</kml:Data>
<kml:Data name="gps_no">
<kml:value>14140120258</kml:value>
</kml:Data>
<kml:Data name="s_e">
<kml:value>E</kml:value>
</kml:Data>
<kml:Data name="pole_phase">
<kml:value>R-Y-B</kml:value>
</kml:Data>
<kml:Data name="pole_use"/>
<kml:Data name="fdr_on_pol">
<kml:value>1.0</kml:value>
</kml:Data>
<kml:Data name="pol_hght">
<kml:value>36</kml:value>
</kml:Data>
<kml:Data name="pole_type">
<kml:value>Steel Structure</kml:value>
</kml:Data>
<kml:Data name="eqp_type">
<kml:value>Primary Pole</kml:value>
</kml:Data>
<kml:Data name="eqp_number">
<kml:value/>
</kml:Data>
<kml:Data name="eqp_unit"/>
<kml:Data name="eqp_size">
<kml:value/>
</kml:Data>
<kml:Data name="eqp_phase">
<kml:value/>
</kml:Data>
<kml:Data name="eqp_use"/>
<kml:Data name="eqp_status">
<kml:value/>
</kml:Data>
<kml:Data name="trafo_mke"/>
<kml:Data name="consmr_nam">
<kml:value/>
</kml:Data>
<kml:Data name="trafo_loc">
<kml:value/>
</kml:Data>
<kml:Data name="trafo_mnt"/>
<kml:Data name="angle"/>
<kml:Data name="tap_pole"/>
<kml:Data name="end_type">
<kml:value/>
</kml:Data>
<kml:Data name="rs_con"/>
<kml:Data name="rs_con1">
<kml:value>0.0</kml:value>
</kml:Data>
<kml:Data name="rs_con3">
<kml:value>0.0</kml:value>
</kml:Data>
<kml:Data name="sc_con">
<kml:value>0.0</kml:value>
</kml:Data>
<kml:Data name="lc_con">
<kml:value>0.0</kml:value>
</kml:Data>
<kml:Data name="si_con">
<kml:value>0.0</kml:value>
</kml:Data>
<kml:Data name="li_con">
<kml:value>0.0</kml:value>
</kml:Data>
<kml:Data name="pb_con">
<kml:value>0.0</kml:value>
</kml:Data>
<kml:Data name="ag_con">
<kml:value>0.0</kml:value>
</kml:Data>
<kml:Data name="st_con">
<kml:value>0.0</kml:value>
</kml:Data>
<kml:Data name="remarks">
<kml:value/>
</kml:Data>
<kml:Data name="wo_id">
<kml:value>386</kml:value>
</kml:Data>
<kml:Data name="sequence"/>
</kml:ExtendedData>
<kml:Point>
<kml:coordinates>67.88294897490194,29.552713856609188</kml:coordinates>
</kml:Point>
</kml:Placemark>
<kml:Placemark id="equipment_materialized.419903">
<kml:ExtendedData>
<kml:Data name="section_id">
<kml:value>02001314140120259</kml:value>
</kml:Data>
<kml:Data name="feedercode">
<kml:value>020013</kml:value>
</kml:Data>
<kml:Data name="substation">
<kml:value>220 KV-SIBI</kml:value>
</kml:Data>
<kml:Data name="gps_no">
<kml:value>14140120259</kml:value>
</kml:Data>
<kml:Data name="s_e">
<kml:value>E</kml:value>
</kml:Data>
<kml:Data name="pole_phase">
<kml:value>R-Y-B</kml:value>
</kml:Data>
<kml:Data name="pole_use"/>
<kml:Data name="fdr_on_pol">
<kml:value>1.0</kml:value>
</kml:Data>
<kml:Data name="pol_hght">
<kml:value>36</kml:value>
</kml:Data>
<kml:Data name="pole_type">
<kml:value>Steel Structure</kml:value>
</kml:Data>
<kml:Data name="eqp_type">
<kml:value>Primary Pole</kml:value>
</kml:Data>
<kml:Data name="eqp_number">
<kml:value/>
</kml:Data>
<kml:Data name="eqp_unit"/>
<kml:Data name="eqp_size">
<kml:value/>
</kml:Data>
<kml:Data name="eqp_phase">
<kml:value/>
</kml:Data>
<kml:Data name="eqp_use"/>
<kml:Data name="eqp_status">
<kml:value/>
</kml:Data>
<kml:Data name="trafo_mke"/>
<kml:Data name="consmr_nam">
<kml:value/>
</kml:Data>
<kml:Data name="trafo_loc">
<kml:value/>
</kml:Data>
<kml:Data name="trafo_mnt"/>
<kml:Data name="angle"/>
<kml:Data name="tap_pole"/>
<kml:Data name="end_type">
<kml:value/>
</kml:Data>
<kml:Data name="rs_con"/>
<kml:Data name="rs_con1">
<kml:value>0.0</kml:value>
</kml:Data>
<kml:Data name="rs_con3">
<kml:value>0.0</kml:value>
</kml:Data>
<kml:Data name="sc_con">
<kml:value>0.0</kml:value>
</kml:Data>
<kml:Data name="lc_con">
<kml:value>0.0</kml:value>
</kml:Data>
<kml:Data name="si_con">
<kml:value>0.0</kml:value>
</kml:Data>
<kml:Data name="li_con">
<kml:value>0.0</kml:value>
</kml:Data>
<kml:Data name="pb_con">
<kml:value>0.0</kml:value>
</kml:Data>
<kml:Data name="ag_con">
<kml:value>0.0</kml:value>
</kml:Data>
<kml:Data name="st_con">
<kml:value>0.0</kml:value>
</kml:Data>
<kml:Data name="remarks">
<kml:value/>
</kml:Data>
<kml:Data name="wo_id">
<kml:value>386</kml:value>
</kml:Data>
<kml:Data name="sequence"/>
</kml:ExtendedData>
<kml:Point>
<kml:coordinates>67.88786800958864,29.552233882302275</kml:coordinates>
</kml:Point>
</kml:Placemark>
<kml:Placemark id="equipment_materialized.419905">
<kml:ExtendedData>
<kml:Data name="section_id">
<kml:value>02001314140120260</kml:value>
</kml:Data>
<kml:Data name="feedercode">
<kml:value>020013</kml:value>
</kml:Data>
<kml:Data name="substation">
<kml:value>220 KV-SIBI</kml:value>
</kml:Data>
<kml:Data name="gps_no">
<kml:value>14140120260</kml:value>
</kml:Data>
<kml:Data name="s_e">
<kml:value>E</kml:value>
</kml:Data>
<kml:Data name="pole_phase">
<kml:value>R-Y-B</kml:value>
</kml:Data>
<kml:Data name="pole_use"/>
<kml:Data name="fdr_on_pol">
<kml:value>1.0</kml:value>
</kml:Data>
<kml:Data name="pol_hght">
<kml:value>36</kml:value>
</kml:Data>
<kml:Data name="pole_type">
<kml:value>Steel Structure</kml:value>
</kml:Data>
<kml:Data name="eqp_type">
<kml:value>Primary Pole</kml:value>
</kml:Data>
<kml:Data name="eqp_number">
<kml:value/>
</kml:Data>
<kml:Data name="eqp_unit"/>
<kml:Data name="eqp_size">
<kml:value/>
</kml:Data>
<kml:Data name="eqp_phase">
<kml:value/>
</kml:Data>
<kml:Data name="eqp_use"/>
<kml:Data name="eqp_status">
<kml:value/>
</kml:Data>
<kml:Data name="trafo_mke"/>
<kml:Data name="consmr_nam">
<kml:value/>
</kml:Data>
<kml:Data name="trafo_loc">
<kml:value/>
</kml:Data>
<kml:Data name="trafo_mnt"/>
<kml:Data name="angle"/>
<kml:Data name="tap_pole"/>
<kml:Data name="end_type">
<kml:value>SDE</kml:value>
</kml:Data>
<kml:Data name="rs_con"/>
<kml:Data name="rs_con1">
<kml:value>0.0</kml:value>
</kml:Data>
<kml:Data name="rs_con3">
<kml:value>0.0</kml:value>
</kml:Data>
<kml:Data name="sc_con">
<kml:value>0.0</kml:value>
</kml:Data>
<kml:Data name="lc_con">
<kml:value>0.0</kml:value>
</kml:Data>
<kml:Data name="si_con">
<kml:value>0.0</kml:value>
</kml:Data>
<kml:Data name="li_con">
<kml:value>0.0</kml:value>
</kml:Data>
<kml:Data name="pb_con">
<kml:value>0.0</kml:value>
</kml:Data>
<kml:Data name="ag_con">
<kml:value>0.0</kml:value>
</kml:Data>
<kml:Data name="st_con">
<kml:value>0.0</kml:value>
</kml:Data>
<kml:Data name="remarks">
<kml:value/>
</kml:Data>
<kml:Data name="wo_id">
<kml:value>386</kml:value>
</kml:Data>
<kml:Data name="sequence"/>
</kml:ExtendedData>
<kml:Point>
<kml:coordinates>67.88833799566781,29.55238888351981</kml:coordinates>
</kml:Point>
</kml:Placemark>
<kml:Placemark id="equipment_materialized.419907">
<kml:ExtendedData>
<kml:Data name="section_id">
<kml:value>02001314140120261</kml:value>
</kml:Data>
<kml:Data name="feedercode">
<kml:value>020013</kml:value>
</kml:Data>
<kml:Data name="substation">
<kml:value>220 KV-SIBI</kml:value>
</kml:Data>
<kml:Data name="gps_no">
<kml:value>14140120261</kml:value>
</kml:Data>
<kml:Data name="s_e">
<kml:value>E</kml:value>
</kml:Data>
<kml:Data name="pole_phase">
<kml:value>R-Y-B</kml:value>
</kml:Data>
<kml:Data name="pole_use"/>
<kml:Data name="fdr_on_pol">
<kml:value>1.0</kml:value>
</kml:Data>
<kml:Data name="pol_hght">
<kml:value>36</kml:value>
</kml:Data>
<kml:Data name="pole_type">
<kml:value>Steel Structure</kml:value>
</kml:Data>
<kml:Data name="eqp_type">
<kml:value>Transformer</kml:value>
</kml:Data>
<kml:Data name="eqp_number">
<kml:value>T-14140120261</kml:value>
</kml:Data>
<kml:Data name="eqp_unit"/>
<kml:Data name="eqp_size">
<kml:value>200</kml:value>
</kml:Data>
<kml:Data name="eqp_phase">
<kml:value>R-Y-B</kml:value>
</kml:Data>
<kml:Data name="eqp_use">
<kml:value>General Duty</kml:value>
</kml:Data>
<kml:Data name="eqp_status">
<kml:value>Connected</kml:value>
</kml:Data>
<kml:Data name="trafo_mke">
<kml:value>Siemens</kml:value>
</kml:Data>
<kml:Data name="consmr_nam">
<kml:value/>
</kml:Data>
<kml:Data name="trafo_loc">
<kml:value/>
</kml:Data>
<kml:Data name="trafo_mnt">
<kml:value>Pad Mounted</kml:value>
</kml:Data>
<kml:Data name="angle"/>
<kml:Data name="tap_pole"/>
<kml:Data name="end_type">
<kml:value/>
</kml:Data>
<kml:Data name="rs_con"/>
<kml:Data name="rs_con1">
<kml:value>0.0</kml:value>
</kml:Data>
<kml:Data name="rs_con3">
<kml:value>0.0</kml:value>
</kml:Data>
<kml:Data name="sc_con">
<kml:value>0.0</kml:value>
</kml:Data>
<kml:Data name="lc_con">
<kml:value>0.0</kml:value>
</kml:Data>
<kml:Data name="si_con">
<kml:value>0.0</kml:value>
</kml:Data>
<kml:Data name="li_con">
<kml:value>0.0</kml:value>
</kml:Data>
<kml:Data name="pb_con">
<kml:value>0.0</kml:value>
</kml:Data>
<kml:Data name="ag_con">
<kml:value>0.0</kml:value>
</kml:Data>
<kml:Data name="st_con">
<kml:value>0.0</kml:value>
</kml:Data>
<kml:Data name="remarks">
<kml:value/>
</kml:Data>
<kml:Data name="wo_id">
<kml:value>386</kml:value>
</kml:Data>
<kml:Data name="sequence"/>
</kml:ExtendedData>
<kml:Point>
<kml:coordinates>67.88833500719437,29.5523978828555</kml:coordinates>
</kml:Point>
</kml:Placemark>
<kml:Placemark id="equipment_materialized.419909">
<kml:ExtendedData>
<kml:Data name="section_id">
<kml:value>02001314140120262</kml:value>
</kml:Data>
<kml:Data name="feedercode">
<kml:value>020013</kml:value>
</kml:Data>
<kml:Data name="substation">
<kml:value>220 KV-SIBI</kml:value>
</kml:Data>
<kml:Data name="gps_no">
<kml:value>14140120262</kml:value>
</kml:Data>
<kml:Data name="s_e">
<kml:value>E</kml:value>
</kml:Data>
<kml:Data name="pole_phase">
<kml:value>R-Y-B</kml:value>
</kml:Data>
<kml:Data name="pole_use"/>
<kml:Data name="fdr_on_pol">
<kml:value>1.0</kml:value>
</kml:Data>
<kml:Data name="pol_hght">
<kml:value>36</kml:value>
</kml:Data>
<kml:Data name="pole_type">
<kml:value>Steel Structure</kml:value>
</kml:Data>
<kml:Data name="eqp_type">
<kml:value>Transformer</kml:value>
</kml:Data>
<kml:Data name="eqp_number">
<kml:value>T-14140120262</kml:value>
</kml:Data>
<kml:Data name="eqp_unit"/>
<kml:Data name="eqp_size">
<kml:value>25</kml:value>
</kml:Data>
<kml:Data name="eqp_phase">
<kml:value>R-Y-B</kml:value>
</kml:Data>
<kml:Data name="eqp_use">
<kml:value>General Duty</kml:value>
</kml:Data>
<kml:Data name="eqp_status">
<kml:value>Connected</kml:value>
</kml:Data>
<kml:Data name="trafo_mke">
<kml:value>Siemens</kml:value>
</kml:Data>
<kml:Data name="consmr_nam">
<kml:value/>
</kml:Data>
<kml:Data name="trafo_loc">
<kml:value/>
</kml:Data>
<kml:Data name="trafo_mnt">
<kml:value>Pad Mounted</kml:value>
</kml:Data>
<kml:Data name="angle"/>
<kml:Data name="tap_pole"/>
<kml:Data name="end_type">
<kml:value/>
</kml:Data>
<kml:Data name="rs_con"/>
<kml:Data name="rs_con1">
<kml:value>0.0</kml:value>
</kml:Data>
<kml:Data name="rs_con3">
<kml:value>0.0</kml:value>
</kml:Data>
<kml:Data name="sc_con">
<kml:value>0.0</kml:value>
</kml:Data>
<kml:Data name="lc_con">
<kml:value>0.0</kml:value>
</kml:Data>
<kml:Data name="si_con">
<kml:value>0.0</kml:value>
</kml:Data>
<kml:Data name="li_con">
<kml:value>0.0</kml:value>
</kml:Data>
<kml:Data name="pb_con">
<kml:value>0.0</kml:value>
</kml:Data>
<kml:Data name="ag_con">
<kml:value>0.0</kml:value>
</kml:Data>
<kml:Data name="st_con">
<kml:value>0.0</kml:value>
</kml:Data>
<kml:Data name="remarks">
<kml:value/>
</kml:Data>
<kml:Data name="wo_id">
<kml:value>386</kml:value>
</kml:Data>
<kml:Data name="sequence"/>
</kml:ExtendedData>
<kml:Point>
<kml:coordinates>67.88834202602507,29.55239785134626</kml:coordinates>
</kml:Point>
</kml:Placemark>
<kml:Placemark id="equipment_materialized.419911">
<kml:ExtendedData>
<kml:Data name="section_id">
<kml:value>02001314140120263</kml:value>
</kml:Data>
<kml:Data name="feedercode">
<kml:value>020013</kml:value>
</kml:Data>
<kml:Data name="substation">
<kml:value>220 KV-SIBI</kml:value>
</kml:Data>
<kml:Data name="gps_no">
<kml:value>14140120263</kml:value>
</kml:Data>
<kml:Data name="s_e">
<kml:value>E</kml:value>
</kml:Data>
<kml:Data name="pole_phase">
<kml:value>R-Y-B</kml:value>
</kml:Data>
<kml:Data name="pole_use"/>
<kml:Data name="fdr_on_pol">
<kml:value>1.0</kml:value>
</kml:Data>
<kml:Data name="pol_hght">
<kml:value>36</kml:value>
</kml:Data>
<kml:Data name="pole_type">
<kml:value>Steel Structure</kml:value>
</kml:Data>
<kml:Data name="eqp_type">
<kml:value>Primary Pole</kml:value>
</kml:Data>
<kml:Data name="eqp_number">
<kml:value/>
</kml:Data>
<kml:Data name="eqp_unit"/>
<kml:Data name="eqp_size">
<kml:value/>
</kml:Data>
<kml:Data name="eqp_phase">
<kml:value/>
</kml:Data>
<kml:Data name="eqp_use"/>
<kml:Data name="eqp_status">
<kml:value/>
</kml:Data>
<kml:Data name="trafo_mke"/>
<kml:Data name="consmr_nam">
<kml:value/>
</kml:Data>
<kml:Data name="trafo_loc">
<kml:value/>
</kml:Data>
<kml:Data name="trafo_mnt"/>
<kml:Data name="angle"/>
<kml:Data name="tap_pole"/>
<kml:Data name="end_type">
<kml:value/>
</kml:Data>
<kml:Data name="rs_con"/>
<kml:Data name="rs_con1">
<kml:value>0.0</kml:value>
</kml:Data>
<kml:Data name="rs_con3">
<kml:value>0.0</kml:value>
</kml:Data>
<kml:Data name="sc_con">
<kml:value>0.0</kml:value>
</kml:Data>
<kml:Data name="lc_con">
<kml:value>0.0</kml:value>
</kml:Data>
<kml:Data name="si_con">
<kml:value>0.0</kml:value>
</kml:Data>
<kml:Data name="li_con">
<kml:value>0.0</kml:value>
</kml:Data>
<kml:Data name="pb_con">
<kml:value>0.0</kml:value>
</kml:Data>
<kml:Data name="ag_con">
<kml:value>0.0</kml:value>
</kml:Data>
<kml:Data name="st_con">
<kml:value>0.0</kml:value>
</kml:Data>
<kml:Data name="remarks">
<kml:value/>
</kml:Data>
<kml:Data name="wo_id">
<kml:value>386</kml:value>
</kml:Data>
<kml:Data name="sequence"/>
</kml:ExtendedData>
<kml:Point>
<kml:coordinates>67.88757900677527,29.55090587676735</kml:coordinates>
</kml:Point>
</kml:Placemark>
<kml:Placemark id="equipment_materialized.419913">
<kml:ExtendedData>
<kml:Data name="section_id">
<kml:value>02001314140120264</kml:value>
</kml:Data>
<kml:Data name="feedercode">
<kml:value>020013</kml:value>
</kml:Data>
<kml:Data name="substation">
<kml:value>220 KV-SIBI</kml:value>
</kml:Data>
<kml:Data name="gps_no">
<kml:value>14140120264</kml:value>
</kml:Data>
<kml:Data name="s_e">
<kml:value>E</kml:value>
</kml:Data>
<kml:Data name="pole_phase">
<kml:value>R-Y-B</kml:value>
</kml:Data>
<kml:Data name="pole_use"/>
<kml:Data name="fdr_on_pol">
<kml:value>1.0</kml:value>
</kml:Data>
<kml:Data name="pol_hght">
<kml:value>36</kml:value>
</kml:Data>
<kml:Data name="pole_type">
<kml:value>Steel Structure</kml:value>
</kml:Data>
<kml:Data name="eqp_type">
<kml:value>Primary Pole</kml:value>
</kml:Data>
<kml:Data name="eqp_number">
<kml:value/>
</kml:Data>
<kml:Data name="eqp_unit"/>
<kml:Data name="eqp_size">
<kml:value/>
</kml:Data>
<kml:Data name="eqp_phase">
<kml:value/>
</kml:Data>
<kml:Data name="eqp_use"/>
<kml:Data name="eqp_status">
<kml:value/>
</kml:Data>
<kml:Data name="trafo_mke"/>
<kml:Data name="consmr_nam">
<kml:value/>
</kml:Data>
<kml:Data name="trafo_loc">
<kml:value/>
</kml:Data>
<kml:Data name="trafo_mnt"/>
<kml:Data name="angle"/>
<kml:Data name="tap_pole"/>
<kml:Data name="end_type">
<kml:value>SDE</kml:value>
</kml:Data>
<kml:Data name="rs_con"/>
<kml:Data name="rs_con1">
<kml:value>0.0</kml:value>
</kml:Data>
<kml:Data name="rs_con3">
<kml:value>0.0</kml:value>
</kml:Data>
<kml:Data name="sc_con">
<kml:value>0.0</kml:value>
</kml:Data>
<kml:Data name="lc_con">
<kml:value>0.0</kml:value>
</kml:Data>
<kml:Data name="si_con">
<kml:value>0.0</kml:value>
</kml:Data>
<kml:Data name="li_con">
<kml:value>0.0</kml:value>
</kml:Data>
<kml:Data name="pb_con">
<kml:value>0.0</kml:value>
</kml:Data>
<kml:Data name="ag_con">
<kml:value>0.0</kml:value>
</kml:Data>
<kml:Data name="st_con">
<kml:value>0.0</kml:value>
</kml:Data>
<kml:Data name="remarks">
<kml:value/>
</kml:Data>
<kml:Data name="wo_id">
<kml:value>386</kml:value>
</kml:Data>
<kml:Data name="sequence"/>
</kml:ExtendedData>
<kml:Point>
<kml:coordinates>67.88758695756938,29.551046903599868</kml:coordinates>
</kml:Point>
</kml:Placemark>
<kml:Placemark id="equipment_materialized.419915">
<kml:ExtendedData>
<kml:Data name="section_id">
<kml:value>02001314140120265</kml:value>
</kml:Data>
<kml:Data name="feedercode">
<kml:value>020013</kml:value>
</kml:Data>
<kml:Data name="substation">
<kml:value>220 KV-SIBI</kml:value>
</kml:Data>
<kml:Data name="gps_no">
<kml:value>14140120265</kml:value>
</kml:Data>
<kml:Data name="s_e">
<kml:value>E</kml:value>
</kml:Data>
<kml:Data name="pole_phase">
<kml:value>R-Y-B</kml:value>
</kml:Data>
<kml:Data name="pole_use"/>
<kml:Data name="fdr_on_pol">
<kml:value>1.0</kml:value>
</kml:Data>
<kml:Data name="pol_hght">
<kml:value>36</kml:value>
</kml:Data>
<kml:Data name="pole_type">
<kml:value>Steel Structure</kml:value>
</kml:Data>
<kml:Data name="eqp_type">
<kml:value>Transformer</kml:value>
</kml:Data>
<kml:Data name="eqp_number">
<kml:value>T-14140120265</kml:value>
</kml:Data>
<kml:Data name="eqp_unit"/>
<kml:Data name="eqp_size">
<kml:value>100</kml:value>
</kml:Data>
<kml:Data name="eqp_phase">
<kml:value>R-Y-B</kml:value>
</kml:Data>
<kml:Data name="eqp_use">
<kml:value>General Duty</kml:value>
</kml:Data>
<kml:Data name="eqp_status">
<kml:value>Connected</kml:value>
</kml:Data>
<kml:Data name="trafo_mke">
<kml:value>PEL</kml:value>
</kml:Data>
<kml:Data name="consmr_nam">
<kml:value/>
</kml:Data>
<kml:Data name="trafo_loc">
<kml:value/>
</kml:Data>
<kml:Data name="trafo_mnt">
<kml:value>Double Pole</kml:value>
</kml:Data>
<kml:Data name="angle"/>
<kml:Data name="tap_pole"/>
<kml:Data name="end_type">
<kml:value/>
</kml:Data>
<kml:Data name="rs_con"/>
<kml:Data name="rs_con1">
<kml:value>0.0</kml:value>
</kml:Data>
<kml:Data name="rs_con3">
<kml:value>0.0</kml:value>
</kml:Data>
<kml:Data name="sc_con">
<kml:value>0.0</kml:value>
</kml:Data>
<kml:Data name="lc_con">
<kml:value>0.0</kml:value>
</kml:Data>
<kml:Data name="si_con">
<kml:value>0.0</kml:value>
</kml:Data>
<kml:Data name="li_con">
<kml:value>0.0</kml:value>
</kml:Data>
<kml:Data name="pb_con">
<kml:value>0.0</kml:value>
</kml:Data>
<kml:Data name="ag_con">
<kml:value>0.0</kml:value>
</kml:Data>
<kml:Data name="st_con">
<kml:value>0.0</kml:value>
</kml:Data>
<kml:Data name="remarks">
<kml:value/>
</kml:Data>
<kml:Data name="wo_id">
<kml:value>386</kml:value>
</kml:Data>
<kml:Data name="sequence"/>
</kml:ExtendedData>
<kml:Point>
<kml:coordinates>67.88758796134323,29.55105891438263</kml:coordinates>
</kml:Point>
</kml:Placemark>
<kml:Placemark id="equipment_materialized.419917">
<kml:ExtendedData>
<kml:Data name="section_id">
<kml:value>02001314140120266</kml:value>
</kml:Data>
<kml:Data name="feedercode">
<kml:value>020013</kml:value>
</kml:Data>
<kml:Data name="substation">
<kml:value>220 KV-SIBI</kml:value>
</kml:Data>
<kml:Data name="gps_no">
<kml:value>14140120266</kml:value>
</kml:Data>
<kml:Data name="s_e">
<kml:value>E</kml:value>
</kml:Data>
<kml:Data name="pole_phase">
<kml:value>R-Y-B</kml:value>
</kml:Data>
<kml:Data name="pole_use"/>
<kml:Data name="fdr_on_pol">
<kml:value>1.0</kml:value>
</kml:Data>
<kml:Data name="pol_hght">
<kml:value>36</kml:value>
</kml:Data>
<kml:Data name="pole_type">
<kml:value>PC Ordinary</kml:value>
</kml:Data>
<kml:Data name="eqp_type">
<kml:value>Primary Pole</kml:value>
</kml:Data>
<kml:Data name="eqp_number">
<kml:value/>
</kml:Data>
<kml:Data name="eqp_unit"/>
<kml:Data name="eqp_size">
<kml:value/>
</kml:Data>
<kml:Data name="eqp_phase">
<kml:value/>
</kml:Data>
<kml:Data name="eqp_use"/>
<kml:Data name="eqp_status">
<kml:value/>
</kml:Data>
<kml:Data name="trafo_mke"/>
<kml:Data name="consmr_nam">
<kml:value/>
</kml:Data>
<kml:Data name="trafo_loc">
<kml:value/>
</kml:Data>
<kml:Data name="trafo_mnt"/>
<kml:Data name="angle"/>
<kml:Data name="tap_pole"/>
<kml:Data name="end_type">
<kml:value/>
</kml:Data>
<kml:Data name="rs_con"/>
<kml:Data name="rs_con1">
<kml:value>0.0</kml:value>
</kml:Data>
<kml:Data name="rs_con3">
<kml:value>0.0</kml:value>
</kml:Data>
<kml:Data name="sc_con">
<kml:value>0.0</kml:value>
</kml:Data>
<kml:Data name="lc_con">
<kml:value>0.0</kml:value>
</kml:Data>
<kml:Data name="si_con">
<kml:value>0.0</kml:value>
</kml:Data>
<kml:Data name="li_con">
<kml:value>0.0</kml:value>
</kml:Data>
<kml:Data name="pb_con">
<kml:value>0.0</kml:value>
</kml:Data>
<kml:Data name="ag_con">
<kml:value>0.0</kml:value>
</kml:Data>
<kml:Data name="st_con">
<kml:value>0.0</kml:value>
</kml:Data>
<kml:Data name="remarks">
<kml:value/>
</kml:Data>
<kml:Data name="wo_id">
<kml:value>386</kml:value>
</kml:Data>
<kml:Data name="sequence"/>
</kml:ExtendedData>
<kml:Point>
<kml:coordinates>67.88795897045473,29.55092087975942</kml:coordinates>
</kml:Point>
</kml:Placemark>
<kml:Placemark id="equipment_materialized.419919">
<kml:ExtendedData>
<kml:Data name="section_id">
<kml:value>02001314140120267</kml:value>
</kml:Data>
<kml:Data name="feedercode">
<kml:value>020013</kml:value>
</kml:Data>
<kml:Data name="substation">
<kml:value>220 KV-SIBI</kml:value>
</kml:Data>
<kml:Data name="gps_no">
<kml:value>14140120267</kml:value>
</kml:Data>
<kml:Data name="s_e">
<kml:value>E</kml:value>
</kml:Data>
<kml:Data name="pole_phase">
<kml:value>R-Y-B</kml:value>
</kml:Data>
<kml:Data name="pole_use"/>
<kml:Data name="fdr_on_pol">
<kml:value>1.0</kml:value>
</kml:Data>
<kml:Data name="pol_hght">
<kml:value>36</kml:value>
</kml:Data>
<kml:Data name="pole_type">
<kml:value>PC Ordinary</kml:value>
</kml:Data>
<kml:Data name="eqp_type">
<kml:value>Transformer</kml:value>
</kml:Data>
<kml:Data name="eqp_number">
<kml:value>T-14140120267</kml:value>
</kml:Data>
<kml:Data name="eqp_unit"/>
<kml:Data name="eqp_size">
<kml:value>25</kml:value>
</kml:Data>
<kml:Data name="eqp_phase">
<kml:value>R-Y-B</kml:value>
</kml:Data>
<kml:Data name="eqp_use">
<kml:value>General Duty</kml:value>
</kml:Data>
<kml:Data name="eqp_status">
<kml:value>Connected</kml:value>
</kml:Data>
<kml:Data name="trafo_mke">
<kml:value>PEL</kml:value>
</kml:Data>
<kml:Data name="consmr_nam">
<kml:value/>
</kml:Data>
<kml:Data name="trafo_loc">
<kml:value/>
</kml:Data>
<kml:Data name="trafo_mnt">
<kml:value>Single Pole</kml:value>
</kml:Data>
<kml:Data name="angle"/>
<kml:Data name="tap_pole"/>
<kml:Data name="end_type">
<kml:value/>
</kml:Data>
<kml:Data name="rs_con"/>
<kml:Data name="rs_con1">
<kml:value>0.0</kml:value>
</kml:Data>
<kml:Data name="rs_con3">
<kml:value>0.0</kml:value>
</kml:Data>
<kml:Data name="sc_con">
<kml:value>0.0</kml:value>
</kml:Data>
<kml:Data name="lc_con">
<kml:value>0.0</kml:value>
</kml:Data>
<kml:Data name="si_con">
<kml:value>0.0</kml:value>
</kml:Data>
<kml:Data name="li_con">
<kml:value>0.0</kml:value>
</kml:Data>
<kml:Data name="pb_con">
<kml:value>0.0</kml:value>
</kml:Data>
<kml:Data name="ag_con">
<kml:value>0.0</kml:value>
</kml:Data>
<kml:Data name="st_con">
<kml:value>0.0</kml:value>
</kml:Data>
<kml:Data name="remarks">
<kml:value/>
</kml:Data>
<kml:Data name="wo_id">
<kml:value>386</kml:value>
</kml:Data>
<kml:Data name="sequence"/>
</kml:ExtendedData>
<kml:Point>
<kml:coordinates>67.8879610300948,29.55091187265513</kml:coordinates>
</kml:Point>
</kml:Placemark>
<kml:Placemark id="equipment_materialized.419921">
<kml:ExtendedData>
<kml:Data name="section_id">
<kml:value>02001314140120271</kml:value>
</kml:Data>
<kml:Data name="feedercode">
<kml:value>020013</kml:value>
</kml:Data>
<kml:Data name="substation">
<kml:value>220 KV-SIBI</kml:value>
</kml:Data>
<kml:Data name="gps_no">
<kml:value>14140120268</kml:value>
</kml:Data>
<kml:Data name="s_e">
<kml:value/>
</kml:Data>
<kml:Data name="pole_phase">
<kml:value>R-Y-B</kml:value>
</kml:Data>
<kml:Data name="pole_use"/>
<kml:Data name="fdr_on_pol">
<kml:value>1.0</kml:value>
</kml:Data>
<kml:Data name="pol_hght">
<kml:value>36</kml:value>
</kml:Data>
<kml:Data name="pole_type">
<kml:value>PC Ordinary</kml:value>
</kml:Data>
<kml:Data name="eqp_type">
<kml:value>Primary Pole</kml:value>
</kml:Data>
<kml:Data name="eqp_number">
<kml:value/>
</kml:Data>
<kml:Data name="eqp_unit"/>
<kml:Data name="eqp_size">
<kml:value/>
</kml:Data>
<kml:Data name="eqp_phase">
<kml:value/>
</kml:Data>
<kml:Data name="eqp_use"/>
<kml:Data name="eqp_status">
<kml:value/>
</kml:Data>
<kml:Data name="trafo_mke"/>
<kml:Data name="consmr_nam">
<kml:value/>
</kml:Data>
<kml:Data name="trafo_loc">
<kml:value/>
</kml:Data>
<kml:Data name="trafo_mnt"/>
<kml:Data name="angle"/>
<kml:Data name="tap_pole"/>
<kml:Data name="end_type">
<kml:value/>
</kml:Data>
<kml:Data name="rs_con"/>
<kml:Data name="rs_con1">
<kml:value>0.0</kml:value>
</kml:Data>
<kml:Data name="rs_con3">
<kml:value>0.0</kml:value>
</kml:Data>
<kml:Data name="sc_con">
<kml:value>0.0</kml:value>
</kml:Data>
<kml:Data name="lc_con">
<kml:value>0.0</kml:value>
</kml:Data>
<kml:Data name="si_con">
<kml:value>0.0</kml:value>
</kml:Data>
<kml:Data name="li_con">
<kml:value>0.0</kml:value>
</kml:Data>
<kml:Data name="pb_con">
<kml:value>0.0</kml:value>
</kml:Data>
<kml:Data name="ag_con">
<kml:value>0.0</kml:value>
</kml:Data>
<kml:Data name="st_con">
<kml:value>0.0</kml:value>
</kml:Data>
<kml:Data name="remarks">
<kml:value/>
</kml:Data>
<kml:Data name="wo_id">
<kml:value>386</kml:value>
</kml:Data>
<kml:Data name="sequence">
<kml:value>0</kml:value>
</kml:Data>
</kml:ExtendedData>
<kml:Point>
<kml:coordinates>67.88901603122073,29.55090490692737</kml:coordinates>
</kml:Point>
</kml:Placemark>
<kml:Placemark id="equipment_materialized.419922">
<kml:ExtendedData>
<kml:Data name="section_id">
<kml:value>02001314140120271</kml:value>
</kml:Data>
<kml:Data name="feedercode">
<kml:value>020013</kml:value>
</kml:Data>
<kml:Data name="substation">
<kml:value>220 KV-SIBI</kml:value>
</kml:Data>
<kml:Data name="gps_no">
<kml:value>14140120269</kml:value>
</kml:Data>
<kml:Data name="s_e">
<kml:value/>
</kml:Data>
<kml:Data name="pole_phase">
<kml:value>R-Y-B</kml:value>
</kml:Data>
<kml:Data name="pole_use"/>
<kml:Data name="fdr_on_pol">
<kml:value>1.0</kml:value>
</kml:Data>
<kml:Data name="pol_hght">
<kml:value>36</kml:value>
</kml:Data>
<kml:Data name="pole_type">
<kml:value>PC Ordinary</kml:value>
</kml:Data>
<kml:Data name="eqp_type">
<kml:value>Primary Pole</kml:value>
</kml:Data>
<kml:Data name="eqp_number">
<kml:value/>
</kml:Data>
<kml:Data name="eqp_unit"/>
<kml:Data name="eqp_size">
<kml:value/>
</kml:Data>
<kml:Data name="eqp_phase">
<kml:value/>
</kml:Data>
<kml:Data name="eqp_use"/>
<kml:Data name="eqp_status">
<kml:value/>
</kml:Data>
<kml:Data name="trafo_mke"/>
<kml:Data name="consmr_nam">
<kml:value/>
</kml:Data>
<kml:Data name="trafo_loc">
<kml:value/>
</kml:Data>
<kml:Data name="trafo_mnt"/>
<kml:Data name="angle"/>
<kml:Data name="tap_pole"/>
<kml:Data name="end_type">
<kml:value/>
</kml:Data>
<kml:Data name="rs_con"/>
<kml:Data name="rs_con1">
<kml:value>0.0</kml:value>
</kml:Data>
<kml:Data name="rs_con3">
<kml:value>0.0</kml:value>
</kml:Data>
<kml:Data name="sc_con">
<kml:value>0.0</kml:value>
</kml:Data>
<kml:Data name="lc_con">
<kml:value>0.0</kml:value>
</kml:Data>
<kml:Data name="si_con">
<kml:value>0.0</kml:value>
</kml:Data>
<kml:Data name="li_con">
<kml:value>0.0</kml:value>
</kml:Data>
<kml:Data name="pb_con">
<kml:value>0.0</kml:value>
</kml:Data>
<kml:Data name="ag_con">
<kml:value>0.0</kml:value>
</kml:Data>
<kml:Data name="st_con">
<kml:value>0.0</kml:value>
</kml:Data>
<kml:Data name="remarks">
<kml:value/>
</kml:Data>
<kml:Data name="wo_id">
<kml:value>386</kml:value>
</kml:Data>
<kml:Data name="sequence">
<kml:value>1</kml:value>
</kml:Data>
</kml:ExtendedData>
<kml:Point>
<kml:coordinates>67.88945503357542,29.550900906763705</kml:coordinates>
</kml:Point>
</kml:Placemark>
<kml:Placemark id="equipment_materialized.419923">
<kml:ExtendedData>
<kml:Data name="section_id">
<kml:value>02001314140120271</kml:value>
</kml:Data>
<kml:Data name="feedercode">
<kml:value>020013</kml:value>
</kml:Data>
<kml:Data name="substation">
<kml:value>220 KV-SIBI</kml:value>
</kml:Data>
<kml:Data name="gps_no">
<kml:value>14140120270</kml:value>
</kml:Data>
<kml:Data name="s_e">
<kml:value/>
</kml:Data>
<kml:Data name="pole_phase">
<kml:value>R-Y-B</kml:value>
</kml:Data>
<kml:Data name="pole_use"/>
<kml:Data name="fdr_on_pol">
<kml:value>1.0</kml:value>
</kml:Data>
<kml:Data name="pol_hght">
<kml:value>36</kml:value>
</kml:Data>
<kml:Data name="pole_type">
<kml:value>PC Ordinary</kml:value>
</kml:Data>
<kml:Data name="eqp_type">
<kml:value>Primary Pole</kml:value>
</kml:Data>
<kml:Data name="eqp_number">
<kml:value/>
</kml:Data>
<kml:Data name="eqp_unit"/>
<kml:Data name="eqp_size">
<kml:value/>
</kml:Data>
<kml:Data name="eqp_phase">
<kml:value/>
</kml:Data>
<kml:Data name="eqp_use"/>
<kml:Data name="eqp_status">
<kml:value/>
</kml:Data>
<kml:Data name="trafo_mke"/>
<kml:Data name="consmr_nam">
<kml:value/>
</kml:Data>
<kml:Data name="trafo_loc">
<kml:value/>
</kml:Data>
<kml:Data name="trafo_mnt"/>
<kml:Data name="angle"/>
<kml:Data name="tap_pole"/>
<kml:Data name="end_type">
<kml:value/>
</kml:Data>
<kml:Data name="rs_con"/>
<kml:Data name="rs_con1">
<kml:value>0.0</kml:value>
</kml:Data>
<kml:Data name="rs_con3">
<kml:value>0.0</kml:value>
</kml:Data>
<kml:Data name="sc_con">
<kml:value>0.0</kml:value>
</kml:Data>
<kml:Data name="lc_con">
<kml:value>0.0</kml:value>
</kml:Data>
<kml:Data name="si_con">
<kml:value>0.0</kml:value>
</kml:Data>
<kml:Data name="li_con">
<kml:value>0.0</kml:value>
</kml:Data>
<kml:Data name="pb_con">
<kml:value>0.0</kml:value>
</kml:Data>
<kml:Data name="ag_con">
<kml:value>0.0</kml:value>
</kml:Data>
<kml:Data name="st_con">
<kml:value>0.0</kml:value>
</kml:Data>
<kml:Data name="remarks">
<kml:value/>
</kml:Data>
<kml:Data name="wo_id">
<kml:value>386</kml:value>
</kml:Data>
<kml:Data name="sequence">
<kml:value>2</kml:value>
</kml:Data>
</kml:ExtendedData>
<kml:Point>
<kml:coordinates>67.89013298302373,29.55087688219263</kml:coordinates>
</kml:Point>
</kml:Placemark>
<kml:Placemark id="equipment_materialized.419924">
<kml:ExtendedData>
<kml:Data name="section_id">
<kml:value>02001314140120271</kml:value>
</kml:Data>
<kml:Data name="feedercode">
<kml:value>020013</kml:value>
</kml:Data>
<kml:Data name="substation">
<kml:value>220 KV-SIBI</kml:value>
</kml:Data>
<kml:Data name="gps_no">
<kml:value>14140120271</kml:value>
</kml:Data>
<kml:Data name="s_e">
<kml:value>E</kml:value>
</kml:Data>
<kml:Data name="pole_phase">
<kml:value>R-Y-B</kml:value>
</kml:Data>
<kml:Data name="pole_use"/>
<kml:Data name="fdr_on_pol">
<kml:value>1.0</kml:value>
</kml:Data>
<kml:Data name="pol_hght">
<kml:value>36</kml:value>
</kml:Data>
<kml:Data name="pole_type">
<kml:value>PC Ordinary</kml:value>
</kml:Data>
<kml:Data name="eqp_type">
<kml:value>Primary Pole</kml:value>
</kml:Data>
<kml:Data name="eqp_number">
<kml:value/>
</kml:Data>
<kml:Data name="eqp_unit"/>
<kml:Data name="eqp_size">
<kml:value/>
</kml:Data>
<kml:Data name="eqp_phase">
<kml:value/>
</kml:Data>
<kml:Data name="eqp_use"/>
<kml:Data name="eqp_status">
<kml:value/>
</kml:Data>
<kml:Data name="trafo_mke"/>
<kml:Data name="consmr_nam">
<kml:value/>
</kml:Data>
<kml:Data name="trafo_loc">
<kml:value/>
</kml:Data>
<kml:Data name="trafo_mnt"/>
<kml:Data name="angle"/>
<kml:Data name="tap_pole"/>
<kml:Data name="end_type">
<kml:value/>
</kml:Data>
<kml:Data name="rs_con"/>
<kml:Data name="rs_con1">
<kml:value>0.0</kml:value>
</kml:Data>
<kml:Data name="rs_con3">
<kml:value>0.0</kml:value>
</kml:Data>
<kml:Data name="sc_con">
<kml:value>0.0</kml:value>
</kml:Data>
<kml:Data name="lc_con">
<kml:value>0.0</kml:value>
</kml:Data>
<kml:Data name="si_con">
<kml:value>0.0</kml:value>
</kml:Data>
<kml:Data name="li_con">
<kml:value>0.0</kml:value>
</kml:Data>
<kml:Data name="pb_con">
<kml:value>0.0</kml:value>
</kml:Data>
<kml:Data name="ag_con">
<kml:value>0.0</kml:value>
</kml:Data>
<kml:Data name="st_con">
<kml:value>0.0</kml:value>
</kml:Data>
<kml:Data name="remarks">
<kml:value/>
</kml:Data>
<kml:Data name="wo_id">
<kml:value>386</kml:value>
</kml:Data>
<kml:Data name="sequence"/>
</kml:ExtendedData>
<kml:Point>
<kml:coordinates>67.89105198651244,29.550828876417597</kml:coordinates>
</kml:Point>
</kml:Placemark>
<kml:Placemark id="equipment_materialized.419926">
<kml:ExtendedData>
<kml:Data name="section_id">
<kml:value>02001314140120272</kml:value>
</kml:Data>
<kml:Data name="feedercode">
<kml:value>020013</kml:value>
</kml:Data>
<kml:Data name="substation">
<kml:value>220 KV-SIBI</kml:value>
</kml:Data>
<kml:Data name="gps_no">
<kml:value>14140120272</kml:value>
</kml:Data>
<kml:Data name="s_e">
<kml:value>E</kml:value>
</kml:Data>
<kml:Data name="pole_phase">
<kml:value>R-Y-B</kml:value>
</kml:Data>
<kml:Data name="pole_use"/>
<kml:Data name="fdr_on_pol">
<kml:value>1.0</kml:value>
</kml:Data>
<kml:Data name="pol_hght">
<kml:value>36</kml:value>
</kml:Data>
<kml:Data name="pole_type">
<kml:value>Steel Structure</kml:value>
</kml:Data>
<kml:Data name="eqp_type">
<kml:value>Primary Pole</kml:value>
</kml:Data>
<kml:Data name="eqp_number">
<kml:value/>
</kml:Data>
<kml:Data name="eqp_unit"/>
<kml:Data name="eqp_size">
<kml:value/>
</kml:Data>
<kml:Data name="eqp_phase">
<kml:value/>
</kml:Data>
<kml:Data name="eqp_use"/>
<kml:Data name="eqp_status">
<kml:value/>
</kml:Data>
<kml:Data name="trafo_mke"/>
<kml:Data name="consmr_nam">
<kml:value/>
</kml:Data>
<kml:Data name="trafo_loc">
<kml:value/>
</kml:Data>
<kml:Data name="trafo_mnt"/>
<kml:Data name="angle"/>
<kml:Data name="tap_pole"/>
<kml:Data name="end_type">
<kml:value/>
</kml:Data>
<kml:Data name="rs_con"/>
<kml:Data name="rs_con1">
<kml:value>0.0</kml:value>
</kml:Data>
<kml:Data name="rs_con3">
<kml:value>0.0</kml:value>
</kml:Data>
<kml:Data name="sc_con">
<kml:value>0.0</kml:value>
</kml:Data>
<kml:Data name="lc_con">
<kml:value>0.0</kml:value>
</kml:Data>
<kml:Data name="si_con">
<kml:value>0.0</kml:value>
</kml:Data>
<kml:Data name="li_con">
<kml:value>0.0</kml:value>
</kml:Data>
<kml:Data name="pb_con">
<kml:value>0.0</kml:value>
</kml:Data>
<kml:Data name="ag_con">
<kml:value>0.0</kml:value>
</kml:Data>
<kml:Data name="st_con">
<kml:value>0.0</kml:value>
</kml:Data>
<kml:Data name="remarks">
<kml:value/>
</kml:Data>
<kml:Data name="wo_id">
<kml:value>386</kml:value>
</kml:Data>
<kml:Data name="sequence"/>
</kml:ExtendedData>
<kml:Point>
<kml:coordinates>67.8911229805117,29.551217877024957</kml:coordinates>
</kml:Point>
</kml:Placemark>
<kml:Placemark id="equipment_materialized.419928">
<kml:ExtendedData>
<kml:Data name="section_id">
<kml:value>02001314140120273</kml:value>
</kml:Data>
<kml:Data name="feedercode">
<kml:value>020013</kml:value>
</kml:Data>
<kml:Data name="substation">
<kml:value>220 KV-SIBI</kml:value>
</kml:Data>
<kml:Data name="gps_no">
<kml:value>14140120273</kml:value>
</kml:Data>
<kml:Data name="s_e">
<kml:value>E</kml:value>
</kml:Data>
<kml:Data name="pole_phase">
<kml:value>R-Y-B</kml:value>
</kml:Data>
<kml:Data name="pole_use"/>
<kml:Data name="fdr_on_pol">
<kml:value>1.0</kml:value>
</kml:Data>
<kml:Data name="pol_hght">
<kml:value>36</kml:value>
</kml:Data>
<kml:Data name="pole_type">
<kml:value>Steel Structure</kml:value>
</kml:Data>
<kml:Data name="eqp_type">
<kml:value>Transformer</kml:value>
</kml:Data>
<kml:Data name="eqp_number">
<kml:value>T-14140120273</kml:value>
</kml:Data>
<kml:Data name="eqp_unit"/>
<kml:Data name="eqp_size">
<kml:value>100</kml:value>
</kml:Data>
<kml:Data name="eqp_phase">
<kml:value>R-Y-B</kml:value>
</kml:Data>
<kml:Data name="eqp_use">
<kml:value>General Duty</kml:value>
</kml:Data>
<kml:Data name="eqp_status">
<kml:value>Connected</kml:value>
</kml:Data>
<kml:Data name="trafo_mke">
<kml:value>Siemens</kml:value>
</kml:Data>
<kml:Data name="consmr_nam">
<kml:value/>
</kml:Data>
<kml:Data name="trafo_loc">
<kml:value/>
</kml:Data>
<kml:Data name="trafo_mnt">
<kml:value>Pad Mounted</kml:value>
</kml:Data>
<kml:Data name="angle"/>
<kml:Data name="tap_pole"/>
<kml:Data name="end_type">
<kml:value/>
</kml:Data>
<kml:Data name="rs_con"/>
<kml:Data name="rs_con1">
<kml:value>0.0</kml:value>
</kml:Data>
<kml:Data name="rs_con3">
<kml:value>0.0</kml:value>
</kml:Data>
<kml:Data name="sc_con">
<kml:value>0.0</kml:value>
</kml:Data>
<kml:Data name="lc_con">
<kml:value>0.0</kml:value>
</kml:Data>
<kml:Data name="si_con">
<kml:value>0.0</kml:value>
</kml:Data>
<kml:Data name="li_con">
<kml:value>0.0</kml:value>
</kml:Data>
<kml:Data name="pb_con">
<kml:value>0.0</kml:value>
</kml:Data>
<kml:Data name="ag_con">
<kml:value>0.0</kml:value>
</kml:Data>
<kml:Data name="st_con">
<kml:value>0.0</kml:value>
</kml:Data>
<kml:Data name="remarks">
<kml:value/>
</kml:Data>
<kml:Data name="wo_id">
<kml:value>386</kml:value>
</kml:Data>
<kml:Data name="sequence"/>
</kml:ExtendedData>
<kml:Point>
<kml:coordinates>67.8911290369457,29.5512209056127</kml:coordinates>
</kml:Point>
</kml:Placemark>
<kml:Placemark id="equipment_materialized.419930">
<kml:ExtendedData>
<kml:Data name="section_id">
<kml:value>02001314140120275</kml:value>
</kml:Data>
<kml:Data name="feedercode">
<kml:value>020013</kml:value>
</kml:Data>
<kml:Data name="substation">
<kml:value>220 KV-SIBI</kml:value>
</kml:Data>
<kml:Data name="gps_no">
<kml:value>14140120274</kml:value>
</kml:Data>
<kml:Data name="s_e">
<kml:value/>
</kml:Data>
<kml:Data name="pole_phase">
<kml:value>R-Y-B</kml:value>
</kml:Data>
<kml:Data name="pole_use"/>
<kml:Data name="fdr_on_pol">
<kml:value>1.0</kml:value>
</kml:Data>
<kml:Data name="pol_hght">
<kml:value>36</kml:value>
</kml:Data>
<kml:Data name="pole_type">
<kml:value>Steel Structure</kml:value>
</kml:Data>
<kml:Data name="eqp_type">
<kml:value>Primary Pole</kml:value>
</kml:Data>
<kml:Data name="eqp_number">
<kml:value/>
</kml:Data>
<kml:Data name="eqp_unit"/>
<kml:Data name="eqp_size">
<kml:value/>
</kml:Data>
<kml:Data name="eqp_phase">
<kml:value/>
</kml:Data>
<kml:Data name="eqp_use"/>
<kml:Data name="eqp_status">
<kml:value/>
</kml:Data>
<kml:Data name="trafo_mke"/>
<kml:Data name="consmr_nam">
<kml:value/>
</kml:Data>
<kml:Data name="trafo_loc">
<kml:value/>
</kml:Data>
<kml:Data name="trafo_mnt"/>
<kml:Data name="angle"/>
<kml:Data name="tap_pole"/>
<kml:Data name="end_type">
<kml:value/>
</kml:Data>
<kml:Data name="rs_con"/>
<kml:Data name="rs_con1">
<kml:value>0.0</kml:value>
</kml:Data>
<kml:Data name="rs_con3">
<kml:value>0.0</kml:value>
</kml:Data>
<kml:Data name="sc_con">
<kml:value>0.0</kml:value>
</kml:Data>
<kml:Data name="lc_con">
<kml:value>0.0</kml:value>
</kml:Data>
<kml:Data name="si_con">
<kml:value>0.0</kml:value>
</kml:Data>
<kml:Data name="li_con">
<kml:value>0.0</kml:value>
</kml:Data>
<kml:Data name="pb_con">
<kml:value>0.0</kml:value>
</kml:Data>
<kml:Data name="ag_con">
<kml:value>0.0</kml:value>
</kml:Data>
<kml:Data name="st_con">
<kml:value>0.0</kml:value>
</kml:Data>
<kml:Data name="remarks">
<kml:value/>
</kml:Data>
<kml:Data name="wo_id">
<kml:value>386</kml:value>
</kml:Data>
<kml:Data name="sequence">
<kml:value>0</kml:value>
</kml:Data>
</kml:ExtendedData>
<kml:Point>
<kml:coordinates>67.8913669545241,29.551994924353625</kml:coordinates>
</kml:Point>
</kml:Placemark>
<kml:Placemark id="equipment_materialized.419931">
<kml:ExtendedData>
<kml:Data name="section_id">
<kml:value>02001314140120275</kml:value>
</kml:Data>
<kml:Data name="feedercode">
<kml:value>020013</kml:value>
</kml:Data>
<kml:Data name="substation">
<kml:value>220 KV-SIBI</kml:value>
</kml:Data>
<kml:Data name="gps_no">
<kml:value>14140120275</kml:value>
</kml:Data>
<kml:Data name="s_e">
<kml:value>E</kml:value>
</kml:Data>
<kml:Data name="pole_phase">
<kml:value>R-Y-B</kml:value>
</kml:Data>
<kml:Data name="pole_use"/>
<kml:Data name="fdr_on_pol">
<kml:value>1.0</kml:value>
</kml:Data>
<kml:Data name="pol_hght">
<kml:value>36</kml:value>
</kml:Data>
<kml:Data name="pole_type">
<kml:value>Steel Structure</kml:value>
</kml:Data>
<kml:Data name="eqp_type">
<kml:value>Primary Pole</kml:value>
</kml:Data>
<kml:Data name="eqp_number">
<kml:value/>
</kml:Data>
<kml:Data name="eqp_unit"/>
<kml:Data name="eqp_size">
<kml:value/>
</kml:Data>
<kml:Data name="eqp_phase">
<kml:value/>
</kml:Data>
<kml:Data name="eqp_use"/>
<kml:Data name="eqp_status">
<kml:value/>
</kml:Data>
<kml:Data name="trafo_mke"/>
<kml:Data name="consmr_nam">
<kml:value/>
</kml:Data>
<kml:Data name="trafo_loc">
<kml:value/>
</kml:Data>
<kml:Data name="trafo_mnt"/>
<kml:Data name="angle"/>
<kml:Data name="tap_pole"/>
<kml:Data name="end_type">
<kml:value/>
</kml:Data>
<kml:Data name="rs_con"/>
<kml:Data name="rs_con1">
<kml:value>0.0</kml:value>
</kml:Data>
<kml:Data name="rs_con3">
<kml:value>0.0</kml:value>
</kml:Data>
<kml:Data name="sc_con">
<kml:value>0.0</kml:value>
</kml:Data>
<kml:Data name="lc_con">
<kml:value>0.0</kml:value>
</kml:Data>
<kml:Data name="si_con">
<kml:value>0.0</kml:value>
</kml:Data>
<kml:Data name="li_con">
<kml:value>0.0</kml:value>
</kml:Data>
<kml:Data name="pb_con">
<kml:value>0.0</kml:value>
</kml:Data>
<kml:Data name="ag_con">
<kml:value>0.0</kml:value>
</kml:Data>
<kml:Data name="st_con">
<kml:value>0.0</kml:value>
</kml:Data>
<kml:Data name="remarks">
<kml:value/>
</kml:Data>
<kml:Data name="wo_id">
<kml:value>386</kml:value>
</kml:Data>
<kml:Data name="sequence"/>
</kml:ExtendedData>
<kml:Point>
<kml:coordinates>67.8923620349858,29.552618865943984</kml:coordinates>
</kml:Point>
</kml:Placemark>
<kml:Placemark id="equipment_materialized.419933">
<kml:ExtendedData>
<kml:Data name="section_id">
<kml:value>02001314140120276</kml:value>
</kml:Data>
<kml:Data name="feedercode">
<kml:value>020013</kml:value>
</kml:Data>
<kml:Data name="substation">
<kml:value>220 KV-SIBI</kml:value>
</kml:Data>
<kml:Data name="gps_no">
<kml:value>14140120276</kml:value>
</kml:Data>
<kml:Data name="s_e">
<kml:value>E</kml:value>
</kml:Data>
<kml:Data name="pole_phase">
<kml:value>R-Y-B</kml:value>
</kml:Data>
<kml:Data name="pole_use"/>
<kml:Data name="fdr_on_pol">
<kml:value>1.0</kml:value>
</kml:Data>
<kml:Data name="pol_hght">
<kml:value>36</kml:value>
</kml:Data>
<kml:Data name="pole_type">
<kml:value>Steel Structure</kml:value>
</kml:Data>
<kml:Data name="eqp_type">
<kml:value>Transformer</kml:value>
</kml:Data>
<kml:Data name="eqp_number">
<kml:value>T-14140120276</kml:value>
</kml:Data>
<kml:Data name="eqp_unit"/>
<kml:Data name="eqp_size">
<kml:value>50</kml:value>
</kml:Data>
<kml:Data name="eqp_phase">
<kml:value>R-Y-B</kml:value>
</kml:Data>
<kml:Data name="eqp_use">
<kml:value>General Duty</kml:value>
</kml:Data>
<kml:Data name="eqp_status">
<kml:value>Connected</kml:value>
</kml:Data>
<kml:Data name="trafo_mke">
<kml:value>Transformer Power</kml:value>
</kml:Data>
<kml:Data name="consmr_nam">
<kml:value/>
</kml:Data>
<kml:Data name="trafo_loc">
<kml:value/>
</kml:Data>
<kml:Data name="trafo_mnt">
<kml:value>Single Pole</kml:value>
</kml:Data>
<kml:Data name="angle"/>
<kml:Data name="tap_pole"/>
<kml:Data name="end_type">
<kml:value/>
</kml:Data>
<kml:Data name="rs_con"/>
<kml:Data name="rs_con1">
<kml:value>0.0</kml:value>
</kml:Data>
<kml:Data name="rs_con3">
<kml:value>0.0</kml:value>
</kml:Data>
<kml:Data name="sc_con">
<kml:value>0.0</kml:value>
</kml:Data>
<kml:Data name="lc_con">
<kml:value>0.0</kml:value>
</kml:Data>
<kml:Data name="si_con">
<kml:value>0.0</kml:value>
</kml:Data>
<kml:Data name="li_con">
<kml:value>0.0</kml:value>
</kml:Data>
<kml:Data name="pb_con">
<kml:value>0.0</kml:value>
</kml:Data>
<kml:Data name="ag_con">
<kml:value>0.0</kml:value>
</kml:Data>
<kml:Data name="st_con">
<kml:value>0.0</kml:value>
</kml:Data>
<kml:Data name="remarks">
<kml:value/>
</kml:Data>
<kml:Data name="wo_id">
<kml:value>386</kml:value>
</kml:Data>
<kml:Data name="sequence"/>
</kml:ExtendedData>
<kml:Point>
<kml:coordinates>67.89234097489998,29.552590895350182</kml:coordinates>
</kml:Point>
</kml:Placemark>
<kml:Placemark id="equipment_materialized.419935">
<kml:ExtendedData>
<kml:Data name="section_id">
<kml:value>02001314140120278</kml:value>
</kml:Data>
<kml:Data name="feedercode">
<kml:value>020013</kml:value>
</kml:Data>
<kml:Data name="substation">
<kml:value>220 KV-SIBI</kml:value>
</kml:Data>
<kml:Data name="gps_no">
<kml:value>14140120277</kml:value>
</kml:Data>
<kml:Data name="s_e">
<kml:value/>
</kml:Data>
<kml:Data name="pole_phase">
<kml:value>R-Y-B</kml:value>
</kml:Data>
<kml:Data name="pole_use"/>
<kml:Data name="fdr_on_pol">
<kml:value>1.0</kml:value>
</kml:Data>
<kml:Data name="pol_hght">
<kml:value>36</kml:value>
</kml:Data>
<kml:Data name="pole_type">
<kml:value>Steel Structure</kml:value>
</kml:Data>
<kml:Data name="eqp_type">
<kml:value>Primary Pole</kml:value>
</kml:Data>
<kml:Data name="eqp_number">
<kml:value/>
</kml:Data>
<kml:Data name="eqp_unit"/>
<kml:Data name="eqp_size">
<kml:value/>
</kml:Data>
<kml:Data name="eqp_phase">
<kml:value/>
</kml:Data>
<kml:Data name="eqp_use"/>
<kml:Data name="eqp_status">
<kml:value/>
</kml:Data>
<kml:Data name="trafo_mke"/>
<kml:Data name="consmr_nam">
<kml:value/>
</kml:Data>
<kml:Data name="trafo_loc">
<kml:value/>
</kml:Data>
<kml:Data name="trafo_mnt"/>
<kml:Data name="angle"/>
<kml:Data name="tap_pole"/>
<kml:Data name="end_type">
<kml:value/>
</kml:Data>
<kml:Data name="rs_con"/>
<kml:Data name="rs_con1">
<kml:value>0.0</kml:value>
</kml:Data>
<kml:Data name="rs_con3">
<kml:value>0.0</kml:value>
</kml:Data>
<kml:Data name="sc_con">
<kml:value>0.0</kml:value>
</kml:Data>
<kml:Data name="lc_con">
<kml:value>0.0</kml:value>
</kml:Data>
<kml:Data name="si_con">
<kml:value>0.0</kml:value>
</kml:Data>
<kml:Data name="li_con">
<kml:value>0.0</kml:value>
</kml:Data>
<kml:Data name="pb_con">
<kml:value>0.0</kml:value>
</kml:Data>
<kml:Data name="ag_con">
<kml:value>0.0</kml:value>
</kml:Data>
<kml:Data name="st_con">
<kml:value>0.0</kml:value>
</kml:Data>
<kml:Data name="remarks">
<kml:value/>
</kml:Data>
<kml:Data name="wo_id">
<kml:value>386</kml:value>
</kml:Data>
<kml:Data name="sequence">
<kml:value>0</kml:value>
</kml:Data>
</kml:ExtendedData>
<kml:Point>
<kml:coordinates>67.89254700621136,29.553232890673126</kml:coordinates>
</kml:Point>
</kml:Placemark>
<kml:Placemark id="equipment_materialized.419936">
<kml:ExtendedData>
<kml:Data name="section_id">
<kml:value>02001314140120278</kml:value>
</kml:Data>
<kml:Data name="feedercode">
<kml:value>020013</kml:value>
</kml:Data>
<kml:Data name="substation">
<kml:value>220 KV-SIBI</kml:value>
</kml:Data>
<kml:Data name="gps_no">
<kml:value>14140120278</kml:value>
</kml:Data>
<kml:Data name="s_e">
<kml:value>E</kml:value>
</kml:Data>
<kml:Data name="pole_phase">
<kml:value>R-Y-B</kml:value>
</kml:Data>
<kml:Data name="pole_use"/>
<kml:Data name="fdr_on_pol">
<kml:value>1.0</kml:value>
</kml:Data>
<kml:Data name="pol_hght">
<kml:value>36</kml:value>
</kml:Data>
<kml:Data name="pole_type">
<kml:value>PC Ordinary</kml:value>
</kml:Data>
<kml:Data name="eqp_type">
<kml:value>Primary Pole</kml:value>
</kml:Data>
<kml:Data name="eqp_number">
<kml:value/>
</kml:Data>
<kml:Data name="eqp_unit"/>
<kml:Data name="eqp_size">
<kml:value/>
</kml:Data>
<kml:Data name="eqp_phase">
<kml:value/>
</kml:Data>
<kml:Data name="eqp_use"/>
<kml:Data name="eqp_status">
<kml:value/>
</kml:Data>
<kml:Data name="trafo_mke"/>
<kml:Data name="consmr_nam">
<kml:value/>
</kml:Data>
<kml:Data name="trafo_loc">
<kml:value/>
</kml:Data>
<kml:Data name="trafo_mnt"/>
<kml:Data name="angle"/>
<kml:Data name="tap_pole"/>
<kml:Data name="end_type">
<kml:value/>
</kml:Data>
<kml:Data name="rs_con"/>
<kml:Data name="rs_con1">
<kml:value>0.0</kml:value>
</kml:Data>
<kml:Data name="rs_con3">
<kml:value>0.0</kml:value>
</kml:Data>
<kml:Data name="sc_con">
<kml:value>0.0</kml:value>
</kml:Data>
<kml:Data name="lc_con">
<kml:value>0.0</kml:value>
</kml:Data>
<kml:Data name="si_con">
<kml:value>0.0</kml:value>
</kml:Data>
<kml:Data name="li_con">
<kml:value>0.0</kml:value>
</kml:Data>
<kml:Data name="pb_con">
<kml:value>0.0</kml:value>
</kml:Data>
<kml:Data name="ag_con">
<kml:value>0.0</kml:value>
</kml:Data>
<kml:Data name="st_con">
<kml:value>0.0</kml:value>
</kml:Data>
<kml:Data name="remarks">
<kml:value/>
</kml:Data>
<kml:Data name="wo_id">
<kml:value>386</kml:value>
</kml:Data>
<kml:Data name="sequence"/>
</kml:ExtendedData>
<kml:Point>
<kml:coordinates>67.89274696469877,29.553778906219236</kml:coordinates>
</kml:Point>
</kml:Placemark>
<kml:Placemark id="equipment_materialized.419938">
<kml:ExtendedData>
<kml:Data name="section_id">
<kml:value>02001314140120279</kml:value>
</kml:Data>
<kml:Data name="feedercode">
<kml:value>020013</kml:value>
</kml:Data>
<kml:Data name="substation">
<kml:value>220 KV-SIBI</kml:value>
</kml:Data>
<kml:Data name="gps_no">
<kml:value>14140120279</kml:value>
</kml:Data>
<kml:Data name="s_e">
<kml:value>E</kml:value>
</kml:Data>
<kml:Data name="pole_phase">
<kml:value>R-Y-B</kml:value>
</kml:Data>
<kml:Data name="pole_use"/>
<kml:Data name="fdr_on_pol">
<kml:value>1.0</kml:value>
</kml:Data>
<kml:Data name="pol_hght">
<kml:value>36</kml:value>
</kml:Data>
<kml:Data name="pole_type">
<kml:value>PC Ordinary</kml:value>
</kml:Data>
<kml:Data name="eqp_type">
<kml:value>Transformer</kml:value>
</kml:Data>
<kml:Data name="eqp_number">
<kml:value>T-14140120279</kml:value>
</kml:Data>
<kml:Data name="eqp_unit"/>
<kml:Data name="eqp_size">
<kml:value>100</kml:value>
</kml:Data>
<kml:Data name="eqp_phase">
<kml:value>R-Y-B</kml:value>
</kml:Data>
<kml:Data name="eqp_use">
<kml:value>General Duty</kml:value>
</kml:Data>
<kml:Data name="eqp_status">
<kml:value>Connected</kml:value>
</kml:Data>
<kml:Data name="trafo_mke">
<kml:value>Siemens</kml:value>
</kml:Data>
<kml:Data name="consmr_nam">
<kml:value/>
</kml:Data>
<kml:Data name="trafo_loc">
<kml:value/>
</kml:Data>
<kml:Data name="trafo_mnt">
<kml:value>Double Pole</kml:value>
</kml:Data>
<kml:Data name="angle"/>
<kml:Data name="tap_pole"/>
<kml:Data name="end_type">
<kml:value/>
</kml:Data>
<kml:Data name="rs_con"/>
<kml:Data name="rs_con1">
<kml:value>0.0</kml:value>
</kml:Data>
<kml:Data name="rs_con3">
<kml:value>0.0</kml:value>
</kml:Data>
<kml:Data name="sc_con">
<kml:value>0.0</kml:value>
</kml:Data>
<kml:Data name="lc_con">
<kml:value>0.0</kml:value>
</kml:Data>
<kml:Data name="si_con">
<kml:value>0.0</kml:value>
</kml:Data>
<kml:Data name="li_con">
<kml:value>0.0</kml:value>
</kml:Data>
<kml:Data name="pb_con">
<kml:value>0.0</kml:value>
</kml:Data>
<kml:Data name="ag_con">
<kml:value>0.0</kml:value>
</kml:Data>
<kml:Data name="st_con">
<kml:value>0.0</kml:value>
</kml:Data>
<kml:Data name="remarks">
<kml:value/>
</kml:Data>
<kml:Data name="wo_id">
<kml:value>386</kml:value>
</kml:Data>
<kml:Data name="sequence"/>
</kml:ExtendedData>
<kml:Point>
<kml:coordinates>67.8927530331403,29.553780851913594</kml:coordinates>
</kml:Point>
</kml:Placemark>
<kml:Placemark id="equipment_materialized.419940">
<kml:ExtendedData>
<kml:Data name="section_id">
<kml:value>02001314140120280</kml:value>
</kml:Data>
<kml:Data name="feedercode">
<kml:value>020013</kml:value>
</kml:Data>
<kml:Data name="substation">
<kml:value>220 KV-SIBI</kml:value>
</kml:Data>
<kml:Data name="gps_no">
<kml:value>14140120280</kml:value>
</kml:Data>
<kml:Data name="s_e">
<kml:value>E</kml:value>
</kml:Data>
<kml:Data name="pole_phase">
<kml:value>R-Y-B</kml:value>
</kml:Data>
<kml:Data name="pole_use"/>
<kml:Data name="fdr_on_pol">
<kml:value>1.0</kml:value>
</kml:Data>
<kml:Data name="pol_hght">
<kml:value>36</kml:value>
</kml:Data>
<kml:Data name="pole_type">
<kml:value>PC Ordinary</kml:value>
</kml:Data>
<kml:Data name="eqp_type">
<kml:value>Primary Pole</kml:value>
</kml:Data>
<kml:Data name="eqp_number">
<kml:value/>
</kml:Data>
<kml:Data name="eqp_unit"/>
<kml:Data name="eqp_size">
<kml:value/>
</kml:Data>
<kml:Data name="eqp_phase">
<kml:value/>
</kml:Data>
<kml:Data name="eqp_use"/>
<kml:Data name="eqp_status">
<kml:value/>
</kml:Data>
<kml:Data name="trafo_mke"/>
<kml:Data name="consmr_nam">
<kml:value/>
</kml:Data>
<kml:Data name="trafo_loc">
<kml:value/>
</kml:Data>
<kml:Data name="trafo_mnt"/>
<kml:Data name="angle"/>
<kml:Data name="tap_pole"/>
<kml:Data name="end_type">
<kml:value>SDE</kml:value>
</kml:Data>
<kml:Data name="rs_con"/>
<kml:Data name="rs_con1">
<kml:value>0.0</kml:value>
</kml:Data>
<kml:Data name="rs_con3">
<kml:value>0.0</kml:value>
</kml:Data>
<kml:Data name="sc_con">
<kml:value>0.0</kml:value>
</kml:Data>
<kml:Data name="lc_con">
<kml:value>0.0</kml:value>
</kml:Data>
<kml:Data name="si_con">
<kml:value>0.0</kml:value>
</kml:Data>
<kml:Data name="li_con">
<kml:value>0.0</kml:value>
</kml:Data>
<kml:Data name="pb_con">
<kml:value>0.0</kml:value>
</kml:Data>
<kml:Data name="ag_con">
<kml:value>0.0</kml:value>
</kml:Data>
<kml:Data name="st_con">
<kml:value>0.0</kml:value>
</kml:Data>
<kml:Data name="remarks">
<kml:value/>
</kml:Data>
<kml:Data name="wo_id">
<kml:value>386</kml:value>
</kml:Data>
<kml:Data name="sequence"/>
</kml:ExtendedData>
<kml:Point>
<kml:coordinates>67.89204598318236,29.553972860647303</kml:coordinates>
</kml:Point>
</kml:Placemark>
<kml:Placemark id="equipment_materialized.419942">
<kml:ExtendedData>
<kml:Data name="section_id">
<kml:value>02001314140120281</kml:value>
</kml:Data>
<kml:Data name="feedercode">
<kml:value>020013</kml:value>
</kml:Data>
<kml:Data name="substation">
<kml:value>220 KV-SIBI</kml:value>
</kml:Data>
<kml:Data name="gps_no">
<kml:value>14140120281</kml:value>
</kml:Data>
<kml:Data name="s_e">
<kml:value>E</kml:value>
</kml:Data>
<kml:Data name="pole_phase">
<kml:value>R-Y-B</kml:value>
</kml:Data>
<kml:Data name="pole_use"/>
<kml:Data name="fdr_on_pol">
<kml:value>1.0</kml:value>
</kml:Data>
<kml:Data name="pol_hght">
<kml:value>36</kml:value>
</kml:Data>
<kml:Data name="pole_type">
<kml:value>PC Ordinary</kml:value>
</kml:Data>
<kml:Data name="eqp_type">
<kml:value>Transformer</kml:value>
</kml:Data>
<kml:Data name="eqp_number">
<kml:value>T-14140120281</kml:value>
</kml:Data>
<kml:Data name="eqp_unit"/>
<kml:Data name="eqp_size">
<kml:value>50</kml:value>
</kml:Data>
<kml:Data name="eqp_phase">
<kml:value>R-Y-B</kml:value>
</kml:Data>
<kml:Data name="eqp_use">
<kml:value>General Duty</kml:value>
</kml:Data>
<kml:Data name="eqp_status">
<kml:value>Connected</kml:value>
</kml:Data>
<kml:Data name="trafo_mke">
<kml:value>Siemens</kml:value>
</kml:Data>
<kml:Data name="consmr_nam">
<kml:value/>
</kml:Data>
<kml:Data name="trafo_loc">
<kml:value/>
</kml:Data>
<kml:Data name="trafo_mnt">
<kml:value>Double Pole</kml:value>
</kml:Data>
<kml:Data name="angle"/>
<kml:Data name="tap_pole"/>
<kml:Data name="end_type">
<kml:value/>
</kml:Data>
<kml:Data name="rs_con"/>
<kml:Data name="rs_con1">
<kml:value>0.0</kml:value>
</kml:Data>
<kml:Data name="rs_con3">
<kml:value>0.0</kml:value>
</kml:Data>
<kml:Data name="sc_con">
<kml:value>0.0</kml:value>
</kml:Data>
<kml:Data name="lc_con">
<kml:value>0.0</kml:value>
</kml:Data>
<kml:Data name="si_con">
<kml:value>0.0</kml:value>
</kml:Data>
<kml:Data name="li_con">
<kml:value>0.0</kml:value>
</kml:Data>
<kml:Data name="pb_con">
<kml:value>0.0</kml:value>
</kml:Data>
<kml:Data name="ag_con">
<kml:value>0.0</kml:value>
</kml:Data>
<kml:Data name="st_con">
<kml:value>0.0</kml:value>
</kml:Data>
<kml:Data name="remarks">
<kml:value/>
</kml:Data>
<kml:Data name="wo_id">
<kml:value>386</kml:value>
</kml:Data>
<kml:Data name="sequence"/>
</kml:ExtendedData>
<kml:Point>
<kml:coordinates>67.8920559568526,29.55396689751907</kml:coordinates>
</kml:Point>
</kml:Placemark>
<kml:Placemark id="equipment_materialized.419944">
<kml:ExtendedData>
<kml:Data name="section_id">
<kml:value>02001314140120282</kml:value>
</kml:Data>
<kml:Data name="feedercode">
<kml:value>020013</kml:value>
</kml:Data>
<kml:Data name="substation">
<kml:value>220 KV-SIBI</kml:value>
</kml:Data>
<kml:Data name="gps_no">
<kml:value>14140120282</kml:value>
</kml:Data>
<kml:Data name="s_e">
<kml:value>E</kml:value>
</kml:Data>
<kml:Data name="pole_phase">
<kml:value>R-Y-B</kml:value>
</kml:Data>
<kml:Data name="pole_use"/>
<kml:Data name="fdr_on_pol">
<kml:value>1.0</kml:value>
</kml:Data>
<kml:Data name="pol_hght">
<kml:value>36</kml:value>
</kml:Data>
<kml:Data name="pole_type">
<kml:value>PC Ordinary</kml:value>
</kml:Data>
<kml:Data name="eqp_type">
<kml:value>Primary Pole</kml:value>
</kml:Data>
<kml:Data name="eqp_number">
<kml:value/>
</kml:Data>
<kml:Data name="eqp_unit"/>
<kml:Data name="eqp_size">
<kml:value/>
</kml:Data>
<kml:Data name="eqp_phase">
<kml:value/>
</kml:Data>
<kml:Data name="eqp_use"/>
<kml:Data name="eqp_status">
<kml:value/>
</kml:Data>
<kml:Data name="trafo_mke"/>
<kml:Data name="consmr_nam">
<kml:value/>
</kml:Data>
<kml:Data name="trafo_loc">
<kml:value/>
</kml:Data>
<kml:Data name="trafo_mnt"/>
<kml:Data name="angle"/>
<kml:Data name="tap_pole"/>
<kml:Data name="end_type">
<kml:value/>
</kml:Data>
<kml:Data name="rs_con"/>
<kml:Data name="rs_con1">
<kml:value>0.0</kml:value>
</kml:Data>
<kml:Data name="rs_con3">
<kml:value>0.0</kml:value>
</kml:Data>
<kml:Data name="sc_con">
<kml:value>0.0</kml:value>
</kml:Data>
<kml:Data name="lc_con">
<kml:value>0.0</kml:value>
</kml:Data>
<kml:Data name="si_con">
<kml:value>0.0</kml:value>
</kml:Data>
<kml:Data name="li_con">
<kml:value>0.0</kml:value>
</kml:Data>
<kml:Data name="pb_con">
<kml:value>0.0</kml:value>
</kml:Data>
<kml:Data name="ag_con">
<kml:value>0.0</kml:value>
</kml:Data>
<kml:Data name="st_con">
<kml:value>0.0</kml:value>
</kml:Data>
<kml:Data name="remarks">
<kml:value/>
</kml:Data>
<kml:Data name="wo_id">
<kml:value>386</kml:value>
</kml:Data>
<kml:Data name="sequence"/>
</kml:ExtendedData>
<kml:Point>
<kml:coordinates>67.89290396324704,29.554421845908927</kml:coordinates>
</kml:Point>
</kml:Placemark>
<kml:Placemark id="equipment_materialized.419946">
<kml:ExtendedData>
<kml:Data name="section_id">
<kml:value>02001314140120283</kml:value>
</kml:Data>
<kml:Data name="feedercode">
<kml:value>020013</kml:value>
</kml:Data>
<kml:Data name="substation">
<kml:value>220 KV-SIBI</kml:value>
</kml:Data>
<kml:Data name="gps_no">
<kml:value>14140120283</kml:value>
</kml:Data>
<kml:Data name="s_e">
<kml:value>E</kml:value>
</kml:Data>
<kml:Data name="pole_phase">
<kml:value>R-Y-B</kml:value>
</kml:Data>
<kml:Data name="pole_use"/>
<kml:Data name="fdr_on_pol">
<kml:value>1.0</kml:value>
</kml:Data>
<kml:Data name="pol_hght">
<kml:value>36</kml:value>
</kml:Data>
<kml:Data name="pole_type">
<kml:value>PC Ordinary</kml:value>
</kml:Data>
<kml:Data name="eqp_type">
<kml:value>Transformer</kml:value>
</kml:Data>
<kml:Data name="eqp_number">
<kml:value>T-14140120283</kml:value>
</kml:Data>
<kml:Data name="eqp_unit"/>
<kml:Data name="eqp_size">
<kml:value>100</kml:value>
</kml:Data>
<kml:Data name="eqp_phase">
<kml:value>R-Y-B</kml:value>
</kml:Data>
<kml:Data name="eqp_use">
<kml:value>General Duty</kml:value>
</kml:Data>
<kml:Data name="eqp_status">
<kml:value>Connected</kml:value>
</kml:Data>
<kml:Data name="trafo_mke">
<kml:value>Burq Power</kml:value>
</kml:Data>
<kml:Data name="consmr_nam">
<kml:value/>
</kml:Data>
<kml:Data name="trafo_loc">
<kml:value/>
</kml:Data>
<kml:Data name="trafo_mnt">
<kml:value>Single Pole</kml:value>
</kml:Data>
<kml:Data name="angle"/>
<kml:Data name="tap_pole"/>
<kml:Data name="end_type">
<kml:value/>
</kml:Data>
<kml:Data name="rs_con"/>
<kml:Data name="rs_con1">
<kml:value>0.0</kml:value>
</kml:Data>
<kml:Data name="rs_con3">
<kml:value>0.0</kml:value>
</kml:Data>
<kml:Data name="sc_con">
<kml:value>0.0</kml:value>
</kml:Data>
<kml:Data name="lc_con">
<kml:value>0.0</kml:value>
</kml:Data>
<kml:Data name="si_con">
<kml:value>0.0</kml:value>
</kml:Data>
<kml:Data name="li_con">
<kml:value>0.0</kml:value>
</kml:Data>
<kml:Data name="pb_con">
<kml:value>0.0</kml:value>
</kml:Data>
<kml:Data name="ag_con">
<kml:value>0.0</kml:value>
</kml:Data>
<kml:Data name="st_con">
<kml:value>0.0</kml:value>
</kml:Data>
<kml:Data name="remarks">
<kml:value/>
</kml:Data>
<kml:Data name="wo_id">
<kml:value>386</kml:value>
</kml:Data>
<kml:Data name="sequence"/>
</kml:ExtendedData>
<kml:Point>
<kml:coordinates>67.89290502776892,29.55441887674584</kml:coordinates>
</kml:Point>
</kml:Placemark>
<kml:Placemark id="equipment_materialized.419948">
<kml:ExtendedData>
<kml:Data name="section_id">
<kml:value>02001314140120286</kml:value>
</kml:Data>
<kml:Data name="feedercode">
<kml:value>020013</kml:value>
</kml:Data>
<kml:Data name="substation">
<kml:value>220 KV-SIBI</kml:value>
</kml:Data>
<kml:Data name="gps_no">
<kml:value>14140120284</kml:value>
</kml:Data>
<kml:Data name="s_e">
<kml:value/>
</kml:Data>
<kml:Data name="pole_phase">
<kml:value>R-Y-B</kml:value>
</kml:Data>
<kml:Data name="pole_use"/>
<kml:Data name="fdr_on_pol">
<kml:value>1.0</kml:value>
</kml:Data>
<kml:Data name="pol_hght">
<kml:value>36</kml:value>
</kml:Data>
<kml:Data name="pole_type">
<kml:value>PC Ordinary</kml:value>
</kml:Data>
<kml:Data name="eqp_type">
<kml:value>Primary Pole</kml:value>
</kml:Data>
<kml:Data name="eqp_number">
<kml:value/>
</kml:Data>
<kml:Data name="eqp_unit"/>
<kml:Data name="eqp_size">
<kml:value/>
</kml:Data>
<kml:Data name="eqp_phase">
<kml:value/>
</kml:Data>
<kml:Data name="eqp_use"/>
<kml:Data name="eqp_status">
<kml:value/>
</kml:Data>
<kml:Data name="trafo_mke"/>
<kml:Data name="consmr_nam">
<kml:value/>
</kml:Data>
<kml:Data name="trafo_loc">
<kml:value/>
</kml:Data>
<kml:Data name="trafo_mnt"/>
<kml:Data name="angle"/>
<kml:Data name="tap_pole"/>
<kml:Data name="end_type">
<kml:value/>
</kml:Data>
<kml:Data name="rs_con"/>
<kml:Data name="rs_con1">
<kml:value>0.0</kml:value>
</kml:Data>
<kml:Data name="rs_con3">
<kml:value>0.0</kml:value>
</kml:Data>
<kml:Data name="sc_con">
<kml:value>0.0</kml:value>
</kml:Data>
<kml:Data name="lc_con">
<kml:value>0.0</kml:value>
</kml:Data>
<kml:Data name="si_con">
<kml:value>0.0</kml:value>
</kml:Data>
<kml:Data name="li_con">
<kml:value>0.0</kml:value>
</kml:Data>
<kml:Data name="pb_con">
<kml:value>0.0</kml:value>
</kml:Data>
<kml:Data name="ag_con">
<kml:value>0.0</kml:value>
</kml:Data>
<kml:Data name="st_con">
<kml:value>0.0</kml:value>
</kml:Data>
<kml:Data name="remarks">
<kml:value/>
</kml:Data>
<kml:Data name="wo_id">
<kml:value>386</kml:value>
</kml:Data>
<kml:Data name="sequence">
<kml:value>0</kml:value>
</kml:Data>
</kml:ExtendedData>
<kml:Point>
<kml:coordinates>67.89153601040307,29.550822898840224</kml:coordinates>
</kml:Point>
</kml:Placemark>
<kml:Placemark id="equipment_materialized.419949">
<kml:ExtendedData>
<kml:Data name="section_id">
<kml:value>02001314140120286</kml:value>
</kml:Data>
<kml:Data name="feedercode">
<kml:value>020013</kml:value>
</kml:Data>
<kml:Data name="substation">
<kml:value>220 KV-SIBI</kml:value>
</kml:Data>
<kml:Data name="gps_no">
<kml:value>14140120285</kml:value>
</kml:Data>
<kml:Data name="s_e">
<kml:value/>
</kml:Data>
<kml:Data name="pole_phase">
<kml:value>R-Y-B</kml:value>
</kml:Data>
<kml:Data name="pole_use"/>
<kml:Data name="fdr_on_pol">
<kml:value>1.0</kml:value>
</kml:Data>
<kml:Data name="pol_hght">
<kml:value>36</kml:value>
</kml:Data>
<kml:Data name="pole_type">
<kml:value>PC Ordinary</kml:value>
</kml:Data>
<kml:Data name="eqp_type">
<kml:value>Primary Pole</kml:value>
</kml:Data>
<kml:Data name="eqp_number">
<kml:value/>
</kml:Data>
<kml:Data name="eqp_unit"/>
<kml:Data name="eqp_size">
<kml:value/>
</kml:Data>
<kml:Data name="eqp_phase">
<kml:value/>
</kml:Data>
<kml:Data name="eqp_use"/>
<kml:Data name="eqp_status">
<kml:value/>
</kml:Data>
<kml:Data name="trafo_mke"/>
<kml:Data name="consmr_nam">
<kml:value/>
</kml:Data>
<kml:Data name="trafo_loc">
<kml:value/>
</kml:Data>
<kml:Data name="trafo_mnt"/>
<kml:Data name="angle"/>
<kml:Data name="tap_pole"/>
<kml:Data name="end_type">
<kml:value/>
</kml:Data>
<kml:Data name="rs_con"/>
<kml:Data name="rs_con1">
<kml:value>0.0</kml:value>
</kml:Data>
<kml:Data name="rs_con3">
<kml:value>0.0</kml:value>
</kml:Data>
<kml:Data name="sc_con">
<kml:value>0.0</kml:value>
</kml:Data>
<kml:Data name="lc_con">
<kml:value>0.0</kml:value>
</kml:Data>
<kml:Data name="si_con">
<kml:value>0.0</kml:value>
</kml:Data>
<kml:Data name="li_con">
<kml:value>0.0</kml:value>
</kml:Data>
<kml:Data name="pb_con">
<kml:value>0.0</kml:value>
</kml:Data>
<kml:Data name="ag_con">
<kml:value>0.0</kml:value>
</kml:Data>
<kml:Data name="st_con">
<kml:value>0.0</kml:value>
</kml:Data>
<kml:Data name="remarks">
<kml:value/>
</kml:Data>
<kml:Data name="wo_id">
<kml:value>386</kml:value>
</kml:Data>
<kml:Data name="sequence">
<kml:value>1</kml:value>
</kml:Data>
</kml:ExtendedData>
<kml:Point>
<kml:coordinates>67.89222198252966,29.550791891530185</kml:coordinates>
</kml:Point>
</kml:Placemark>
<kml:Placemark id="equipment_materialized.419950">
<kml:ExtendedData>
<kml:Data name="section_id">
<kml:value>02001314140120286</kml:value>
</kml:Data>
<kml:Data name="feedercode">
<kml:value>020013</kml:value>
</kml:Data>
<kml:Data name="substation">
<kml:value>220 KV-SIBI</kml:value>
</kml:Data>
<kml:Data name="gps_no">
<kml:value>14140120286</kml:value>
</kml:Data>
<kml:Data name="s_e">
<kml:value>E</kml:value>
</kml:Data>
<kml:Data name="pole_phase">
<kml:value>R-Y-B</kml:value>
</kml:Data>
<kml:Data name="pole_use"/>
<kml:Data name="fdr_on_pol">
<kml:value>1.0</kml:value>
</kml:Data>
<kml:Data name="pol_hght">
<kml:value>36</kml:value>
</kml:Data>
<kml:Data name="pole_type">
<kml:value>PC Ordinary</kml:value>
</kml:Data>
<kml:Data name="eqp_type">
<kml:value>Primary Pole</kml:value>
</kml:Data>
<kml:Data name="eqp_number">
<kml:value/>
</kml:Data>
<kml:Data name="eqp_unit"/>
<kml:Data name="eqp_size">
<kml:value/>
</kml:Data>
<kml:Data name="eqp_phase">
<kml:value/>
</kml:Data>
<kml:Data name="eqp_use"/>
<kml:Data name="eqp_status">
<kml:value/>
</kml:Data>
<kml:Data name="trafo_mke"/>
<kml:Data name="consmr_nam">
<kml:value/>
</kml:Data>
<kml:Data name="trafo_loc">
<kml:value/>
</kml:Data>
<kml:Data name="trafo_mnt"/>
<kml:Data name="angle"/>
<kml:Data name="tap_pole"/>
<kml:Data name="end_type">
<kml:value/>
</kml:Data>
<kml:Data name="rs_con"/>
<kml:Data name="rs_con1">
<kml:value>0.0</kml:value>
</kml:Data>
<kml:Data name="rs_con3">
<kml:value>0.0</kml:value>
</kml:Data>
<kml:Data name="sc_con">
<kml:value>0.0</kml:value>
</kml:Data>
<kml:Data name="lc_con">
<kml:value>0.0</kml:value>
</kml:Data>
<kml:Data name="si_con">
<kml:value>0.0</kml:value>
</kml:Data>
<kml:Data name="li_con">
<kml:value>0.0</kml:value>
</kml:Data>
<kml:Data name="pb_con">
<kml:value>0.0</kml:value>
</kml:Data>
<kml:Data name="ag_con">
<kml:value>0.0</kml:value>
</kml:Data>
<kml:Data name="st_con">
<kml:value>0.0</kml:value>
</kml:Data>
<kml:Data name="remarks">
<kml:value/>
</kml:Data>
<kml:Data name="wo_id">
<kml:value>386</kml:value>
</kml:Data>
<kml:Data name="sequence"/>
</kml:ExtendedData>
<kml:Point>
<kml:coordinates>67.89267295499404,29.550702880885844</kml:coordinates>
</kml:Point>
</kml:Placemark>
<kml:Placemark id="equipment_materialized.419952">
<kml:ExtendedData>
<kml:Data name="section_id">
<kml:value>02001314140120288</kml:value>
</kml:Data>
<kml:Data name="feedercode">
<kml:value>020013</kml:value>
</kml:Data>
<kml:Data name="substation">
<kml:value>220 KV-SIBI</kml:value>
</kml:Data>
<kml:Data name="gps_no">
<kml:value>14140120287</kml:value>
</kml:Data>
<kml:Data name="s_e">
<kml:value/>
</kml:Data>
<kml:Data name="pole_phase">
<kml:value>R-Y-B</kml:value>
</kml:Data>
<kml:Data name="pole_use"/>
<kml:Data name="fdr_on_pol">
<kml:value>1.0</kml:value>
</kml:Data>
<kml:Data name="pol_hght">
<kml:value>36</kml:value>
</kml:Data>
<kml:Data name="pole_type">
<kml:value>PC Ordinary</kml:value>
</kml:Data>
<kml:Data name="eqp_type">
<kml:value>Primary Pole</kml:value>
</kml:Data>
<kml:Data name="eqp_number">
<kml:value/>
</kml:Data>
<kml:Data name="eqp_unit"/>
<kml:Data name="eqp_size">
<kml:value/>
</kml:Data>
<kml:Data name="eqp_phase">
<kml:value/>
</kml:Data>
<kml:Data name="eqp_use"/>
<kml:Data name="eqp_status">
<kml:value/>
</kml:Data>
<kml:Data name="trafo_mke"/>
<kml:Data name="consmr_nam">
<kml:value/>
</kml:Data>
<kml:Data name="trafo_loc">
<kml:value/>
</kml:Data>
<kml:Data name="trafo_mnt"/>
<kml:Data name="angle"/>
<kml:Data name="tap_pole"/>
<kml:Data name="end_type">
<kml:value/>
</kml:Data>
<kml:Data name="rs_con"/>
<kml:Data name="rs_con1">
<kml:value>0.0</kml:value>
</kml:Data>
<kml:Data name="rs_con3">
<kml:value>0.0</kml:value>
</kml:Data>
<kml:Data name="sc_con">
<kml:value>0.0</kml:value>
</kml:Data>
<kml:Data name="lc_con">
<kml:value>0.0</kml:value>
</kml:Data>
<kml:Data name="si_con">
<kml:value>0.0</kml:value>
</kml:Data>
<kml:Data name="li_con">
<kml:value>0.0</kml:value>
</kml:Data>
<kml:Data name="pb_con">
<kml:value>0.0</kml:value>
</kml:Data>
<kml:Data name="ag_con">
<kml:value>0.0</kml:value>
</kml:Data>
<kml:Data name="st_con">
<kml:value>0.0</kml:value>
</kml:Data>
<kml:Data name="remarks">
<kml:value/>
</kml:Data>
<kml:Data name="wo_id">
<kml:value>386</kml:value>
</kml:Data>
<kml:Data name="sequence">
<kml:value>0</kml:value>
</kml:Data>
</kml:ExtendedData>
<kml:Point>
<kml:coordinates>67.89252896022619,29.549984876243357</kml:coordinates>
</kml:Point>
</kml:Placemark>
<kml:Placemark id="equipment_materialized.419953">
<kml:ExtendedData>
<kml:Data name="section_id">
<kml:value>02001314140120288</kml:value>
</kml:Data>
<kml:Data name="feedercode">
<kml:value>020013</kml:value>
</kml:Data>
<kml:Data name="substation">
<kml:value>220 KV-SIBI</kml:value>
</kml:Data>
<kml:Data name="gps_no">
<kml:value>14140120288</kml:value>
</kml:Data>
<kml:Data name="s_e">
<kml:value>E</kml:value>
</kml:Data>
<kml:Data name="pole_phase">
<kml:value>R-Y-B</kml:value>
</kml:Data>
<kml:Data name="pole_use"/>
<kml:Data name="fdr_on_pol">
<kml:value>1.0</kml:value>
</kml:Data>
<kml:Data name="pol_hght">
<kml:value>36</kml:value>
</kml:Data>
<kml:Data name="pole_type">
<kml:value>PC Ordinary</kml:value>
</kml:Data>
<kml:Data name="eqp_type">
<kml:value>Primary Pole</kml:value>
</kml:Data>
<kml:Data name="eqp_number">
<kml:value/>
</kml:Data>
<kml:Data name="eqp_unit"/>
<kml:Data name="eqp_size">
<kml:value/>
</kml:Data>
<kml:Data name="eqp_phase">
<kml:value/>
</kml:Data>
<kml:Data name="eqp_use"/>
<kml:Data name="eqp_status">
<kml:value/>
</kml:Data>
<kml:Data name="trafo_mke"/>
<kml:Data name="consmr_nam">
<kml:value/>
</kml:Data>
<kml:Data name="trafo_loc">
<kml:value/>
</kml:Data>
<kml:Data name="trafo_mnt"/>
<kml:Data name="angle"/>
<kml:Data name="tap_pole"/>
<kml:Data name="end_type">
<kml:value>SDE</kml:value>
</kml:Data>
<kml:Data name="rs_con"/>
<kml:Data name="rs_con1">
<kml:value>0.0</kml:value>
</kml:Data>
<kml:Data name="rs_con3">
<kml:value>0.0</kml:value>
</kml:Data>
<kml:Data name="sc_con">
<kml:value>0.0</kml:value>
</kml:Data>
<kml:Data name="lc_con">
<kml:value>0.0</kml:value>
</kml:Data>
<kml:Data name="si_con">
<kml:value>0.0</kml:value>
</kml:Data>
<kml:Data name="li_con">
<kml:value>0.0</kml:value>
</kml:Data>
<kml:Data name="pb_con">
<kml:value>0.0</kml:value>
</kml:Data>
<kml:Data name="ag_con">
<kml:value>0.0</kml:value>
</kml:Data>
<kml:Data name="st_con">
<kml:value>0.0</kml:value>
</kml:Data>
<kml:Data name="remarks">
<kml:value/>
</kml:Data>
<kml:Data name="wo_id">
<kml:value>386</kml:value>
</kml:Data>
<kml:Data name="sequence"/>
</kml:ExtendedData>
<kml:Point>
<kml:coordinates>67.8923210417192,29.549137921896143</kml:coordinates>
</kml:Point>
</kml:Placemark>
<kml:Placemark id="equipment_materialized.419955">
<kml:ExtendedData>
<kml:Data name="section_id">
<kml:value>02001314140120289</kml:value>
</kml:Data>
<kml:Data name="feedercode">
<kml:value>020013</kml:value>
</kml:Data>
<kml:Data name="substation">
<kml:value>220 KV-SIBI</kml:value>
</kml:Data>
<kml:Data name="gps_no">
<kml:value>14140120289</kml:value>
</kml:Data>
<kml:Data name="s_e">
<kml:value>E</kml:value>
</kml:Data>
<kml:Data name="pole_phase">
<kml:value>R-Y-B</kml:value>
</kml:Data>
<kml:Data name="pole_use"/>
<kml:Data name="fdr_on_pol">
<kml:value>1.0</kml:value>
</kml:Data>
<kml:Data name="pol_hght">
<kml:value>36</kml:value>
</kml:Data>
<kml:Data name="pole_type">
<kml:value>PC Ordinary</kml:value>
</kml:Data>
<kml:Data name="eqp_type">
<kml:value>Transformer</kml:value>
</kml:Data>
<kml:Data name="eqp_number">
<kml:value>T-14140120289</kml:value>
</kml:Data>
<kml:Data name="eqp_unit"/>
<kml:Data name="eqp_size">
<kml:value>50</kml:value>
</kml:Data>
<kml:Data name="eqp_phase">
<kml:value>R-Y-B</kml:value>
</kml:Data>
<kml:Data name="eqp_use">
<kml:value>General Duty</kml:value>
</kml:Data>
<kml:Data name="eqp_status">
<kml:value>Connected</kml:value>
</kml:Data>
<kml:Data name="trafo_mke">
<kml:value>Power Link</kml:value>
</kml:Data>
<kml:Data name="consmr_nam">
<kml:value/>
</kml:Data>
<kml:Data name="trafo_loc">
<kml:value/>
</kml:Data>
<kml:Data name="trafo_mnt">
<kml:value>Single Pole</kml:value>
</kml:Data>
<kml:Data name="angle"/>
<kml:Data name="tap_pole"/>
<kml:Data name="end_type">
<kml:value/>
</kml:Data>
<kml:Data name="rs_con"/>
<kml:Data name="rs_con1">
<kml:value>0.0</kml:value>
</kml:Data>
<kml:Data name="rs_con3">
<kml:value>0.0</kml:value>
</kml:Data>
<kml:Data name="sc_con">
<kml:value>0.0</kml:value>
</kml:Data>
<kml:Data name="lc_con">
<kml:value>0.0</kml:value>
</kml:Data>
<kml:Data name="si_con">
<kml:value>0.0</kml:value>
</kml:Data>
<kml:Data name="li_con">
<kml:value>0.0</kml:value>
</kml:Data>
<kml:Data name="pb_con">
<kml:value>0.0</kml:value>
</kml:Data>
<kml:Data name="ag_con">
<kml:value>0.0</kml:value>
</kml:Data>
<kml:Data name="st_con">
<kml:value>0.0</kml:value>
</kml:Data>
<kml:Data name="remarks">
<kml:value/>
</kml:Data>
<kml:Data name="wo_id">
<kml:value>386</kml:value>
</kml:Data>
<kml:Data name="sequence"/>
</kml:ExtendedData>
<kml:Point>
<kml:coordinates>67.89234598091481,29.54913190302092</kml:coordinates>
</kml:Point>
</kml:Placemark>
<kml:Placemark id="equipment_materialized.419957">
<kml:ExtendedData>
<kml:Data name="section_id">
<kml:value>02001314140120290</kml:value>
</kml:Data>
<kml:Data name="feedercode">
<kml:value>020013</kml:value>
</kml:Data>
<kml:Data name="substation">
<kml:value>220 KV-SIBI</kml:value>
</kml:Data>
<kml:Data name="gps_no">
<kml:value>14140120290</kml:value>
</kml:Data>
<kml:Data name="s_e">
<kml:value>E</kml:value>
</kml:Data>
<kml:Data name="pole_phase">
<kml:value>R-Y-B</kml:value>
</kml:Data>
<kml:Data name="pole_use"/>
<kml:Data name="fdr_on_pol">
<kml:value>1.0</kml:value>
</kml:Data>
<kml:Data name="pol_hght">
<kml:value>36</kml:value>
</kml:Data>
<kml:Data name="pole_type">
<kml:value>Steel Structure</kml:value>
</kml:Data>
<kml:Data name="eqp_type">
<kml:value>Primary Pole</kml:value>
</kml:Data>
<kml:Data name="eqp_number">
<kml:value/>
</kml:Data>
<kml:Data name="eqp_unit"/>
<kml:Data name="eqp_size">
<kml:value/>
</kml:Data>
<kml:Data name="eqp_phase">
<kml:value/>
</kml:Data>
<kml:Data name="eqp_use"/>
<kml:Data name="eqp_status">
<kml:value/>
</kml:Data>
<kml:Data name="trafo_mke"/>
<kml:Data name="consmr_nam">
<kml:value/>
</kml:Data>
<kml:Data name="trafo_loc">
<kml:value/>
</kml:Data>
<kml:Data name="trafo_mnt"/>
<kml:Data name="angle"/>
<kml:Data name="tap_pole"/>
<kml:Data name="end_type">
<kml:value/>
</kml:Data>
<kml:Data name="rs_con"/>
<kml:Data name="rs_con1">
<kml:value>0.0</kml:value>
</kml:Data>
<kml:Data name="rs_con3">
<kml:value>0.0</kml:value>
</kml:Data>
<kml:Data name="sc_con">
<kml:value>0.0</kml:value>
</kml:Data>
<kml:Data name="lc_con">
<kml:value>0.0</kml:value>
</kml:Data>
<kml:Data name="si_con">
<kml:value>0.0</kml:value>
</kml:Data>
<kml:Data name="li_con">
<kml:value>0.0</kml:value>
</kml:Data>
<kml:Data name="pb_con">
<kml:value>0.0</kml:value>
</kml:Data>
<kml:Data name="ag_con">
<kml:value>0.0</kml:value>
</kml:Data>
<kml:Data name="st_con">
<kml:value>0.0</kml:value>
</kml:Data>
<kml:Data name="remarks">
<kml:value/>
</kml:Data>
<kml:Data name="wo_id">
<kml:value>386</kml:value>
</kml:Data>
<kml:Data name="sequence"/>
</kml:ExtendedData>
<kml:Point>
<kml:coordinates>67.89298902052651,29.550699919867178</kml:coordinates>
</kml:Point>
</kml:Placemark>
<kml:Placemark id="equipment_materialized.419959">
<kml:ExtendedData>
<kml:Data name="section_id">
<kml:value>02001314140120291</kml:value>
</kml:Data>
<kml:Data name="feedercode">
<kml:value>020013</kml:value>
</kml:Data>
<kml:Data name="substation">
<kml:value>220 KV-SIBI</kml:value>
</kml:Data>
<kml:Data name="gps_no">
<kml:value>14140120291</kml:value>
</kml:Data>
<kml:Data name="s_e">
<kml:value>E</kml:value>
</kml:Data>
<kml:Data name="pole_phase">
<kml:value>R-Y-B</kml:value>
</kml:Data>
<kml:Data name="pole_use"/>
<kml:Data name="fdr_on_pol">
<kml:value>1.0</kml:value>
</kml:Data>
<kml:Data name="pol_hght">
<kml:value>36</kml:value>
</kml:Data>
<kml:Data name="pole_type">
<kml:value>Steel Structure</kml:value>
</kml:Data>
<kml:Data name="eqp_type">
<kml:value>Transformer</kml:value>
</kml:Data>
<kml:Data name="eqp_number">
<kml:value>T-14140120291</kml:value>
</kml:Data>
<kml:Data name="eqp_unit"/>
<kml:Data name="eqp_size">
<kml:value>50</kml:value>
</kml:Data>
<kml:Data name="eqp_phase">
<kml:value>R-Y-B</kml:value>
</kml:Data>
<kml:Data name="eqp_use">
<kml:value>General Duty</kml:value>
</kml:Data>
<kml:Data name="eqp_status">
<kml:value>Connected</kml:value>
</kml:Data>
<kml:Data name="trafo_mke">
<kml:value>Siemens</kml:value>
</kml:Data>
<kml:Data name="consmr_nam">
<kml:value/>
</kml:Data>
<kml:Data name="trafo_loc">
<kml:value/>
</kml:Data>
<kml:Data name="trafo_mnt">
<kml:value>Single Pole</kml:value>
</kml:Data>
<kml:Data name="angle"/>
<kml:Data name="tap_pole"/>
<kml:Data name="end_type">
<kml:value/>
</kml:Data>
<kml:Data name="rs_con"/>
<kml:Data name="rs_con1">
<kml:value>0.0</kml:value>
</kml:Data>
<kml:Data name="rs_con3">
<kml:value>0.0</kml:value>
</kml:Data>
<kml:Data name="sc_con">
<kml:value>0.0</kml:value>
</kml:Data>
<kml:Data name="lc_con">
<kml:value>0.0</kml:value>
</kml:Data>
<kml:Data name="si_con">
<kml:value>0.0</kml:value>
</kml:Data>
<kml:Data name="li_con">
<kml:value>0.0</kml:value>
</kml:Data>
<kml:Data name="pb_con">
<kml:value>0.0</kml:value>
</kml:Data>
<kml:Data name="ag_con">
<kml:value>0.0</kml:value>
</kml:Data>
<kml:Data name="st_con">
<kml:value>0.0</kml:value>
</kml:Data>
<kml:Data name="remarks">
<kml:value/>
</kml:Data>
<kml:Data name="wo_id">
<kml:value>386</kml:value>
</kml:Data>
<kml:Data name="sequence"/>
</kml:ExtendedData>
<kml:Point>
<kml:coordinates>67.89298796202013,29.550692872051464</kml:coordinates>
</kml:Point>
</kml:Placemark>
<kml:Placemark id="equipment_materialized.419961">
<kml:ExtendedData>
<kml:Data name="section_id">
<kml:value>02001314140120293</kml:value>
</kml:Data>
<kml:Data name="feedercode">
<kml:value>020013</kml:value>
</kml:Data>
<kml:Data name="substation">
<kml:value>220 KV-SIBI</kml:value>
</kml:Data>
<kml:Data name="gps_no">
<kml:value>14140120292</kml:value>
</kml:Data>
<kml:Data name="s_e">
<kml:value/>
</kml:Data>
<kml:Data name="pole_phase">
<kml:value>R-Y-B</kml:value>
</kml:Data>
<kml:Data name="pole_use"/>
<kml:Data name="fdr_on_pol">
<kml:value>1.0</kml:value>
</kml:Data>
<kml:Data name="pol_hght">
<kml:value>36</kml:value>
</kml:Data>
<kml:Data name="pole_type">
<kml:value>Steel Structure</kml:value>
</kml:Data>
<kml:Data name="eqp_type">
<kml:value>Primary Pole</kml:value>
</kml:Data>
<kml:Data name="eqp_number">
<kml:value/>
</kml:Data>
<kml:Data name="eqp_unit"/>
<kml:Data name="eqp_size">
<kml:value/>
</kml:Data>
<kml:Data name="eqp_phase">
<kml:value/>
</kml:Data>
<kml:Data name="eqp_use"/>
<kml:Data name="eqp_status">
<kml:value/>
</kml:Data>
<kml:Data name="trafo_mke"/>
<kml:Data name="consmr_nam">
<kml:value/>
</kml:Data>
<kml:Data name="trafo_loc">
<kml:value/>
</kml:Data>
<kml:Data name="trafo_mnt"/>
<kml:Data name="angle"/>
<kml:Data name="tap_pole"/>
<kml:Data name="end_type">
<kml:value/>
</kml:Data>
<kml:Data name="rs_con"/>
<kml:Data name="rs_con1">
<kml:value>0.0</kml:value>
</kml:Data>
<kml:Data name="rs_con3">
<kml:value>0.0</kml:value>
</kml:Data>
<kml:Data name="sc_con">
<kml:value>0.0</kml:value>
</kml:Data>
<kml:Data name="lc_con">
<kml:value>0.0</kml:value>
</kml:Data>
<kml:Data name="si_con">
<kml:value>0.0</kml:value>
</kml:Data>
<kml:Data name="li_con">
<kml:value>0.0</kml:value>
</kml:Data>
<kml:Data name="pb_con">
<kml:value>0.0</kml:value>
</kml:Data>
<kml:Data name="ag_con">
<kml:value>0.0</kml:value>
</kml:Data>
<kml:Data name="st_con">
<kml:value>0.0</kml:value>
</kml:Data>
<kml:Data name="remarks">
<kml:value/>
</kml:Data>
<kml:Data name="wo_id">
<kml:value>386</kml:value>
</kml:Data>
<kml:Data name="sequence">
<kml:value>0</kml:value>
</kml:Data>
</kml:ExtendedData>
<kml:Point>
<kml:coordinates>67.89335104344624,29.5506848873232</kml:coordinates>
</kml:Point>
</kml:Placemark>
<kml:Placemark id="equipment_materialized.419962">
<kml:ExtendedData>
<kml:Data name="section_id">
<kml:value>02001314140120293</kml:value>
</kml:Data>
<kml:Data name="feedercode">
<kml:value>020013</kml:value>
</kml:Data>
<kml:Data name="substation">
<kml:value>220 KV-SIBI</kml:value>
</kml:Data>
<kml:Data name="gps_no">
<kml:value>14140120293</kml:value>
</kml:Data>
<kml:Data name="s_e">
<kml:value>E</kml:value>
</kml:Data>
<kml:Data name="pole_phase">
<kml:value>R-Y-B</kml:value>
</kml:Data>
<kml:Data name="pole_use"/>
<kml:Data name="fdr_on_pol">
<kml:value>1.0</kml:value>
</kml:Data>
<kml:Data name="pol_hght">
<kml:value>36</kml:value>
</kml:Data>
<kml:Data name="pole_type">
<kml:value>Steel Structure</kml:value>
</kml:Data>
<kml:Data name="eqp_type">
<kml:value>Primary Pole</kml:value>
</kml:Data>
<kml:Data name="eqp_number">
<kml:value/>
</kml:Data>
<kml:Data name="eqp_unit"/>
<kml:Data name="eqp_size">
<kml:value/>
</kml:Data>
<kml:Data name="eqp_phase">
<kml:value/>
</kml:Data>
<kml:Data name="eqp_use"/>
<kml:Data name="eqp_status">
<kml:value/>
</kml:Data>
<kml:Data name="trafo_mke"/>
<kml:Data name="consmr_nam">
<kml:value/>
</kml:Data>
<kml:Data name="trafo_loc">
<kml:value/>
</kml:Data>
<kml:Data name="trafo_mnt"/>
<kml:Data name="angle"/>
<kml:Data name="tap_pole"/>
<kml:Data name="end_type">
<kml:value>SDE</kml:value>
</kml:Data>
<kml:Data name="rs_con"/>
<kml:Data name="rs_con1">
<kml:value>0.0</kml:value>
</kml:Data>
<kml:Data name="rs_con3">
<kml:value>0.0</kml:value>
</kml:Data>
<kml:Data name="sc_con">
<kml:value>0.0</kml:value>
</kml:Data>
<kml:Data name="lc_con">
<kml:value>0.0</kml:value>
</kml:Data>
<kml:Data name="si_con">
<kml:value>0.0</kml:value>
</kml:Data>
<kml:Data name="li_con">
<kml:value>0.0</kml:value>
</kml:Data>
<kml:Data name="pb_con">
<kml:value>0.0</kml:value>
</kml:Data>
<kml:Data name="ag_con">
<kml:value>0.0</kml:value>
</kml:Data>
<kml:Data name="st_con">
<kml:value>0.0</kml:value>
</kml:Data>
<kml:Data name="remarks">
<kml:value/>
</kml:Data>
<kml:Data name="wo_id">
<kml:value>386</kml:value>
</kml:Data>
<kml:Data name="sequence"/>
</kml:ExtendedData>
<kml:Point>
<kml:coordinates>67.89358304932601,29.550761902366325</kml:coordinates>
</kml:Point>
</kml:Placemark>
<kml:Placemark id="equipment_materialized.419964">
<kml:ExtendedData>
<kml:Data name="section_id">
<kml:value>02001314140120294</kml:value>
</kml:Data>
<kml:Data name="feedercode">
<kml:value>020013</kml:value>
</kml:Data>
<kml:Data name="substation">
<kml:value>220 KV-SIBI</kml:value>
</kml:Data>
<kml:Data name="gps_no">
<kml:value>14140120294</kml:value>
</kml:Data>
<kml:Data name="s_e">
<kml:value>E</kml:value>
</kml:Data>
<kml:Data name="pole_phase">
<kml:value>R-Y-B</kml:value>
</kml:Data>
<kml:Data name="pole_use"/>
<kml:Data name="fdr_on_pol">
<kml:value>1.0</kml:value>
</kml:Data>
<kml:Data name="pol_hght">
<kml:value>36</kml:value>
</kml:Data>
<kml:Data name="pole_type">
<kml:value>Steel Structure</kml:value>
</kml:Data>
<kml:Data name="eqp_type">
<kml:value>Transformer</kml:value>
</kml:Data>
<kml:Data name="eqp_number">
<kml:value>T-14140120294</kml:value>
</kml:Data>
<kml:Data name="eqp_unit"/>
<kml:Data name="eqp_size">
<kml:value>200</kml:value>
</kml:Data>
<kml:Data name="eqp_phase">
<kml:value>R-Y-B</kml:value>
</kml:Data>
<kml:Data name="eqp_use">
<kml:value>General Duty</kml:value>
</kml:Data>
<kml:Data name="eqp_status">
<kml:value>Connected</kml:value>
</kml:Data>
<kml:Data name="trafo_mke">
<kml:value>Siemens</kml:value>
</kml:Data>
<kml:Data name="consmr_nam">
<kml:value/>
</kml:Data>
<kml:Data name="trafo_loc">
<kml:value/>
</kml:Data>
<kml:Data name="trafo_mnt">
<kml:value>Double Pole</kml:value>
</kml:Data>
<kml:Data name="angle"/>
<kml:Data name="tap_pole"/>
<kml:Data name="end_type">
<kml:value/>
</kml:Data>
<kml:Data name="rs_con"/>
<kml:Data name="rs_con1">
<kml:value>0.0</kml:value>
</kml:Data>
<kml:Data name="rs_con3">
<kml:value>0.0</kml:value>
</kml:Data>
<kml:Data name="sc_con">
<kml:value>0.0</kml:value>
</kml:Data>
<kml:Data name="lc_con">
<kml:value>0.0</kml:value>
</kml:Data>
<kml:Data name="si_con">
<kml:value>0.0</kml:value>
</kml:Data>
<kml:Data name="li_con">
<kml:value>0.0</kml:value>
</kml:Data>
<kml:Data name="pb_con">
<kml:value>0.0</kml:value>
</kml:Data>
<kml:Data name="ag_con">
<kml:value>0.0</kml:value>
</kml:Data>
<kml:Data name="st_con">
<kml:value>0.0</kml:value>
</kml:Data>
<kml:Data name="remarks">
<kml:value/>
</kml:Data>
<kml:Data name="wo_id">
<kml:value>386</kml:value>
</kml:Data>
<kml:Data name="sequence"/>
</kml:ExtendedData>
<kml:Point>
<kml:coordinates>67.89356499777564,29.550779890977413</kml:coordinates>
</kml:Point>
</kml:Placemark>
<kml:Placemark id="equipment_materialized.419966">
<kml:ExtendedData>
<kml:Data name="section_id">
<kml:value>02001314140120295</kml:value>
</kml:Data>
<kml:Data name="feedercode">
<kml:value>020013</kml:value>
</kml:Data>
<kml:Data name="substation">
<kml:value>220 KV-SIBI</kml:value>
</kml:Data>
<kml:Data name="gps_no">
<kml:value>14140120295</kml:value>
</kml:Data>
<kml:Data name="s_e">
<kml:value>E</kml:value>
</kml:Data>
<kml:Data name="pole_phase">
<kml:value>R-Y-B</kml:value>
</kml:Data>
<kml:Data name="pole_use"/>
<kml:Data name="fdr_on_pol">
<kml:value>1.0</kml:value>
</kml:Data>
<kml:Data name="pol_hght">
<kml:value>36</kml:value>
</kml:Data>
<kml:Data name="pole_type">
<kml:value>Steel Structure</kml:value>
</kml:Data>
<kml:Data name="eqp_type">
<kml:value>Primary Pole</kml:value>
</kml:Data>
<kml:Data name="eqp_number">
<kml:value/>
</kml:Data>
<kml:Data name="eqp_unit"/>
<kml:Data name="eqp_size">
<kml:value/>
</kml:Data>
<kml:Data name="eqp_phase">
<kml:value/>
</kml:Data>
<kml:Data name="eqp_use"/>
<kml:Data name="eqp_status">
<kml:value/>
</kml:Data>
<kml:Data name="trafo_mke"/>
<kml:Data name="consmr_nam">
<kml:value/>
</kml:Data>
<kml:Data name="trafo_loc">
<kml:value/>
</kml:Data>
<kml:Data name="trafo_mnt"/>
<kml:Data name="angle"/>
<kml:Data name="tap_pole"/>
<kml:Data name="end_type">
<kml:value/>
</kml:Data>
<kml:Data name="rs_con"/>
<kml:Data name="rs_con1">
<kml:value>0.0</kml:value>
</kml:Data>
<kml:Data name="rs_con3">
<kml:value>0.0</kml:value>
</kml:Data>
<kml:Data name="sc_con">
<kml:value>0.0</kml:value>
</kml:Data>
<kml:Data name="lc_con">
<kml:value>0.0</kml:value>
</kml:Data>
<kml:Data name="si_con">
<kml:value>0.0</kml:value>
</kml:Data>
<kml:Data name="li_con">
<kml:value>0.0</kml:value>
</kml:Data>
<kml:Data name="pb_con">
<kml:value>0.0</kml:value>
</kml:Data>
<kml:Data name="ag_con">
<kml:value>0.0</kml:value>
</kml:Data>
<kml:Data name="st_con">
<kml:value>0.0</kml:value>
</kml:Data>
<kml:Data name="remarks">
<kml:value/>
</kml:Data>
<kml:Data name="wo_id">
<kml:value>386</kml:value>
</kml:Data>
<kml:Data name="sequence"/>
</kml:ExtendedData>
<kml:Point>
<kml:coordinates>67.88351898680378,29.54362788788626</kml:coordinates>
</kml:Point>
</kml:Placemark>
<kml:Placemark id="equipment_materialized.419968">
<kml:ExtendedData>
<kml:Data name="section_id">
<kml:value>02001314140120298</kml:value>
</kml:Data>
<kml:Data name="feedercode">
<kml:value>020013</kml:value>
</kml:Data>
<kml:Data name="substation">
<kml:value>220 KV-SIBI</kml:value>
</kml:Data>
<kml:Data name="gps_no">
<kml:value>14140120296</kml:value>
</kml:Data>
<kml:Data name="s_e">
<kml:value/>
</kml:Data>
<kml:Data name="pole_phase">
<kml:value>R-Y-B</kml:value>
</kml:Data>
<kml:Data name="pole_use"/>
<kml:Data name="fdr_on_pol">
<kml:value>1.0</kml:value>
</kml:Data>
<kml:Data name="pol_hght">
<kml:value>36</kml:value>
</kml:Data>
<kml:Data name="pole_type">
<kml:value>PC Ordinary</kml:value>
</kml:Data>
<kml:Data name="eqp_type">
<kml:value>Primary Pole</kml:value>
</kml:Data>
<kml:Data name="eqp_number">
<kml:value/>
</kml:Data>
<kml:Data name="eqp_unit"/>
<kml:Data name="eqp_size">
<kml:value/>
</kml:Data>
<kml:Data name="eqp_phase">
<kml:value/>
</kml:Data>
<kml:Data name="eqp_use"/>
<kml:Data name="eqp_status">
<kml:value/>
</kml:Data>
<kml:Data name="trafo_mke"/>
<kml:Data name="consmr_nam">
<kml:value/>
</kml:Data>
<kml:Data name="trafo_loc">
<kml:value/>
</kml:Data>
<kml:Data name="trafo_mnt"/>
<kml:Data name="angle"/>
<kml:Data name="tap_pole"/>
<kml:Data name="end_type">
<kml:value/>
</kml:Data>
<kml:Data name="rs_con"/>
<kml:Data name="rs_con1">
<kml:value>0.0</kml:value>
</kml:Data>
<kml:Data name="rs_con3">
<kml:value>0.0</kml:value>
</kml:Data>
<kml:Data name="sc_con">
<kml:value>0.0</kml:value>
</kml:Data>
<kml:Data name="lc_con">
<kml:value>0.0</kml:value>
</kml:Data>
<kml:Data name="si_con">
<kml:value>0.0</kml:value>
</kml:Data>
<kml:Data name="li_con">
<kml:value>0.0</kml:value>
</kml:Data>
<kml:Data name="pb_con">
<kml:value>0.0</kml:value>
</kml:Data>
<kml:Data name="ag_con">
<kml:value>0.0</kml:value>
</kml:Data>
<kml:Data name="st_con">
<kml:value>0.0</kml:value>
</kml:Data>
<kml:Data name="remarks">
<kml:value/>
</kml:Data>
<kml:Data name="wo_id">
<kml:value>386</kml:value>
</kml:Data>
<kml:Data name="sequence">
<kml:value>0</kml:value>
</kml:Data>
</kml:ExtendedData>
<kml:Point>
<kml:coordinates>67.88352095654773,29.543645862888937</kml:coordinates>
</kml:Point>
</kml:Placemark>
<kml:Placemark id="equipment_materialized.419969">
<kml:ExtendedData>
<kml:Data name="section_id">
<kml:value>02001314140120298</kml:value>
</kml:Data>
<kml:Data name="feedercode">
<kml:value>020013</kml:value>
</kml:Data>
<kml:Data name="substation">
<kml:value>220 KV-SIBI</kml:value>
</kml:Data>
<kml:Data name="gps_no">
<kml:value>14140120297</kml:value>
</kml:Data>
<kml:Data name="s_e">
<kml:value/>
</kml:Data>
<kml:Data name="pole_phase">
<kml:value>R-Y-B</kml:value>
</kml:Data>
<kml:Data name="pole_use"/>
<kml:Data name="fdr_on_pol">
<kml:value>1.0</kml:value>
</kml:Data>
<kml:Data name="pol_hght">
<kml:value>36</kml:value>
</kml:Data>
<kml:Data name="pole_type">
<kml:value>PC Ordinary</kml:value>
</kml:Data>
<kml:Data name="eqp_type">
<kml:value>Primary Pole</kml:value>
</kml:Data>
<kml:Data name="eqp_number">
<kml:value/>
</kml:Data>
<kml:Data name="eqp_unit"/>
<kml:Data name="eqp_size">
<kml:value/>
</kml:Data>
<kml:Data name="eqp_phase">
<kml:value/>
</kml:Data>
<kml:Data name="eqp_use"/>
<kml:Data name="eqp_status">
<kml:value/>
</kml:Data>
<kml:Data name="trafo_mke"/>
<kml:Data name="consmr_nam">
<kml:value/>
</kml:Data>
<kml:Data name="trafo_loc">
<kml:value/>
</kml:Data>
<kml:Data name="trafo_mnt"/>
<kml:Data name="angle"/>
<kml:Data name="tap_pole"/>
<kml:Data name="end_type">
<kml:value/>
</kml:Data>
<kml:Data name="rs_con"/>
<kml:Data name="rs_con1">
<kml:value>0.0</kml:value>
</kml:Data>
<kml:Data name="rs_con3">
<kml:value>0.0</kml:value>
</kml:Data>
<kml:Data name="sc_con">
<kml:value>0.0</kml:value>
</kml:Data>
<kml:Data name="lc_con">
<kml:value>0.0</kml:value>
</kml:Data>
<kml:Data name="si_con">
<kml:value>0.0</kml:value>
</kml:Data>
<kml:Data name="li_con">
<kml:value>0.0</kml:value>
</kml:Data>
<kml:Data name="pb_con">
<kml:value>0.0</kml:value>
</kml:Data>
<kml:Data name="ag_con">
<kml:value>0.0</kml:value>
</kml:Data>
<kml:Data name="st_con">
<kml:value>0.0</kml:value>
</kml:Data>
<kml:Data name="remarks">
<kml:value/>
</kml:Data>
<kml:Data name="wo_id">
<kml:value>386</kml:value>
</kml:Data>
<kml:Data name="sequence">
<kml:value>1</kml:value>
</kml:Data>
</kml:ExtendedData>
<kml:Point>
<kml:coordinates>67.88346502636061,29.543851869967284</kml:coordinates>
</kml:Point>
</kml:Placemark>
<kml:Placemark id="equipment_materialized.419970">
<kml:ExtendedData>
<kml:Data name="section_id">
<kml:value>02001314140120298</kml:value>
</kml:Data>
<kml:Data name="feedercode">
<kml:value>020013</kml:value>
</kml:Data>
<kml:Data name="substation">
<kml:value>220 KV-SIBI</kml:value>
</kml:Data>
<kml:Data name="gps_no">
<kml:value>14140120298</kml:value>
</kml:Data>
<kml:Data name="s_e">
<kml:value>E</kml:value>
</kml:Data>
<kml:Data name="pole_phase">
<kml:value>R-Y-B</kml:value>
</kml:Data>
<kml:Data name="pole_use"/>
<kml:Data name="fdr_on_pol">
<kml:value>1.0</kml:value>
</kml:Data>
<kml:Data name="pol_hght">
<kml:value>36</kml:value>
</kml:Data>
<kml:Data name="pole_type">
<kml:value>PC Ordinary</kml:value>
</kml:Data>
<kml:Data name="eqp_type">
<kml:value>Primary Pole</kml:value>
</kml:Data>
<kml:Data name="eqp_number">
<kml:value/>
</kml:Data>
<kml:Data name="eqp_unit"/>
<kml:Data name="eqp_size">
<kml:value/>
</kml:Data>
<kml:Data name="eqp_phase">
<kml:value/>
</kml:Data>
<kml:Data name="eqp_use"/>
<kml:Data name="eqp_status">
<kml:value/>
</kml:Data>
<kml:Data name="trafo_mke"/>
<kml:Data name="consmr_nam">
<kml:value/>
</kml:Data>
<kml:Data name="trafo_loc">
<kml:value/>
</kml:Data>
<kml:Data name="trafo_mnt"/>
<kml:Data name="angle"/>
<kml:Data name="tap_pole"/>
<kml:Data name="end_type">
<kml:value>SDE</kml:value>
</kml:Data>
<kml:Data name="rs_con"/>
<kml:Data name="rs_con1">
<kml:value>0.0</kml:value>
</kml:Data>
<kml:Data name="rs_con3">
<kml:value>0.0</kml:value>
</kml:Data>
<kml:Data name="sc_con">
<kml:value>0.0</kml:value>
</kml:Data>
<kml:Data name="lc_con">
<kml:value>0.0</kml:value>
</kml:Data>
<kml:Data name="si_con">
<kml:value>0.0</kml:value>
</kml:Data>
<kml:Data name="li_con">
<kml:value>0.0</kml:value>
</kml:Data>
<kml:Data name="pb_con">
<kml:value>0.0</kml:value>
</kml:Data>
<kml:Data name="ag_con">
<kml:value>0.0</kml:value>
</kml:Data>
<kml:Data name="st_con">
<kml:value>0.0</kml:value>
</kml:Data>
<kml:Data name="remarks">
<kml:value/>
</kml:Data>
<kml:Data name="wo_id">
<kml:value>386</kml:value>
</kml:Data>
<kml:Data name="sequence"/>
</kml:ExtendedData>
<kml:Point>
<kml:coordinates>67.88354898525495,29.54415687644972</kml:coordinates>
</kml:Point>
</kml:Placemark>
<kml:Placemark id="equipment_materialized.419972">
<kml:ExtendedData>
<kml:Data name="section_id">
<kml:value>02001314140120299</kml:value>
</kml:Data>
<kml:Data name="feedercode">
<kml:value>020013</kml:value>
</kml:Data>
<kml:Data name="substation">
<kml:value>220 KV-SIBI</kml:value>
</kml:Data>
<kml:Data name="gps_no">
<kml:value>14140120299</kml:value>
</kml:Data>
<kml:Data name="s_e">
<kml:value>E</kml:value>
</kml:Data>
<kml:Data name="pole_phase">
<kml:value>R-Y-B</kml:value>
</kml:Data>
<kml:Data name="pole_use"/>
<kml:Data name="fdr_on_pol">
<kml:value>1.0</kml:value>
</kml:Data>
<kml:Data name="pol_hght">
<kml:value>36</kml:value>
</kml:Data>
<kml:Data name="pole_type">
<kml:value>PC Ordinary</kml:value>
</kml:Data>
<kml:Data name="eqp_type">
<kml:value>Transformer</kml:value>
</kml:Data>
<kml:Data name="eqp_number">
<kml:value>T-14140120299</kml:value>
</kml:Data>
<kml:Data name="eqp_unit"/>
<kml:Data name="eqp_size">
<kml:value>50</kml:value>
</kml:Data>
<kml:Data name="eqp_phase">
<kml:value>R-Y-B</kml:value>
</kml:Data>
<kml:Data name="eqp_use">
<kml:value>General Duty</kml:value>
</kml:Data>
<kml:Data name="eqp_status">
<kml:value>Connected</kml:value>
</kml:Data>
<kml:Data name="trafo_mke">
<kml:value>Siemens</kml:value>
</kml:Data>
<kml:Data name="consmr_nam">
<kml:value/>
</kml:Data>
<kml:Data name="trafo_loc">
<kml:value/>
</kml:Data>
<kml:Data name="trafo_mnt">
<kml:value>Double Pole</kml:value>
</kml:Data>
<kml:Data name="angle"/>
<kml:Data name="tap_pole"/>
<kml:Data name="end_type">
<kml:value/>
</kml:Data>
<kml:Data name="rs_con"/>
<kml:Data name="rs_con1">
<kml:value>0.0</kml:value>
</kml:Data>
<kml:Data name="rs_con3">
<kml:value>0.0</kml:value>
</kml:Data>
<kml:Data name="sc_con">
<kml:value>0.0</kml:value>
</kml:Data>
<kml:Data name="lc_con">
<kml:value>0.0</kml:value>
</kml:Data>
<kml:Data name="si_con">
<kml:value>0.0</kml:value>
</kml:Data>
<kml:Data name="li_con">
<kml:value>0.0</kml:value>
</kml:Data>
<kml:Data name="pb_con">
<kml:value>0.0</kml:value>
</kml:Data>
<kml:Data name="ag_con">
<kml:value>0.0</kml:value>
</kml:Data>
<kml:Data name="st_con">
<kml:value>0.0</kml:value>
</kml:Data>
<kml:Data name="remarks">
<kml:value/>
</kml:Data>
<kml:Data name="wo_id">
<kml:value>386</kml:value>
</kml:Data>
<kml:Data name="sequence"/>
</kml:ExtendedData>
<kml:Point>
<kml:coordinates>67.8835480496207,29.544166885612704</kml:coordinates>
</kml:Point>
</kml:Placemark>
<kml:Placemark id="equipment_materialized.419974">
<kml:ExtendedData>
<kml:Data name="section_id">
<kml:value>02001314140120301</kml:value>
</kml:Data>
<kml:Data name="feedercode">
<kml:value>020013</kml:value>
</kml:Data>
<kml:Data name="substation">
<kml:value>220 KV-SIBI</kml:value>
</kml:Data>
<kml:Data name="gps_no">
<kml:value>14140120300</kml:value>
</kml:Data>
<kml:Data name="s_e">
<kml:value/>
</kml:Data>
<kml:Data name="pole_phase">
<kml:value>R-Y-B</kml:value>
</kml:Data>
<kml:Data name="pole_use"/>
<kml:Data name="fdr_on_pol">
<kml:value>1.0</kml:value>
</kml:Data>
<kml:Data name="pol_hght">
<kml:value>36</kml:value>
</kml:Data>
<kml:Data name="pole_type">
<kml:value>PC Ordinary</kml:value>
</kml:Data>
<kml:Data name="eqp_type">
<kml:value>Primary Pole</kml:value>
</kml:Data>
<kml:Data name="eqp_number">
<kml:value/>
</kml:Data>
<kml:Data name="eqp_unit"/>
<kml:Data name="eqp_size">
<kml:value/>
</kml:Data>
<kml:Data name="eqp_phase">
<kml:value/>
</kml:Data>
<kml:Data name="eqp_use"/>
<kml:Data name="eqp_status">
<kml:value/>
</kml:Data>
<kml:Data name="trafo_mke"/>
<kml:Data name="consmr_nam">
<kml:value/>
</kml:Data>
<kml:Data name="trafo_loc">
<kml:value/>
</kml:Data>
<kml:Data name="trafo_mnt"/>
<kml:Data name="angle"/>
<kml:Data name="tap_pole"/>
<kml:Data name="end_type">
<kml:value/>
</kml:Data>
<kml:Data name="rs_con"/>
<kml:Data name="rs_con1">
<kml:value>0.0</kml:value>
</kml:Data>
<kml:Data name="rs_con3">
<kml:value>0.0</kml:value>
</kml:Data>
<kml:Data name="sc_con">
<kml:value>0.0</kml:value>
</kml:Data>
<kml:Data name="lc_con">
<kml:value>0.0</kml:value>
</kml:Data>
<kml:Data name="si_con">
<kml:value>0.0</kml:value>
</kml:Data>
<kml:Data name="li_con">
<kml:value>0.0</kml:value>
</kml:Data>
<kml:Data name="pb_con">
<kml:value>0.0</kml:value>
</kml:Data>
<kml:Data name="ag_con">
<kml:value>0.0</kml:value>
</kml:Data>
<kml:Data name="st_con">
<kml:value>0.0</kml:value>
</kml:Data>
<kml:Data name="remarks">
<kml:value/>
</kml:Data>
<kml:Data name="wo_id">
<kml:value>386</kml:value>
</kml:Data>
<kml:Data name="sequence">
<kml:value>0</kml:value>
</kml:Data>
</kml:ExtendedData>
<kml:Point>
<kml:coordinates>67.88314898736284,29.543769889818183</kml:coordinates>
</kml:Point>
</kml:Placemark>
<kml:Placemark id="equipment_materialized.419975">
<kml:ExtendedData>
<kml:Data name="section_id">
<kml:value>02001314140120301</kml:value>
</kml:Data>
<kml:Data name="feedercode">
<kml:value>020013</kml:value>
</kml:Data>
<kml:Data name="substation">
<kml:value>220 KV-SIBI</kml:value>
</kml:Data>
<kml:Data name="gps_no">
<kml:value>14140120301</kml:value>
</kml:Data>
<kml:Data name="s_e">
<kml:value>E</kml:value>
</kml:Data>
<kml:Data name="pole_phase">
<kml:value>R-Y-B</kml:value>
</kml:Data>
<kml:Data name="pole_use"/>
<kml:Data name="fdr_on_pol">
<kml:value>1.0</kml:value>
</kml:Data>
<kml:Data name="pol_hght">
<kml:value>36</kml:value>
</kml:Data>
<kml:Data name="pole_type">
<kml:value>PC Ordinary</kml:value>
</kml:Data>
<kml:Data name="eqp_type">
<kml:value>Primary Pole</kml:value>
</kml:Data>
<kml:Data name="eqp_number">
<kml:value/>
</kml:Data>
<kml:Data name="eqp_unit"/>
<kml:Data name="eqp_size">
<kml:value/>
</kml:Data>
<kml:Data name="eqp_phase">
<kml:value/>
</kml:Data>
<kml:Data name="eqp_use"/>
<kml:Data name="eqp_status">
<kml:value/>
</kml:Data>
<kml:Data name="trafo_mke"/>
<kml:Data name="consmr_nam">
<kml:value/>
</kml:Data>
<kml:Data name="trafo_loc">
<kml:value/>
</kml:Data>
<kml:Data name="trafo_mnt"/>
<kml:Data name="angle"/>
<kml:Data name="tap_pole"/>
<kml:Data name="end_type">
<kml:value/>
</kml:Data>
<kml:Data name="rs_con"/>
<kml:Data name="rs_con1">
<kml:value>0.0</kml:value>
</kml:Data>
<kml:Data name="rs_con3">
<kml:value>0.0</kml:value>
</kml:Data>
<kml:Data name="sc_con">
<kml:value>0.0</kml:value>
</kml:Data>
<kml:Data name="lc_con">
<kml:value>0.0</kml:value>
</kml:Data>
<kml:Data name="si_con">
<kml:value>0.0</kml:value>
</kml:Data>
<kml:Data name="li_con">
<kml:value>0.0</kml:value>
</kml:Data>
<kml:Data name="pb_con">
<kml:value>0.0</kml:value>
</kml:Data>
<kml:Data name="ag_con">
<kml:value>0.0</kml:value>
</kml:Data>
<kml:Data name="st_con">
<kml:value>0.0</kml:value>
</kml:Data>
<kml:Data name="remarks">
<kml:value/>
</kml:Data>
<kml:Data name="wo_id">
<kml:value>386</kml:value>
</kml:Data>
<kml:Data name="sequence"/>
</kml:ExtendedData>
<kml:Point>
<kml:coordinates>67.88263000950569,29.543869847892502</kml:coordinates>
</kml:Point>
</kml:Placemark>
<kml:Placemark id="equipment_materialized.419977">
<kml:ExtendedData>
<kml:Data name="section_id">
<kml:value>02001314140120302</kml:value>
</kml:Data>
<kml:Data name="feedercode">
<kml:value>020013</kml:value>
</kml:Data>
<kml:Data name="substation">
<kml:value>220 KV-SIBI</kml:value>
</kml:Data>
<kml:Data name="gps_no">
<kml:value>14140120302</kml:value>
</kml:Data>
<kml:Data name="s_e">
<kml:value>E</kml:value>
</kml:Data>
<kml:Data name="pole_phase">
<kml:value>R-Y-B</kml:value>
</kml:Data>
<kml:Data name="pole_use"/>
<kml:Data name="fdr_on_pol">
<kml:value>1.0</kml:value>
</kml:Data>
<kml:Data name="pol_hght">
<kml:value>36</kml:value>
</kml:Data>
<kml:Data name="pole_type">
<kml:value>PC Ordinary</kml:value>
</kml:Data>
<kml:Data name="eqp_type">
<kml:value>Transformer</kml:value>
</kml:Data>
<kml:Data name="eqp_number">
<kml:value>T-14140120302</kml:value>
</kml:Data>
<kml:Data name="eqp_unit"/>
<kml:Data name="eqp_size">
<kml:value>200</kml:value>
</kml:Data>
<kml:Data name="eqp_phase">
<kml:value>R-Y-B</kml:value>
</kml:Data>
<kml:Data name="eqp_use">
<kml:value>General Duty</kml:value>
</kml:Data>
<kml:Data name="eqp_status">
<kml:value>Connected</kml:value>
</kml:Data>
<kml:Data name="trafo_mke">
<kml:value>PEL</kml:value>
</kml:Data>
<kml:Data name="consmr_nam">
<kml:value/>
</kml:Data>
<kml:Data name="trafo_loc">
<kml:value/>
</kml:Data>
<kml:Data name="trafo_mnt">
<kml:value>Double Pole</kml:value>
</kml:Data>
<kml:Data name="angle"/>
<kml:Data name="tap_pole"/>
<kml:Data name="end_type">
<kml:value/>
</kml:Data>
<kml:Data name="rs_con"/>
<kml:Data name="rs_con1">
<kml:value>0.0</kml:value>
</kml:Data>
<kml:Data name="rs_con3">
<kml:value>0.0</kml:value>
</kml:Data>
<kml:Data name="sc_con">
<kml:value>0.0</kml:value>
</kml:Data>
<kml:Data name="lc_con">
<kml:value>0.0</kml:value>
</kml:Data>
<kml:Data name="si_con">
<kml:value>0.0</kml:value>
</kml:Data>
<kml:Data name="li_con">
<kml:value>0.0</kml:value>
</kml:Data>
<kml:Data name="pb_con">
<kml:value>0.0</kml:value>
</kml:Data>
<kml:Data name="ag_con">
<kml:value>0.0</kml:value>
</kml:Data>
<kml:Data name="st_con">
<kml:value>0.0</kml:value>
</kml:Data>
<kml:Data name="remarks">
<kml:value/>
</kml:Data>
<kml:Data name="wo_id">
<kml:value>386</kml:value>
</kml:Data>
<kml:Data name="sequence"/>
</kml:ExtendedData>
<kml:Point>
<kml:coordinates>67.88261303991955,29.54387385638333</kml:coordinates>
</kml:Point>
</kml:Placemark>
<kml:Placemark id="equipment_materialized.419979">
<kml:ExtendedData>
<kml:Data name="section_id">
<kml:value>02001314140120304</kml:value>
</kml:Data>
<kml:Data name="feedercode">
<kml:value>020013</kml:value>
</kml:Data>
<kml:Data name="substation">
<kml:value>220 KV-SIBI</kml:value>
</kml:Data>
<kml:Data name="gps_no">
<kml:value>14140120303</kml:value>
</kml:Data>
<kml:Data name="s_e">
<kml:value/>
</kml:Data>
<kml:Data name="pole_phase">
<kml:value>R-Y-B</kml:value>
</kml:Data>
<kml:Data name="pole_use"/>
<kml:Data name="fdr_on_pol">
<kml:value>1.0</kml:value>
</kml:Data>
<kml:Data name="pol_hght">
<kml:value>36</kml:value>
</kml:Data>
<kml:Data name="pole_type">
<kml:value>PC Ordinary</kml:value>
</kml:Data>
<kml:Data name="eqp_type">
<kml:value>Primary Pole</kml:value>
</kml:Data>
<kml:Data name="eqp_number">
<kml:value/>
</kml:Data>
<kml:Data name="eqp_unit"/>
<kml:Data name="eqp_size">
<kml:value/>
</kml:Data>
<kml:Data name="eqp_phase">
<kml:value/>
</kml:Data>
<kml:Data name="eqp_use"/>
<kml:Data name="eqp_status">
<kml:value/>
</kml:Data>
<kml:Data name="trafo_mke"/>
<kml:Data name="consmr_nam">
<kml:value/>
</kml:Data>
<kml:Data name="trafo_loc">
<kml:value/>
</kml:Data>
<kml:Data name="trafo_mnt"/>
<kml:Data name="angle"/>
<kml:Data name="tap_pole"/>
<kml:Data name="end_type">
<kml:value/>
</kml:Data>
<kml:Data name="rs_con"/>
<kml:Data name="rs_con1">
<kml:value>0.0</kml:value>
</kml:Data>
<kml:Data name="rs_con3">
<kml:value>0.0</kml:value>
</kml:Data>
<kml:Data name="sc_con">
<kml:value>0.0</kml:value>
</kml:Data>
<kml:Data name="lc_con">
<kml:value>0.0</kml:value>
</kml:Data>
<kml:Data name="si_con">
<kml:value>0.0</kml:value>
</kml:Data>
<kml:Data name="li_con">
<kml:value>0.0</kml:value>
</kml:Data>
<kml:Data name="pb_con">
<kml:value>0.0</kml:value>
</kml:Data>
<kml:Data name="ag_con">
<kml:value>0.0</kml:value>
</kml:Data>
<kml:Data name="st_con">
<kml:value>0.0</kml:value>
</kml:Data>
<kml:Data name="remarks">
<kml:value/>
</kml:Data>
<kml:Data name="wo_id">
<kml:value>386</kml:value>
</kml:Data>
<kml:Data name="sequence">
<kml:value>0</kml:value>
</kml:Data>
</kml:ExtendedData>
<kml:Point>
<kml:coordinates>67.8821330375873,29.544023864402014</kml:coordinates>
</kml:Point>
</kml:Placemark>
<kml:Placemark id="equipment_materialized.419980">
<kml:ExtendedData>
<kml:Data name="section_id">
<kml:value>02001314140120304</kml:value>
</kml:Data>
<kml:Data name="feedercode">
<kml:value>020013</kml:value>
</kml:Data>
<kml:Data name="substation">
<kml:value>220 KV-SIBI</kml:value>
</kml:Data>
<kml:Data name="gps_no">
<kml:value>14140120304</kml:value>
</kml:Data>
<kml:Data name="s_e">
<kml:value>E</kml:value>
</kml:Data>
<kml:Data name="pole_phase">
<kml:value>R-Y-B</kml:value>
</kml:Data>
<kml:Data name="pole_use"/>
<kml:Data name="fdr_on_pol">
<kml:value>1.0</kml:value>
</kml:Data>
<kml:Data name="pol_hght">
<kml:value>36</kml:value>
</kml:Data>
<kml:Data name="pole_type">
<kml:value>PC Ordinary</kml:value>
</kml:Data>
<kml:Data name="eqp_type">
<kml:value>Primary Pole</kml:value>
</kml:Data>
<kml:Data name="eqp_number">
<kml:value/>
</kml:Data>
<kml:Data name="eqp_unit"/>
<kml:Data name="eqp_size">
<kml:value/>
</kml:Data>
<kml:Data name="eqp_phase">
<kml:value/>
</kml:Data>
<kml:Data name="eqp_use"/>
<kml:Data name="eqp_status">
<kml:value/>
</kml:Data>
<kml:Data name="trafo_mke"/>
<kml:Data name="consmr_nam">
<kml:value/>
</kml:Data>
<kml:Data name="trafo_loc">
<kml:value/>
</kml:Data>
<kml:Data name="trafo_mnt"/>
<kml:Data name="angle"/>
<kml:Data name="tap_pole"/>
<kml:Data name="end_type">
<kml:value/>
</kml:Data>
<kml:Data name="rs_con"/>
<kml:Data name="rs_con1">
<kml:value>0.0</kml:value>
</kml:Data>
<kml:Data name="rs_con3">
<kml:value>0.0</kml:value>
</kml:Data>
<kml:Data name="sc_con">
<kml:value>0.0</kml:value>
</kml:Data>
<kml:Data name="lc_con">
<kml:value>0.0</kml:value>
</kml:Data>
<kml:Data name="si_con">
<kml:value>0.0</kml:value>
</kml:Data>
<kml:Data name="li_con">
<kml:value>0.0</kml:value>
</kml:Data>
<kml:Data name="pb_con">
<kml:value>0.0</kml:value>
</kml:Data>
<kml:Data name="ag_con">
<kml:value>0.0</kml:value>
</kml:Data>
<kml:Data name="st_con">
<kml:value>0.0</kml:value>
</kml:Data>
<kml:Data name="remarks">
<kml:value/>
</kml:Data>
<kml:Data name="wo_id">
<kml:value>386</kml:value>
</kml:Data>
<kml:Data name="sequence"/>
</kml:ExtendedData>
<kml:Point>
<kml:coordinates>67.8814470182273,29.544156885314614</kml:coordinates>
</kml:Point>
</kml:Placemark>
<kml:Placemark id="equipment_materialized.419982">
<kml:ExtendedData>
<kml:Data name="section_id">
<kml:value>02001314140120305</kml:value>
</kml:Data>
<kml:Data name="feedercode">
<kml:value>020013</kml:value>
</kml:Data>
<kml:Data name="substation">
<kml:value>220 KV-SIBI</kml:value>
</kml:Data>
<kml:Data name="gps_no">
<kml:value>14140120305</kml:value>
</kml:Data>
<kml:Data name="s_e">
<kml:value>E</kml:value>
</kml:Data>
<kml:Data name="pole_phase">
<kml:value>R-Y-B</kml:value>
</kml:Data>
<kml:Data name="pole_use"/>
<kml:Data name="fdr_on_pol">
<kml:value>1.0</kml:value>
</kml:Data>
<kml:Data name="pol_hght">
<kml:value>36</kml:value>
</kml:Data>
<kml:Data name="pole_type">
<kml:value>PC Ordinary</kml:value>
</kml:Data>
<kml:Data name="eqp_type">
<kml:value>Primary Pole</kml:value>
</kml:Data>
<kml:Data name="eqp_number">
<kml:value/>
</kml:Data>
<kml:Data name="eqp_unit"/>
<kml:Data name="eqp_size">
<kml:value/>
</kml:Data>
<kml:Data name="eqp_phase">
<kml:value/>
</kml:Data>
<kml:Data name="eqp_use"/>
<kml:Data name="eqp_status">
<kml:value/>
</kml:Data>
<kml:Data name="trafo_mke"/>
<kml:Data name="consmr_nam">
<kml:value/>
</kml:Data>
<kml:Data name="trafo_loc">
<kml:value/>
</kml:Data>
<kml:Data name="trafo_mnt"/>
<kml:Data name="angle"/>
<kml:Data name="tap_pole"/>
<kml:Data name="end_type">
<kml:value/>
</kml:Data>
<kml:Data name="rs_con"/>
<kml:Data name="rs_con1">
<kml:value>0.0</kml:value>
</kml:Data>
<kml:Data name="rs_con3">
<kml:value>0.0</kml:value>
</kml:Data>
<kml:Data name="sc_con">
<kml:value>0.0</kml:value>
</kml:Data>
<kml:Data name="lc_con">
<kml:value>0.0</kml:value>
</kml:Data>
<kml:Data name="si_con">
<kml:value>0.0</kml:value>
</kml:Data>
<kml:Data name="li_con">
<kml:value>0.0</kml:value>
</kml:Data>
<kml:Data name="pb_con">
<kml:value>0.0</kml:value>
</kml:Data>
<kml:Data name="ag_con">
<kml:value>0.0</kml:value>
</kml:Data>
<kml:Data name="st_con">
<kml:value>0.0</kml:value>
</kml:Data>
<kml:Data name="remarks">
<kml:value/>
</kml:Data>
<kml:Data name="wo_id">
<kml:value>386</kml:value>
</kml:Data>
<kml:Data name="sequence"/>
</kml:ExtendedData>
<kml:Point>
<kml:coordinates>67.88156705202663,29.544296870658627</kml:coordinates>
</kml:Point>
</kml:Placemark>
<kml:Placemark id="equipment_materialized.419984">
<kml:ExtendedData>
<kml:Data name="section_id">
<kml:value>02001314140120306</kml:value>
</kml:Data>
<kml:Data name="feedercode">
<kml:value>020013</kml:value>
</kml:Data>
<kml:Data name="substation">
<kml:value>220 KV-SIBI</kml:value>
</kml:Data>
<kml:Data name="gps_no">
<kml:value>14140120306</kml:value>
</kml:Data>
<kml:Data name="s_e">
<kml:value>E</kml:value>
</kml:Data>
<kml:Data name="pole_phase">
<kml:value>R-Y-B</kml:value>
</kml:Data>
<kml:Data name="pole_use"/>
<kml:Data name="fdr_on_pol">
<kml:value>1.0</kml:value>
</kml:Data>
<kml:Data name="pol_hght">
<kml:value>36</kml:value>
</kml:Data>
<kml:Data name="pole_type">
<kml:value>Steel Structure</kml:value>
</kml:Data>
<kml:Data name="eqp_type">
<kml:value>Transformer</kml:value>
</kml:Data>
<kml:Data name="eqp_number">
<kml:value>T-14140120306</kml:value>
</kml:Data>
<kml:Data name="eqp_unit"/>
<kml:Data name="eqp_size">
<kml:value>50</kml:value>
</kml:Data>
<kml:Data name="eqp_phase">
<kml:value>R-Y-B</kml:value>
</kml:Data>
<kml:Data name="eqp_use">
<kml:value>General Duty</kml:value>
</kml:Data>
<kml:Data name="eqp_status">
<kml:value>Connected</kml:value>
</kml:Data>
<kml:Data name="trafo_mke">
<kml:value>Power Link</kml:value>
</kml:Data>
<kml:Data name="consmr_nam">
<kml:value/>
</kml:Data>
<kml:Data name="trafo_loc">
<kml:value/>
</kml:Data>
<kml:Data name="trafo_mnt">
<kml:value>Single Pole</kml:value>
</kml:Data>
<kml:Data name="angle"/>
<kml:Data name="tap_pole"/>
<kml:Data name="end_type">
<kml:value/>
</kml:Data>
<kml:Data name="rs_con"/>
<kml:Data name="rs_con1">
<kml:value>0.0</kml:value>
</kml:Data>
<kml:Data name="rs_con3">
<kml:value>0.0</kml:value>
</kml:Data>
<kml:Data name="sc_con">
<kml:value>0.0</kml:value>
</kml:Data>
<kml:Data name="lc_con">
<kml:value>0.0</kml:value>
</kml:Data>
<kml:Data name="si_con">
<kml:value>0.0</kml:value>
</kml:Data>
<kml:Data name="li_con">
<kml:value>0.0</kml:value>
</kml:Data>
<kml:Data name="pb_con">
<kml:value>0.0</kml:value>
</kml:Data>
<kml:Data name="ag_con">
<kml:value>0.0</kml:value>
</kml:Data>
<kml:Data name="st_con">
<kml:value>0.0</kml:value>
</kml:Data>
<kml:Data name="remarks">
<kml:value/>
</kml:Data>
<kml:Data name="wo_id">
<kml:value>386</kml:value>
</kml:Data>
<kml:Data name="sequence"/>
</kml:ExtendedData>
<kml:Point>
<kml:coordinates>67.88155798464373,29.544304916241245</kml:coordinates>
</kml:Point>
</kml:Placemark>
<kml:Placemark id="equipment_materialized.419986">
<kml:ExtendedData>
<kml:Data name="section_id">
<kml:value>02001314140120309</kml:value>
</kml:Data>
<kml:Data name="feedercode">
<kml:value>020013</kml:value>
</kml:Data>
<kml:Data name="substation">
<kml:value>220 KV-SIBI</kml:value>
</kml:Data>
<kml:Data name="gps_no">
<kml:value>14140120307</kml:value>
</kml:Data>
<kml:Data name="s_e">
<kml:value/>
</kml:Data>
<kml:Data name="pole_phase">
<kml:value>R-Y-B</kml:value>
</kml:Data>
<kml:Data name="pole_use"/>
<kml:Data name="fdr_on_pol">
<kml:value>1.0</kml:value>
</kml:Data>
<kml:Data name="pol_hght">
<kml:value>36</kml:value>
</kml:Data>
<kml:Data name="pole_type">
<kml:value>Steel Structure</kml:value>
</kml:Data>
<kml:Data name="eqp_type">
<kml:value>Primary Pole</kml:value>
</kml:Data>
<kml:Data name="eqp_number">
<kml:value/>
</kml:Data>
<kml:Data name="eqp_unit"/>
<kml:Data name="eqp_size">
<kml:value/>
</kml:Data>
<kml:Data name="eqp_phase">
<kml:value/>
</kml:Data>
<kml:Data name="eqp_use"/>
<kml:Data name="eqp_status">
<kml:value/>
</kml:Data>
<kml:Data name="trafo_mke"/>
<kml:Data name="consmr_nam">
<kml:value/>
</kml:Data>
<kml:Data name="trafo_loc">
<kml:value/>
</kml:Data>
<kml:Data name="trafo_mnt"/>
<kml:Data name="angle"/>
<kml:Data name="tap_pole"/>
<kml:Data name="end_type">
<kml:value/>
</kml:Data>
<kml:Data name="rs_con"/>
<kml:Data name="rs_con1">
<kml:value>0.0</kml:value>
</kml:Data>
<kml:Data name="rs_con3">
<kml:value>0.0</kml:value>
</kml:Data>
<kml:Data name="sc_con">
<kml:value>0.0</kml:value>
</kml:Data>
<kml:Data name="lc_con">
<kml:value>0.0</kml:value>
</kml:Data>
<kml:Data name="si_con">
<kml:value>0.0</kml:value>
</kml:Data>
<kml:Data name="li_con">
<kml:value>0.0</kml:value>
</kml:Data>
<kml:Data name="pb_con">
<kml:value>0.0</kml:value>
</kml:Data>
<kml:Data name="ag_con">
<kml:value>0.0</kml:value>
</kml:Data>
<kml:Data name="st_con">
<kml:value>0.0</kml:value>
</kml:Data>
<kml:Data name="remarks">
<kml:value/>
</kml:Data>
<kml:Data name="wo_id">
<kml:value>386</kml:value>
</kml:Data>
<kml:Data name="sequence">
<kml:value>0</kml:value>
</kml:Data>
</kml:ExtendedData>
<kml:Point>
<kml:coordinates>67.88149396823653,29.544063878601232</kml:coordinates>
</kml:Point>
</kml:Placemark>
<kml:Placemark id="equipment_materialized.419987">
<kml:ExtendedData>
<kml:Data name="section_id">
<kml:value>02001314140120309</kml:value>
</kml:Data>
<kml:Data name="feedercode">
<kml:value>020013</kml:value>
</kml:Data>
<kml:Data name="substation">
<kml:value>220 KV-SIBI</kml:value>
</kml:Data>
<kml:Data name="gps_no">
<kml:value>14140120308</kml:value>
</kml:Data>
<kml:Data name="s_e">
<kml:value/>
</kml:Data>
<kml:Data name="pole_phase">
<kml:value>R-Y-B</kml:value>
</kml:Data>
<kml:Data name="pole_use"/>
<kml:Data name="fdr_on_pol">
<kml:value>1.0</kml:value>
</kml:Data>
<kml:Data name="pol_hght">
<kml:value>36</kml:value>
</kml:Data>
<kml:Data name="pole_type">
<kml:value>Steel Structure</kml:value>
</kml:Data>
<kml:Data name="eqp_type">
<kml:value>Primary Pole</kml:value>
</kml:Data>
<kml:Data name="eqp_number">
<kml:value/>
</kml:Data>
<kml:Data name="eqp_unit"/>
<kml:Data name="eqp_size">
<kml:value/>
</kml:Data>
<kml:Data name="eqp_phase">
<kml:value/>
</kml:Data>
<kml:Data name="eqp_use"/>
<kml:Data name="eqp_status">
<kml:value/>
</kml:Data>
<kml:Data name="trafo_mke"/>
<kml:Data name="consmr_nam">
<kml:value/>
</kml:Data>
<kml:Data name="trafo_loc">
<kml:value/>
</kml:Data>
<kml:Data name="trafo_mnt"/>
<kml:Data name="angle"/>
<kml:Data name="tap_pole"/>
<kml:Data name="end_type">
<kml:value/>
</kml:Data>
<kml:Data name="rs_con"/>
<kml:Data name="rs_con1">
<kml:value>0.0</kml:value>
</kml:Data>
<kml:Data name="rs_con3">
<kml:value>0.0</kml:value>
</kml:Data>
<kml:Data name="sc_con">
<kml:value>0.0</kml:value>
</kml:Data>
<kml:Data name="lc_con">
<kml:value>0.0</kml:value>
</kml:Data>
<kml:Data name="si_con">
<kml:value>0.0</kml:value>
</kml:Data>
<kml:Data name="li_con">
<kml:value>0.0</kml:value>
</kml:Data>
<kml:Data name="pb_con">
<kml:value>0.0</kml:value>
</kml:Data>
<kml:Data name="ag_con">
<kml:value>0.0</kml:value>
</kml:Data>
<kml:Data name="st_con">
<kml:value>0.0</kml:value>
</kml:Data>
<kml:Data name="remarks">
<kml:value/>
</kml:Data>
<kml:Data name="wo_id">
<kml:value>386</kml:value>
</kml:Data>
<kml:Data name="sequence">
<kml:value>1</kml:value>
</kml:Data>
</kml:ExtendedData>
<kml:Point>
<kml:coordinates>67.88144799899005,29.543842846414456</kml:coordinates>
</kml:Point>
</kml:Placemark>
<kml:Placemark id="equipment_materialized.419988">
<kml:ExtendedData>
<kml:Data name="section_id">
<kml:value>02001314140120309</kml:value>
</kml:Data>
<kml:Data name="feedercode">
<kml:value>020013</kml:value>
</kml:Data>
<kml:Data name="substation">
<kml:value>220 KV-SIBI</kml:value>
</kml:Data>
<kml:Data name="gps_no">
<kml:value>14140120309</kml:value>
</kml:Data>
<kml:Data name="s_e">
<kml:value>E</kml:value>
</kml:Data>
<kml:Data name="pole_phase">
<kml:value>R-Y-B</kml:value>
</kml:Data>
<kml:Data name="pole_use"/>
<kml:Data name="fdr_on_pol">
<kml:value>1.0</kml:value>
</kml:Data>
<kml:Data name="pol_hght">
<kml:value>36</kml:value>
</kml:Data>
<kml:Data name="pole_type">
<kml:value>Steel Structure</kml:value>
</kml:Data>
<kml:Data name="eqp_type">
<kml:value>Primary Pole</kml:value>
</kml:Data>
<kml:Data name="eqp_number">
<kml:value/>
</kml:Data>
<kml:Data name="eqp_unit"/>
<kml:Data name="eqp_size">
<kml:value/>
</kml:Data>
<kml:Data name="eqp_phase">
<kml:value/>
</kml:Data>
<kml:Data name="eqp_use"/>
<kml:Data name="eqp_status">
<kml:value/>
</kml:Data>
<kml:Data name="trafo_mke"/>
<kml:Data name="consmr_nam">
<kml:value/>
</kml:Data>
<kml:Data name="trafo_loc">
<kml:value/>
</kml:Data>
<kml:Data name="trafo_mnt"/>
<kml:Data name="angle"/>
<kml:Data name="tap_pole"/>
<kml:Data name="end_type">
<kml:value/>
</kml:Data>
<kml:Data name="rs_con"/>
<kml:Data name="rs_con1">
<kml:value>0.0</kml:value>
</kml:Data>
<kml:Data name="rs_con3">
<kml:value>0.0</kml:value>
</kml:Data>
<kml:Data name="sc_con">
<kml:value>0.0</kml:value>
</kml:Data>
<kml:Data name="lc_con">
<kml:value>0.0</kml:value>
</kml:Data>
<kml:Data name="si_con">
<kml:value>0.0</kml:value>
</kml:Data>
<kml:Data name="li_con">
<kml:value>0.0</kml:value>
</kml:Data>
<kml:Data name="pb_con">
<kml:value>0.0</kml:value>
</kml:Data>
<kml:Data name="ag_con">
<kml:value>0.0</kml:value>
</kml:Data>
<kml:Data name="st_con">
<kml:value>0.0</kml:value>
</kml:Data>
<kml:Data name="remarks">
<kml:value/>
</kml:Data>
<kml:Data name="wo_id">
<kml:value>386</kml:value>
</kml:Data>
<kml:Data name="sequence"/>
</kml:ExtendedData>
<kml:Point>
<kml:coordinates>67.8813850135504,29.54349884962896</kml:coordinates>
</kml:Point>
</kml:Placemark>
<kml:Placemark id="equipment_materialized.419990">
<kml:ExtendedData>
<kml:Data name="section_id">
<kml:value>02001314140120310</kml:value>
</kml:Data>
<kml:Data name="feedercode">
<kml:value>020013</kml:value>
</kml:Data>
<kml:Data name="substation">
<kml:value>220 KV-SIBI</kml:value>
</kml:Data>
<kml:Data name="gps_no">
<kml:value>14140120310</kml:value>
</kml:Data>
<kml:Data name="s_e">
<kml:value>E</kml:value>
</kml:Data>
<kml:Data name="pole_phase">
<kml:value>R-Y-B</kml:value>
</kml:Data>
<kml:Data name="pole_use"/>
<kml:Data name="fdr_on_pol">
<kml:value>1.0</kml:value>
</kml:Data>
<kml:Data name="pol_hght">
<kml:value>36</kml:value>
</kml:Data>
<kml:Data name="pole_type">
<kml:value>Steel Structure</kml:value>
</kml:Data>
<kml:Data name="eqp_type">
<kml:value>Transformer</kml:value>
</kml:Data>
<kml:Data name="eqp_number">
<kml:value>T-14140120310</kml:value>
</kml:Data>
<kml:Data name="eqp_unit"/>
<kml:Data name="eqp_size">
<kml:value>50</kml:value>
</kml:Data>
<kml:Data name="eqp_phase">
<kml:value>R-Y-B</kml:value>
</kml:Data>
<kml:Data name="eqp_use">
<kml:value>General Duty</kml:value>
</kml:Data>
<kml:Data name="eqp_status">
<kml:value>Connected</kml:value>
</kml:Data>
<kml:Data name="trafo_mke">
<kml:value>Siemens</kml:value>
</kml:Data>
<kml:Data name="consmr_nam">
<kml:value/>
</kml:Data>
<kml:Data name="trafo_loc">
<kml:value/>
</kml:Data>
<kml:Data name="trafo_mnt">
<kml:value>Pad Mounted</kml:value>
</kml:Data>
<kml:Data name="angle"/>
<kml:Data name="tap_pole"/>
<kml:Data name="end_type">
<kml:value/>
</kml:Data>
<kml:Data name="rs_con"/>
<kml:Data name="rs_con1">
<kml:value>0.0</kml:value>
</kml:Data>
<kml:Data name="rs_con3">
<kml:value>0.0</kml:value>
</kml:Data>
<kml:Data name="sc_con">
<kml:value>0.0</kml:value>
</kml:Data>
<kml:Data name="lc_con">
<kml:value>0.0</kml:value>
</kml:Data>
<kml:Data name="si_con">
<kml:value>0.0</kml:value>
</kml:Data>
<kml:Data name="li_con">
<kml:value>0.0</kml:value>
</kml:Data>
<kml:Data name="pb_con">
<kml:value>0.0</kml:value>
</kml:Data>
<kml:Data name="ag_con">
<kml:value>0.0</kml:value>
</kml:Data>
<kml:Data name="st_con">
<kml:value>0.0</kml:value>
</kml:Data>
<kml:Data name="remarks">
<kml:value/>
</kml:Data>
<kml:Data name="wo_id">
<kml:value>386</kml:value>
</kml:Data>
<kml:Data name="sequence"/>
</kml:ExtendedData>
<kml:Point>
<kml:coordinates>67.88139203943494,29.543516867223726</kml:coordinates>
</kml:Point>
</kml:Placemark>
<kml:Placemark id="equipment_materialized.419992">
<kml:ExtendedData>
<kml:Data name="section_id">
<kml:value>02001314140120311</kml:value>
</kml:Data>
<kml:Data name="feedercode">
<kml:value>020013</kml:value>
</kml:Data>
<kml:Data name="substation">
<kml:value>220 KV-SIBI</kml:value>
</kml:Data>
<kml:Data name="gps_no">
<kml:value>14140120311</kml:value>
</kml:Data>
<kml:Data name="s_e">
<kml:value>E</kml:value>
</kml:Data>
<kml:Data name="pole_phase">
<kml:value>R-Y-B</kml:value>
</kml:Data>
<kml:Data name="pole_use"/>
<kml:Data name="fdr_on_pol">
<kml:value>1.0</kml:value>
</kml:Data>
<kml:Data name="pol_hght">
<kml:value>36</kml:value>
</kml:Data>
<kml:Data name="pole_type">
<kml:value>PC Ordinary</kml:value>
</kml:Data>
<kml:Data name="eqp_type">
<kml:value>Primary Pole</kml:value>
</kml:Data>
<kml:Data name="eqp_number">
<kml:value/>
</kml:Data>
<kml:Data name="eqp_unit"/>
<kml:Data name="eqp_size">
<kml:value/>
</kml:Data>
<kml:Data name="eqp_phase">
<kml:value/>
</kml:Data>
<kml:Data name="eqp_use"/>
<kml:Data name="eqp_status">
<kml:value/>
</kml:Data>
<kml:Data name="trafo_mke"/>
<kml:Data name="consmr_nam">
<kml:value/>
</kml:Data>
<kml:Data name="trafo_loc">
<kml:value/>
</kml:Data>
<kml:Data name="trafo_mnt"/>
<kml:Data name="angle"/>
<kml:Data name="tap_pole"/>
<kml:Data name="end_type">
<kml:value/>
</kml:Data>
<kml:Data name="rs_con"/>
<kml:Data name="rs_con1">
<kml:value>0.0</kml:value>
</kml:Data>
<kml:Data name="rs_con3">
<kml:value>0.0</kml:value>
</kml:Data>
<kml:Data name="sc_con">
<kml:value>0.0</kml:value>
</kml:Data>
<kml:Data name="lc_con">
<kml:value>0.0</kml:value>
</kml:Data>
<kml:Data name="si_con">
<kml:value>0.0</kml:value>
</kml:Data>
<kml:Data name="li_con">
<kml:value>0.0</kml:value>
</kml:Data>
<kml:Data name="pb_con">
<kml:value>0.0</kml:value>
</kml:Data>
<kml:Data name="ag_con">
<kml:value>0.0</kml:value>
</kml:Data>
<kml:Data name="st_con">
<kml:value>0.0</kml:value>
</kml:Data>
<kml:Data name="remarks">
<kml:value/>
</kml:Data>
<kml:Data name="wo_id">
<kml:value>386</kml:value>
</kml:Data>
<kml:Data name="sequence"/>
</kml:ExtendedData>
<kml:Point>
<kml:coordinates>67.88128300260776,29.543071861235482</kml:coordinates>
</kml:Point>
</kml:Placemark>
<kml:Placemark id="equipment_materialized.419994">
<kml:ExtendedData>
<kml:Data name="section_id">
<kml:value>02001314140120312</kml:value>
</kml:Data>
<kml:Data name="feedercode">
<kml:value>020013</kml:value>
</kml:Data>
<kml:Data name="substation">
<kml:value>220 KV-SIBI</kml:value>
</kml:Data>
<kml:Data name="gps_no">
<kml:value>14140120312</kml:value>
</kml:Data>
<kml:Data name="s_e">
<kml:value>E</kml:value>
</kml:Data>
<kml:Data name="pole_phase">
<kml:value>R-Y-B</kml:value>
</kml:Data>
<kml:Data name="pole_use"/>
<kml:Data name="fdr_on_pol">
<kml:value>1.0</kml:value>
</kml:Data>
<kml:Data name="pol_hght">
<kml:value>36</kml:value>
</kml:Data>
<kml:Data name="pole_type">
<kml:value>PC Ordinary</kml:value>
</kml:Data>
<kml:Data name="eqp_type">
<kml:value>Transformer</kml:value>
</kml:Data>
<kml:Data name="eqp_number">
<kml:value>T-14140120312</kml:value>
</kml:Data>
<kml:Data name="eqp_unit"/>
<kml:Data name="eqp_size">
<kml:value>50</kml:value>
</kml:Data>
<kml:Data name="eqp_phase">
<kml:value>R-Y-B</kml:value>
</kml:Data>
<kml:Data name="eqp_use">
<kml:value>General Duty</kml:value>
</kml:Data>
<kml:Data name="eqp_status">
<kml:value/>
</kml:Data>
<kml:Data name="trafo_mke">
<kml:value>Power Link</kml:value>
</kml:Data>
<kml:Data name="consmr_nam">
<kml:value/>
</kml:Data>
<kml:Data name="trafo_loc">
<kml:value/>
</kml:Data>
<kml:Data name="trafo_mnt">
<kml:value>Double Pole</kml:value>
</kml:Data>
<kml:Data name="angle"/>
<kml:Data name="tap_pole"/>
<kml:Data name="end_type">
<kml:value/>
</kml:Data>
<kml:Data name="rs_con"/>
<kml:Data name="rs_con1">
<kml:value>0.0</kml:value>
</kml:Data>
<kml:Data name="rs_con3">
<kml:value>0.0</kml:value>
</kml:Data>
<kml:Data name="sc_con">
<kml:value>0.0</kml:value>
</kml:Data>
<kml:Data name="lc_con">
<kml:value>0.0</kml:value>
</kml:Data>
<kml:Data name="si_con">
<kml:value>0.0</kml:value>
</kml:Data>
<kml:Data name="li_con">
<kml:value>0.0</kml:value>
</kml:Data>
<kml:Data name="pb_con">
<kml:value>0.0</kml:value>
</kml:Data>
<kml:Data name="ag_con">
<kml:value>0.0</kml:value>
</kml:Data>
<kml:Data name="st_con">
<kml:value>0.0</kml:value>
</kml:Data>
<kml:Data name="remarks">
<kml:value/>
</kml:Data>
<kml:Data name="wo_id">
<kml:value>386</kml:value>
</kml:Data>
<kml:Data name="sequence"/>
</kml:ExtendedData>
<kml:Point>
<kml:coordinates>67.88127496725433,29.543079915491003</kml:coordinates>
</kml:Point>
</kml:Placemark>
<kml:Placemark id="equipment_materialized.419996">
<kml:ExtendedData>
<kml:Data name="section_id">
<kml:value>02001314140120316</kml:value>
</kml:Data>
<kml:Data name="feedercode">
<kml:value>020013</kml:value>
</kml:Data>
<kml:Data name="substation">
<kml:value>220 KV-SIBI</kml:value>
</kml:Data>
<kml:Data name="gps_no">
<kml:value>14140120313</kml:value>
</kml:Data>
<kml:Data name="s_e">
<kml:value/>
</kml:Data>
<kml:Data name="pole_phase">
<kml:value>R-Y-B</kml:value>
</kml:Data>
<kml:Data name="pole_use"/>
<kml:Data name="fdr_on_pol">
<kml:value>1.0</kml:value>
</kml:Data>
<kml:Data name="pol_hght">
<kml:value>36</kml:value>
</kml:Data>
<kml:Data name="pole_type">
<kml:value>Steel Structure</kml:value>
</kml:Data>
<kml:Data name="eqp_type">
<kml:value>Primary Pole</kml:value>
</kml:Data>
<kml:Data name="eqp_number">
<kml:value/>
</kml:Data>
<kml:Data name="eqp_unit"/>
<kml:Data name="eqp_size">
<kml:value/>
</kml:Data>
<kml:Data name="eqp_phase">
<kml:value/>
</kml:Data>
<kml:Data name="eqp_use"/>
<kml:Data name="eqp_status">
<kml:value/>
</kml:Data>
<kml:Data name="trafo_mke"/>
<kml:Data name="consmr_nam">
<kml:value/>
</kml:Data>
<kml:Data name="trafo_loc">
<kml:value/>
</kml:Data>
<kml:Data name="trafo_mnt"/>
<kml:Data name="angle"/>
<kml:Data name="tap_pole"/>
<kml:Data name="end_type">
<kml:value/>
</kml:Data>
<kml:Data name="rs_con"/>
<kml:Data name="rs_con1">
<kml:value>0.0</kml:value>
</kml:Data>
<kml:Data name="rs_con3">
<kml:value>0.0</kml:value>
</kml:Data>
<kml:Data name="sc_con">
<kml:value>0.0</kml:value>
</kml:Data>
<kml:Data name="lc_con">
<kml:value>0.0</kml:value>
</kml:Data>
<kml:Data name="si_con">
<kml:value>0.0</kml:value>
</kml:Data>
<kml:Data name="li_con">
<kml:value>0.0</kml:value>
</kml:Data>
<kml:Data name="pb_con">
<kml:value>0.0</kml:value>
</kml:Data>
<kml:Data name="ag_con">
<kml:value>0.0</kml:value>
</kml:Data>
<kml:Data name="st_con">
<kml:value>0.0</kml:value>
</kml:Data>
<kml:Data name="remarks">
<kml:value/>
</kml:Data>
<kml:Data name="wo_id">
<kml:value>386</kml:value>
</kml:Data>
<kml:Data name="sequence">
<kml:value>0</kml:value>
</kml:Data>
</kml:ExtendedData>
<kml:Point>
<kml:coordinates>67.88121298481664,29.542869848326184</kml:coordinates>
</kml:Point>
</kml:Placemark>
<kml:Placemark id="equipment_materialized.419997">
<kml:ExtendedData>
<kml:Data name="section_id">
<kml:value>02001314140120316</kml:value>
</kml:Data>
<kml:Data name="feedercode">
<kml:value>020013</kml:value>
</kml:Data>
<kml:Data name="substation">
<kml:value>220 KV-SIBI</kml:value>
</kml:Data>
<kml:Data name="gps_no">
<kml:value>14140120314</kml:value>
</kml:Data>
<kml:Data name="s_e">
<kml:value/>
</kml:Data>
<kml:Data name="pole_phase">
<kml:value>R-Y-B</kml:value>
</kml:Data>
<kml:Data name="pole_use"/>
<kml:Data name="fdr_on_pol">
<kml:value>1.0</kml:value>
</kml:Data>
<kml:Data name="pol_hght">
<kml:value>36</kml:value>
</kml:Data>
<kml:Data name="pole_type">
<kml:value>Steel Structure</kml:value>
</kml:Data>
<kml:Data name="eqp_type">
<kml:value>Primary Pole</kml:value>
</kml:Data>
<kml:Data name="eqp_number">
<kml:value/>
</kml:Data>
<kml:Data name="eqp_unit"/>
<kml:Data name="eqp_size">
<kml:value/>
</kml:Data>
<kml:Data name="eqp_phase">
<kml:value/>
</kml:Data>
<kml:Data name="eqp_use"/>
<kml:Data name="eqp_status">
<kml:value/>
</kml:Data>
<kml:Data name="trafo_mke"/>
<kml:Data name="consmr_nam">
<kml:value/>
</kml:Data>
<kml:Data name="trafo_loc">
<kml:value/>
</kml:Data>
<kml:Data name="trafo_mnt"/>
<kml:Data name="angle"/>
<kml:Data name="tap_pole"/>
<kml:Data name="end_type">
<kml:value/>
</kml:Data>
<kml:Data name="rs_con"/>
<kml:Data name="rs_con1">
<kml:value>0.0</kml:value>
</kml:Data>
<kml:Data name="rs_con3">
<kml:value>0.0</kml:value>
</kml:Data>
<kml:Data name="sc_con">
<kml:value>0.0</kml:value>
</kml:Data>
<kml:Data name="lc_con">
<kml:value>0.0</kml:value>
</kml:Data>
<kml:Data name="si_con">
<kml:value>0.0</kml:value>
</kml:Data>
<kml:Data name="li_con">
<kml:value>0.0</kml:value>
</kml:Data>
<kml:Data name="pb_con">
<kml:value>0.0</kml:value>
</kml:Data>
<kml:Data name="ag_con">
<kml:value>0.0</kml:value>
</kml:Data>
<kml:Data name="st_con">
<kml:value>0.0</kml:value>
</kml:Data>
<kml:Data name="remarks">
<kml:value/>
</kml:Data>
<kml:Data name="wo_id">
<kml:value>386</kml:value>
</kml:Data>
<kml:Data name="sequence">
<kml:value>1</kml:value>
</kml:Data>
</kml:ExtendedData>
<kml:Point>
<kml:coordinates>67.88116205196175,29.542677922862953</kml:coordinates>
</kml:Point>
</kml:Placemark>
<kml:Placemark id="equipment_materialized.419998">
<kml:ExtendedData>
<kml:Data name="section_id">
<kml:value>02001314140120316</kml:value>
</kml:Data>
<kml:Data name="feedercode">
<kml:value>020013</kml:value>
</kml:Data>
<kml:Data name="substation">
<kml:value>220 KV-SIBI</kml:value>
</kml:Data>
<kml:Data name="gps_no">
<kml:value>14140120315</kml:value>
</kml:Data>
<kml:Data name="s_e">
<kml:value/>
</kml:Data>
<kml:Data name="pole_phase">
<kml:value>R-Y-B</kml:value>
</kml:Data>
<kml:Data name="pole_use"/>
<kml:Data name="fdr_on_pol">
<kml:value>1.0</kml:value>
</kml:Data>
<kml:Data name="pol_hght">
<kml:value>36</kml:value>
</kml:Data>
<kml:Data name="pole_type">
<kml:value>Steel Structure</kml:value>
</kml:Data>
<kml:Data name="eqp_type">
<kml:value>Primary Pole</kml:value>
</kml:Data>
<kml:Data name="eqp_number">
<kml:value/>
</kml:Data>
<kml:Data name="eqp_unit"/>
<kml:Data name="eqp_size">
<kml:value/>
</kml:Data>
<kml:Data name="eqp_phase">
<kml:value/>
</kml:Data>
<kml:Data name="eqp_use"/>
<kml:Data name="eqp_status">
<kml:value/>
</kml:Data>
<kml:Data name="trafo_mke"/>
<kml:Data name="consmr_nam">
<kml:value/>
</kml:Data>
<kml:Data name="trafo_loc">
<kml:value/>
</kml:Data>
<kml:Data name="trafo_mnt"/>
<kml:Data name="angle"/>
<kml:Data name="tap_pole"/>
<kml:Data name="end_type">
<kml:value/>
</kml:Data>
<kml:Data name="rs_con"/>
<kml:Data name="rs_con1">
<kml:value>0.0</kml:value>
</kml:Data>
<kml:Data name="rs_con3">
<kml:value>0.0</kml:value>
</kml:Data>
<kml:Data name="sc_con">
<kml:value>0.0</kml:value>
</kml:Data>
<kml:Data name="lc_con">
<kml:value>0.0</kml:value>
</kml:Data>
<kml:Data name="si_con">
<kml:value>0.0</kml:value>
</kml:Data>
<kml:Data name="li_con">
<kml:value>0.0</kml:value>
</kml:Data>
<kml:Data name="pb_con">
<kml:value>0.0</kml:value>
</kml:Data>
<kml:Data name="ag_con">
<kml:value>0.0</kml:value>
</kml:Data>
<kml:Data name="st_con">
<kml:value>0.0</kml:value>
</kml:Data>
<kml:Data name="remarks">
<kml:value/>
</kml:Data>
<kml:Data name="wo_id">
<kml:value>386</kml:value>
</kml:Data>
<kml:Data name="sequence">
<kml:value>2</kml:value>
</kml:Data>
</kml:ExtendedData>
<kml:Point>
<kml:coordinates>67.88108795395428,29.54245286344853</kml:coordinates>
</kml:Point>
</kml:Placemark>
<kml:Placemark id="equipment_materialized.419999">
<kml:ExtendedData>
<kml:Data name="section_id">
<kml:value>02001314140120316</kml:value>
</kml:Data>
<kml:Data name="feedercode">
<kml:value>020013</kml:value>
</kml:Data>
<kml:Data name="substation">
<kml:value>220 KV-SIBI</kml:value>
</kml:Data>
<kml:Data name="gps_no">
<kml:value>14140120316</kml:value>
</kml:Data>
<kml:Data name="s_e">
<kml:value>E</kml:value>
</kml:Data>
<kml:Data name="pole_phase">
<kml:value>R-Y-B</kml:value>
</kml:Data>
<kml:Data name="pole_use"/>
<kml:Data name="fdr_on_pol">
<kml:value>1.0</kml:value>
</kml:Data>
<kml:Data name="pol_hght">
<kml:value>36</kml:value>
</kml:Data>
<kml:Data name="pole_type">
<kml:value>Steel Structure</kml:value>
</kml:Data>
<kml:Data name="eqp_type">
<kml:value>Primary Pole</kml:value>
</kml:Data>
<kml:Data name="eqp_number">
<kml:value/>
</kml:Data>
<kml:Data name="eqp_unit"/>
<kml:Data name="eqp_size">
<kml:value/>
</kml:Data>
<kml:Data name="eqp_phase">
<kml:value/>
</kml:Data>
<kml:Data name="eqp_use"/>
<kml:Data name="eqp_status">
<kml:value/>
</kml:Data>
<kml:Data name="trafo_mke"/>
<kml:Data name="consmr_nam">
<kml:value/>
</kml:Data>
<kml:Data name="trafo_loc">
<kml:value/>
</kml:Data>
<kml:Data name="trafo_mnt"/>
<kml:Data name="angle"/>
<kml:Data name="tap_pole"/>
<kml:Data name="end_type">
<kml:value>SDE</kml:value>
</kml:Data>
<kml:Data name="rs_con"/>
<kml:Data name="rs_con1">
<kml:value>0.0</kml:value>
</kml:Data>
<kml:Data name="rs_con3">
<kml:value>0.0</kml:value>
</kml:Data>
<kml:Data name="sc_con">
<kml:value>0.0</kml:value>
</kml:Data>
<kml:Data name="lc_con">
<kml:value>0.0</kml:value>
</kml:Data>
<kml:Data name="si_con">
<kml:value>0.0</kml:value>
</kml:Data>
<kml:Data name="li_con">
<kml:value>0.0</kml:value>
</kml:Data>
<kml:Data name="pb_con">
<kml:value>0.0</kml:value>
</kml:Data>
<kml:Data name="ag_con">
<kml:value>0.0</kml:value>
</kml:Data>
<kml:Data name="st_con">
<kml:value>0.0</kml:value>
</kml:Data>
<kml:Data name="remarks">
<kml:value/>
</kml:Data>
<kml:Data name="wo_id">
<kml:value>386</kml:value>
</kml:Data>
<kml:Data name="sequence"/>
</kml:ExtendedData>
<kml:Point>
<kml:coordinates>67.88103895862871,29.542131906112534</kml:coordinates>
</kml:Point>
</kml:Placemark>
<kml:Placemark id="equipment_materialized.420001">
<kml:ExtendedData>
<kml:Data name="section_id">
<kml:value>02001314140120317</kml:value>
</kml:Data>
<kml:Data name="feedercode">
<kml:value>020013</kml:value>
</kml:Data>
<kml:Data name="substation">
<kml:value>220 KV-SIBI</kml:value>
</kml:Data>
<kml:Data name="gps_no">
<kml:value>14140120317</kml:value>
</kml:Data>
<kml:Data name="s_e">
<kml:value>E</kml:value>
</kml:Data>
<kml:Data name="pole_phase">
<kml:value>R-Y-B</kml:value>
</kml:Data>
<kml:Data name="pole_use"/>
<kml:Data name="fdr_on_pol">
<kml:value>1.0</kml:value>
</kml:Data>
<kml:Data name="pol_hght">
<kml:value>36</kml:value>
</kml:Data>
<kml:Data name="pole_type">
<kml:value>Steel Structure</kml:value>
</kml:Data>
<kml:Data name="eqp_type">
<kml:value>Transformer</kml:value>
</kml:Data>
<kml:Data name="eqp_number">
<kml:value>T-14140120317</kml:value>
</kml:Data>
<kml:Data name="eqp_unit"/>
<kml:Data name="eqp_size">
<kml:value>25</kml:value>
</kml:Data>
<kml:Data name="eqp_phase">
<kml:value>R-Y-B</kml:value>
</kml:Data>
<kml:Data name="eqp_use">
<kml:value>General Duty</kml:value>
</kml:Data>
<kml:Data name="eqp_status">
<kml:value>Connected</kml:value>
</kml:Data>
<kml:Data name="trafo_mke">
<kml:value>PEL</kml:value>
</kml:Data>
<kml:Data name="consmr_nam">
<kml:value/>
</kml:Data>
<kml:Data name="trafo_loc">
<kml:value/>
</kml:Data>
<kml:Data name="trafo_mnt">
<kml:value>Single Pole</kml:value>
</kml:Data>
<kml:Data name="angle"/>
<kml:Data name="tap_pole"/>
<kml:Data name="end_type">
<kml:value/>
</kml:Data>
<kml:Data name="rs_con"/>
<kml:Data name="rs_con1">
<kml:value>0.0</kml:value>
</kml:Data>
<kml:Data name="rs_con3">
<kml:value>0.0</kml:value>
</kml:Data>
<kml:Data name="sc_con">
<kml:value>0.0</kml:value>
</kml:Data>
<kml:Data name="lc_con">
<kml:value>0.0</kml:value>
</kml:Data>
<kml:Data name="si_con">
<kml:value>0.0</kml:value>
</kml:Data>
<kml:Data name="li_con">
<kml:value>0.0</kml:value>
</kml:Data>
<kml:Data name="pb_con">
<kml:value>0.0</kml:value>
</kml:Data>
<kml:Data name="ag_con">
<kml:value>0.0</kml:value>
</kml:Data>
<kml:Data name="st_con">
<kml:value>0.0</kml:value>
</kml:Data>
<kml:Data name="remarks">
<kml:value/>
</kml:Data>
<kml:Data name="wo_id">
<kml:value>386</kml:value>
</kml:Data>
<kml:Data name="sequence"/>
</kml:ExtendedData>
<kml:Point>
<kml:coordinates>67.88103299149306,29.5421208461603</kml:coordinates>
</kml:Point>
</kml:Placemark>
<kml:Placemark id="equipment_materialized.420003">
<kml:ExtendedData>
<kml:Data name="section_id">
<kml:value>02001314150120321</kml:value>
</kml:Data>
<kml:Data name="feedercode">
<kml:value>020013</kml:value>
</kml:Data>
<kml:Data name="substation">
<kml:value>220 KV-SIBI</kml:value>
</kml:Data>
<kml:Data name="gps_no">
<kml:value>14150120318</kml:value>
</kml:Data>
<kml:Data name="s_e">
<kml:value/>
</kml:Data>
<kml:Data name="pole_phase">
<kml:value>R-Y-B</kml:value>
</kml:Data>
<kml:Data name="pole_use"/>
<kml:Data name="fdr_on_pol">
<kml:value>1.0</kml:value>
</kml:Data>
<kml:Data name="pol_hght">
<kml:value>36</kml:value>
</kml:Data>
<kml:Data name="pole_type">
<kml:value>Steel Structure</kml:value>
</kml:Data>
<kml:Data name="eqp_type">
<kml:value>Primary Pole</kml:value>
</kml:Data>
<kml:Data name="eqp_number">
<kml:value/>
</kml:Data>
<kml:Data name="eqp_unit"/>
<kml:Data name="eqp_size">
<kml:value/>
</kml:Data>
<kml:Data name="eqp_phase">
<kml:value/>
</kml:Data>
<kml:Data name="eqp_use"/>
<kml:Data name="eqp_status">
<kml:value/>
</kml:Data>
<kml:Data name="trafo_mke"/>
<kml:Data name="consmr_nam">
<kml:value/>
</kml:Data>
<kml:Data name="trafo_loc">
<kml:value/>
</kml:Data>
<kml:Data name="trafo_mnt"/>
<kml:Data name="angle"/>
<kml:Data name="tap_pole"/>
<kml:Data name="end_type">
<kml:value/>
</kml:Data>
<kml:Data name="rs_con"/>
<kml:Data name="rs_con1">
<kml:value>0.0</kml:value>
</kml:Data>
<kml:Data name="rs_con3">
<kml:value>0.0</kml:value>
</kml:Data>
<kml:Data name="sc_con">
<kml:value>0.0</kml:value>
</kml:Data>
<kml:Data name="lc_con">
<kml:value>0.0</kml:value>
</kml:Data>
<kml:Data name="si_con">
<kml:value>0.0</kml:value>
</kml:Data>
<kml:Data name="li_con">
<kml:value>0.0</kml:value>
</kml:Data>
<kml:Data name="pb_con">
<kml:value>0.0</kml:value>
</kml:Data>
<kml:Data name="ag_con">
<kml:value>0.0</kml:value>
</kml:Data>
<kml:Data name="st_con">
<kml:value>0.0</kml:value>
</kml:Data>
<kml:Data name="remarks">
<kml:value/>
</kml:Data>
<kml:Data name="wo_id">
<kml:value>386</kml:value>
</kml:Data>
<kml:Data name="sequence">
<kml:value>0</kml:value>
</kml:Data>
</kml:ExtendedData>
<kml:Point>
<kml:coordinates>67.88105300380866,29.544276840227273</kml:coordinates>
</kml:Point>
</kml:Placemark>
<kml:Placemark id="equipment_materialized.420004">
<kml:ExtendedData>
<kml:Data name="section_id">
<kml:value>02001314150120321</kml:value>
</kml:Data>
<kml:Data name="feedercode">
<kml:value>020013</kml:value>
</kml:Data>
<kml:Data name="substation">
<kml:value>220 KV-SIBI</kml:value>
</kml:Data>
<kml:Data name="gps_no">
<kml:value>14150120319</kml:value>
</kml:Data>
<kml:Data name="s_e">
<kml:value/>
</kml:Data>
<kml:Data name="pole_phase">
<kml:value>R-Y-B</kml:value>
</kml:Data>
<kml:Data name="pole_use"/>
<kml:Data name="fdr_on_pol">
<kml:value>1.0</kml:value>
</kml:Data>
<kml:Data name="pol_hght">
<kml:value>36</kml:value>
</kml:Data>
<kml:Data name="pole_type">
<kml:value>Steel Structure</kml:value>
</kml:Data>
<kml:Data name="eqp_type">
<kml:value>Primary Pole</kml:value>
</kml:Data>
<kml:Data name="eqp_number">
<kml:value/>
</kml:Data>
<kml:Data name="eqp_unit"/>
<kml:Data name="eqp_size">
<kml:value/>
</kml:Data>
<kml:Data name="eqp_phase">
<kml:value/>
</kml:Data>
<kml:Data name="eqp_use"/>
<kml:Data name="eqp_status">
<kml:value/>
</kml:Data>
<kml:Data name="trafo_mke"/>
<kml:Data name="consmr_nam">
<kml:value/>
</kml:Data>
<kml:Data name="trafo_loc">
<kml:value/>
</kml:Data>
<kml:Data name="trafo_mnt"/>
<kml:Data name="angle"/>
<kml:Data name="tap_pole"/>
<kml:Data name="end_type">
<kml:value/>
</kml:Data>
<kml:Data name="rs_con"/>
<kml:Data name="rs_con1">
<kml:value>0.0</kml:value>
</kml:Data>
<kml:Data name="rs_con3">
<kml:value>0.0</kml:value>
</kml:Data>
<kml:Data name="sc_con">
<kml:value>0.0</kml:value>
</kml:Data>
<kml:Data name="lc_con">
<kml:value>0.0</kml:value>
</kml:Data>
<kml:Data name="si_con">
<kml:value>0.0</kml:value>
</kml:Data>
<kml:Data name="li_con">
<kml:value>0.0</kml:value>
</kml:Data>
<kml:Data name="pb_con">
<kml:value>0.0</kml:value>
</kml:Data>
<kml:Data name="ag_con">
<kml:value>0.0</kml:value>
</kml:Data>
<kml:Data name="st_con">
<kml:value>0.0</kml:value>
</kml:Data>
<kml:Data name="remarks">
<kml:value/>
</kml:Data>
<kml:Data name="wo_id">
<kml:value>386</kml:value>
</kml:Data>
<kml:Data name="sequence">
<kml:value>1</kml:value>
</kml:Data>
</kml:ExtendedData>
<kml:Point>
<kml:coordinates>67.8807899817229,29.54435692692084</kml:coordinates>
</kml:Point>
</kml:Placemark>
<kml:Placemark id="equipment_materialized.420005">
<kml:ExtendedData>
<kml:Data name="section_id">
<kml:value>02001314150120321</kml:value>
</kml:Data>
<kml:Data name="feedercode">
<kml:value>020013</kml:value>
</kml:Data>
<kml:Data name="substation">
<kml:value>220 KV-SIBI</kml:value>
</kml:Data>
<kml:Data name="gps_no">
<kml:value>14150120320</kml:value>
</kml:Data>
<kml:Data name="s_e">
<kml:value/>
</kml:Data>
<kml:Data name="pole_phase">
<kml:value>R-Y-B</kml:value>
</kml:Data>
<kml:Data name="pole_use"/>
<kml:Data name="fdr_on_pol">
<kml:value>1.0</kml:value>
</kml:Data>
<kml:Data name="pol_hght">
<kml:value>36</kml:value>
</kml:Data>
<kml:Data name="pole_type">
<kml:value>Steel Structure</kml:value>
</kml:Data>
<kml:Data name="eqp_type">
<kml:value>Primary Pole</kml:value>
</kml:Data>
<kml:Data name="eqp_number">
<kml:value/>
</kml:Data>
<kml:Data name="eqp_unit"/>
<kml:Data name="eqp_size">
<kml:value/>
</kml:Data>
<kml:Data name="eqp_phase">
<kml:value/>
</kml:Data>
<kml:Data name="eqp_use"/>
<kml:Data name="eqp_status">
<kml:value/>
</kml:Data>
<kml:Data name="trafo_mke"/>
<kml:Data name="consmr_nam">
<kml:value/>
</kml:Data>
<kml:Data name="trafo_loc">
<kml:value/>
</kml:Data>
<kml:Data name="trafo_mnt"/>
<kml:Data name="angle"/>
<kml:Data name="tap_pole"/>
<kml:Data name="end_type">
<kml:value/>
</kml:Data>
<kml:Data name="rs_con"/>
<kml:Data name="rs_con1">
<kml:value>0.0</kml:value>
</kml:Data>
<kml:Data name="rs_con3">
<kml:value>0.0</kml:value>
</kml:Data>
<kml:Data name="sc_con">
<kml:value>0.0</kml:value>
</kml:Data>
<kml:Data name="lc_con">
<kml:value>0.0</kml:value>
</kml:Data>
<kml:Data name="si_con">
<kml:value>0.0</kml:value>
</kml:Data>
<kml:Data name="li_con">
<kml:value>0.0</kml:value>
</kml:Data>
<kml:Data name="pb_con">
<kml:value>0.0</kml:value>
</kml:Data>
<kml:Data name="ag_con">
<kml:value>0.0</kml:value>
</kml:Data>
<kml:Data name="st_con">
<kml:value>0.0</kml:value>
</kml:Data>
<kml:Data name="remarks">
<kml:value/>
</kml:Data>
<kml:Data name="wo_id">
<kml:value>386</kml:value>
</kml:Data>
<kml:Data name="sequence">
<kml:value>2</kml:value>
</kml:Data>
</kml:ExtendedData>
<kml:Point>
<kml:coordinates>67.88041202608787,29.544414927702825</kml:coordinates>
</kml:Point>
</kml:Placemark>
<kml:Placemark id="equipment_materialized.420006">
<kml:ExtendedData>
<kml:Data name="section_id">
<kml:value>02001314150120321</kml:value>
</kml:Data>
<kml:Data name="feedercode">
<kml:value>020013</kml:value>
</kml:Data>
<kml:Data name="substation">
<kml:value>220 KV-SIBI</kml:value>
</kml:Data>
<kml:Data name="gps_no">
<kml:value>14150120321</kml:value>
</kml:Data>
<kml:Data name="s_e">
<kml:value>E</kml:value>
</kml:Data>
<kml:Data name="pole_phase">
<kml:value>R-Y-B</kml:value>
</kml:Data>
<kml:Data name="pole_use"/>
<kml:Data name="fdr_on_pol">
<kml:value>1.0</kml:value>
</kml:Data>
<kml:Data name="pol_hght">
<kml:value>36</kml:value>
</kml:Data>
<kml:Data name="pole_type">
<kml:value>Steel Structure</kml:value>
</kml:Data>
<kml:Data name="eqp_type">
<kml:value>Primary Pole</kml:value>
</kml:Data>
<kml:Data name="eqp_number">
<kml:value/>
</kml:Data>
<kml:Data name="eqp_unit"/>
<kml:Data name="eqp_size">
<kml:value/>
</kml:Data>
<kml:Data name="eqp_phase">
<kml:value/>
</kml:Data>
<kml:Data name="eqp_use"/>
<kml:Data name="eqp_status">
<kml:value/>
</kml:Data>
<kml:Data name="trafo_mke"/>
<kml:Data name="consmr_nam">
<kml:value/>
</kml:Data>
<kml:Data name="trafo_loc">
<kml:value/>
</kml:Data>
<kml:Data name="trafo_mnt"/>
<kml:Data name="angle"/>
<kml:Data name="tap_pole"/>
<kml:Data name="end_type">
<kml:value/>
</kml:Data>
<kml:Data name="rs_con"/>
<kml:Data name="rs_con1">
<kml:value>0.0</kml:value>
</kml:Data>
<kml:Data name="rs_con3">
<kml:value>0.0</kml:value>
</kml:Data>
<kml:Data name="sc_con">
<kml:value>0.0</kml:value>
</kml:Data>
<kml:Data name="lc_con">
<kml:value>0.0</kml:value>
</kml:Data>
<kml:Data name="si_con">
<kml:value>0.0</kml:value>
</kml:Data>
<kml:Data name="li_con">
<kml:value>0.0</kml:value>
</kml:Data>
<kml:Data name="pb_con">
<kml:value>0.0</kml:value>
</kml:Data>
<kml:Data name="ag_con">
<kml:value>0.0</kml:value>
</kml:Data>
<kml:Data name="st_con">
<kml:value>0.0</kml:value>
</kml:Data>
<kml:Data name="remarks">
<kml:value/>
</kml:Data>
<kml:Data name="wo_id">
<kml:value>386</kml:value>
</kml:Data>
<kml:Data name="sequence"/>
</kml:ExtendedData>
<kml:Point>
<kml:coordinates>67.8801220438895,29.544440910562525</kml:coordinates>
</kml:Point>
</kml:Placemark>
<kml:Placemark id="equipment_materialized.420008">
<kml:ExtendedData>
<kml:Data name="section_id">
<kml:value>02001314150120322</kml:value>
</kml:Data>
<kml:Data name="feedercode">
<kml:value>020013</kml:value>
</kml:Data>
<kml:Data name="substation">
<kml:value>220 KV-SIBI</kml:value>
</kml:Data>
<kml:Data name="gps_no">
<kml:value>14150120322</kml:value>
</kml:Data>
<kml:Data name="s_e">
<kml:value>E</kml:value>
</kml:Data>
<kml:Data name="pole_phase">
<kml:value>R-Y-B</kml:value>
</kml:Data>
<kml:Data name="pole_use"/>
<kml:Data name="fdr_on_pol">
<kml:value>1.0</kml:value>
</kml:Data>
<kml:Data name="pol_hght">
<kml:value>36</kml:value>
</kml:Data>
<kml:Data name="pole_type">
<kml:value>Steel Structure</kml:value>
</kml:Data>
<kml:Data name="eqp_type">
<kml:value>Transformer</kml:value>
</kml:Data>
<kml:Data name="eqp_number">
<kml:value>T-14150120322</kml:value>
</kml:Data>
<kml:Data name="eqp_unit"/>
<kml:Data name="eqp_size">
<kml:value>50</kml:value>
</kml:Data>
<kml:Data name="eqp_phase">
<kml:value>R-Y-B</kml:value>
</kml:Data>
<kml:Data name="eqp_use">
<kml:value>General Duty</kml:value>
</kml:Data>
<kml:Data name="eqp_status">
<kml:value>Connected</kml:value>
</kml:Data>
<kml:Data name="trafo_mke">
<kml:value>PEL</kml:value>
</kml:Data>
<kml:Data name="consmr_nam">
<kml:value/>
</kml:Data>
<kml:Data name="trafo_loc">
<kml:value/>
</kml:Data>
<kml:Data name="trafo_mnt"/>
<kml:Data name="angle"/>
<kml:Data name="tap_pole"/>
<kml:Data name="end_type">
<kml:value/>
</kml:Data>
<kml:Data name="rs_con"/>
<kml:Data name="rs_con1">
<kml:value>0.0</kml:value>
</kml:Data>
<kml:Data name="rs_con3">
<kml:value>0.0</kml:value>
</kml:Data>
<kml:Data name="sc_con">
<kml:value>0.0</kml:value>
</kml:Data>
<kml:Data name="lc_con">
<kml:value>0.0</kml:value>
</kml:Data>
<kml:Data name="si_con">
<kml:value>0.0</kml:value>
</kml:Data>
<kml:Data name="li_con">
<kml:value>0.0</kml:value>
</kml:Data>
<kml:Data name="pb_con">
<kml:value>0.0</kml:value>
</kml:Data>
<kml:Data name="ag_con">
<kml:value>0.0</kml:value>
</kml:Data>
<kml:Data name="st_con">
<kml:value>0.0</kml:value>
</kml:Data>
<kml:Data name="remarks">
<kml:value/>
</kml:Data>
<kml:Data name="wo_id">
<kml:value>386</kml:value>
</kml:Data>
<kml:Data name="sequence"/>
</kml:ExtendedData>
<kml:Point>
<kml:coordinates>67.88013502559609,29.544442915090556</kml:coordinates>
</kml:Point>
</kml:Placemark>
<kml:Placemark id="equipment_materialized.420010">
<kml:ExtendedData>
<kml:Data name="section_id">
<kml:value>02001314150120323</kml:value>
</kml:Data>
<kml:Data name="feedercode">
<kml:value>020013</kml:value>
</kml:Data>
<kml:Data name="substation">
<kml:value>220 KV-SIBI</kml:value>
</kml:Data>
<kml:Data name="gps_no">
<kml:value>14150120323</kml:value>
</kml:Data>
<kml:Data name="s_e">
<kml:value>E</kml:value>
</kml:Data>
<kml:Data name="pole_phase">
<kml:value>R-Y-B</kml:value>
</kml:Data>
<kml:Data name="pole_use"/>
<kml:Data name="fdr_on_pol">
<kml:value>1.0</kml:value>
</kml:Data>
<kml:Data name="pol_hght">
<kml:value>36</kml:value>
</kml:Data>
<kml:Data name="pole_type">
<kml:value>Steel Structure</kml:value>
</kml:Data>
<kml:Data name="eqp_type">
<kml:value>Primary Pole</kml:value>
</kml:Data>
<kml:Data name="eqp_number">
<kml:value/>
</kml:Data>
<kml:Data name="eqp_unit"/>
<kml:Data name="eqp_size">
<kml:value/>
</kml:Data>
<kml:Data name="eqp_phase">
<kml:value/>
</kml:Data>
<kml:Data name="eqp_use"/>
<kml:Data name="eqp_status">
<kml:value/>
</kml:Data>
<kml:Data name="trafo_mke"/>
<kml:Data name="consmr_nam">
<kml:value/>
</kml:Data>
<kml:Data name="trafo_loc">
<kml:value/>
</kml:Data>
<kml:Data name="trafo_mnt"/>
<kml:Data name="angle"/>
<kml:Data name="tap_pole"/>
<kml:Data name="end_type">
<kml:value>SDE</kml:value>
</kml:Data>
<kml:Data name="rs_con"/>
<kml:Data name="rs_con1">
<kml:value>0.0</kml:value>
</kml:Data>
<kml:Data name="rs_con3">
<kml:value>0.0</kml:value>
</kml:Data>
<kml:Data name="sc_con">
<kml:value>0.0</kml:value>
</kml:Data>
<kml:Data name="lc_con">
<kml:value>0.0</kml:value>
</kml:Data>
<kml:Data name="si_con">
<kml:value>0.0</kml:value>
</kml:Data>
<kml:Data name="li_con">
<kml:value>0.0</kml:value>
</kml:Data>
<kml:Data name="pb_con">
<kml:value>0.0</kml:value>
</kml:Data>
<kml:Data name="ag_con">
<kml:value>0.0</kml:value>
</kml:Data>
<kml:Data name="st_con">
<kml:value>0.0</kml:value>
</kml:Data>
<kml:Data name="remarks">
<kml:value/>
</kml:Data>
<kml:Data name="wo_id">
<kml:value>386</kml:value>
</kml:Data>
<kml:Data name="sequence"/>
</kml:ExtendedData>
<kml:Point>
<kml:coordinates>67.87974503213793,29.54453492450612</kml:coordinates>
</kml:Point>
</kml:Placemark>
<kml:Placemark id="equipment_materialized.420012">
<kml:ExtendedData>
<kml:Data name="section_id">
<kml:value>02001314150120339</kml:value>
</kml:Data>
<kml:Data name="feedercode">
<kml:value>020013</kml:value>
</kml:Data>
<kml:Data name="substation">
<kml:value>220 KV-SIBI</kml:value>
</kml:Data>
<kml:Data name="gps_no">
<kml:value>14150120324</kml:value>
</kml:Data>
<kml:Data name="s_e">
<kml:value/>
</kml:Data>
<kml:Data name="pole_phase">
<kml:value>R-Y-B</kml:value>
</kml:Data>
<kml:Data name="pole_use"/>
<kml:Data name="fdr_on_pol">
<kml:value>1.0</kml:value>
</kml:Data>
<kml:Data name="pol_hght">
<kml:value>36</kml:value>
</kml:Data>
<kml:Data name="pole_type">
<kml:value>PC Ordinary</kml:value>
</kml:Data>
<kml:Data name="eqp_type">
<kml:value>Primary Pole</kml:value>
</kml:Data>
<kml:Data name="eqp_number">
<kml:value/>
</kml:Data>
<kml:Data name="eqp_unit"/>
<kml:Data name="eqp_size">
<kml:value/>
</kml:Data>
<kml:Data name="eqp_phase">
<kml:value/>
</kml:Data>
<kml:Data name="eqp_use"/>
<kml:Data name="eqp_status">
<kml:value/>
</kml:Data>
<kml:Data name="trafo_mke"/>
<kml:Data name="consmr_nam">
<kml:value/>
</kml:Data>
<kml:Data name="trafo_loc">
<kml:value/>
</kml:Data>
<kml:Data name="trafo_mnt"/>
<kml:Data name="angle"/>
<kml:Data name="tap_pole"/>
<kml:Data name="end_type">
<kml:value/>
</kml:Data>
<kml:Data name="rs_con"/>
<kml:Data name="rs_con1">
<kml:value>0.0</kml:value>
</kml:Data>
<kml:Data name="rs_con3">
<kml:value>0.0</kml:value>
</kml:Data>
<kml:Data name="sc_con">
<kml:value>0.0</kml:value>
</kml:Data>
<kml:Data name="lc_con">
<kml:value>0.0</kml:value>
</kml:Data>
<kml:Data name="si_con">
<kml:value>0.0</kml:value>
</kml:Data>
<kml:Data name="li_con">
<kml:value>0.0</kml:value>
</kml:Data>
<kml:Data name="pb_con">
<kml:value>0.0</kml:value>
</kml:Data>
<kml:Data name="ag_con">
<kml:value>0.0</kml:value>
</kml:Data>
<kml:Data name="st_con">
<kml:value>0.0</kml:value>
</kml:Data>
<kml:Data name="remarks">
<kml:value/>
</kml:Data>
<kml:Data name="wo_id">
<kml:value>386</kml:value>
</kml:Data>
<kml:Data name="sequence">
<kml:value>0</kml:value>
</kml:Data>
</kml:ExtendedData>
<kml:Point>
<kml:coordinates>67.89145499256347,29.536398859052593</kml:coordinates>
</kml:Point>
</kml:Placemark>
<kml:Placemark id="equipment_materialized.420013">
<kml:ExtendedData>
<kml:Data name="section_id">
<kml:value>02001314150120339</kml:value>
</kml:Data>
<kml:Data name="feedercode">
<kml:value>020013</kml:value>
</kml:Data>
<kml:Data name="substation">
<kml:value>220 KV-SIBI</kml:value>
</kml:Data>
<kml:Data name="gps_no">
<kml:value>14150120325</kml:value>
</kml:Data>
<kml:Data name="s_e">
<kml:value/>
</kml:Data>
<kml:Data name="pole_phase">
<kml:value>R-Y-B</kml:value>
</kml:Data>
<kml:Data name="pole_use"/>
<kml:Data name="fdr_on_pol">
<kml:value>1.0</kml:value>
</kml:Data>
<kml:Data name="pol_hght">
<kml:value>36</kml:value>
</kml:Data>
<kml:Data name="pole_type">
<kml:value>PC Ordinary</kml:value>
</kml:Data>
<kml:Data name="eqp_type">
<kml:value>Primary Pole</kml:value>
</kml:Data>
<kml:Data name="eqp_number">
<kml:value/>
</kml:Data>
<kml:Data name="eqp_unit"/>
<kml:Data name="eqp_size">
<kml:value/>
</kml:Data>
<kml:Data name="eqp_phase">
<kml:value/>
</kml:Data>
<kml:Data name="eqp_use"/>
<kml:Data name="eqp_status">
<kml:value/>
</kml:Data>
<kml:Data name="trafo_mke"/>
<kml:Data name="consmr_nam">
<kml:value/>
</kml:Data>
<kml:Data name="trafo_loc">
<kml:value/>
</kml:Data>
<kml:Data name="trafo_mnt"/>
<kml:Data name="angle"/>
<kml:Data name="tap_pole"/>
<kml:Data name="end_type">
<kml:value/>
</kml:Data>
<kml:Data name="rs_con"/>
<kml:Data name="rs_con1">
<kml:value>0.0</kml:value>
</kml:Data>
<kml:Data name="rs_con3">
<kml:value>0.0</kml:value>
</kml:Data>
<kml:Data name="sc_con">
<kml:value>0.0</kml:value>
</kml:Data>
<kml:Data name="lc_con">
<kml:value>0.0</kml:value>
</kml:Data>
<kml:Data name="si_con">
<kml:value>0.0</kml:value>
</kml:Data>
<kml:Data name="li_con">
<kml:value>0.0</kml:value>
</kml:Data>
<kml:Data name="pb_con">
<kml:value>0.0</kml:value>
</kml:Data>
<kml:Data name="ag_con">
<kml:value>0.0</kml:value>
</kml:Data>
<kml:Data name="st_con">
<kml:value>0.0</kml:value>
</kml:Data>
<kml:Data name="remarks">
<kml:value/>
</kml:Data>
<kml:Data name="wo_id">
<kml:value>386</kml:value>
</kml:Data>
<kml:Data name="sequence">
<kml:value>1</kml:value>
</kml:Data>
</kml:ExtendedData>
<kml:Point>
<kml:coordinates>67.89183098788668,29.537037852094528</kml:coordinates>
</kml:Point>
</kml:Placemark>
<kml:Placemark id="equipment_materialized.420014">
<kml:ExtendedData>
<kml:Data name="section_id">
<kml:value>02001314150120339</kml:value>
</kml:Data>
<kml:Data name="feedercode">
<kml:value>020013</kml:value>
</kml:Data>
<kml:Data name="substation">
<kml:value>220 KV-SIBI</kml:value>
</kml:Data>
<kml:Data name="gps_no">
<kml:value>14150120326</kml:value>
</kml:Data>
<kml:Data name="s_e">
<kml:value/>
</kml:Data>
<kml:Data name="pole_phase">
<kml:value>R-Y-B</kml:value>
</kml:Data>
<kml:Data name="pole_use"/>
<kml:Data name="fdr_on_pol">
<kml:value>1.0</kml:value>
</kml:Data>
<kml:Data name="pol_hght">
<kml:value>36</kml:value>
</kml:Data>
<kml:Data name="pole_type">
<kml:value>PC Ordinary</kml:value>
</kml:Data>
<kml:Data name="eqp_type">
<kml:value>Primary Pole</kml:value>
</kml:Data>
<kml:Data name="eqp_number">
<kml:value/>
</kml:Data>
<kml:Data name="eqp_unit"/>
<kml:Data name="eqp_size">
<kml:value/>
</kml:Data>
<kml:Data name="eqp_phase">
<kml:value/>
</kml:Data>
<kml:Data name="eqp_use"/>
<kml:Data name="eqp_status">
<kml:value/>
</kml:Data>
<kml:Data name="trafo_mke"/>
<kml:Data name="consmr_nam">
<kml:value/>
</kml:Data>
<kml:Data name="trafo_loc">
<kml:value/>
</kml:Data>
<kml:Data name="trafo_mnt"/>
<kml:Data name="angle"/>
<kml:Data name="tap_pole"/>
<kml:Data name="end_type">
<kml:value/>
</kml:Data>
<kml:Data name="rs_con"/>
<kml:Data name="rs_con1">
<kml:value>0.0</kml:value>
</kml:Data>
<kml:Data name="rs_con3">
<kml:value>0.0</kml:value>
</kml:Data>
<kml:Data name="sc_con">
<kml:value>0.0</kml:value>
</kml:Data>
<kml:Data name="lc_con">
<kml:value>0.0</kml:value>
</kml:Data>
<kml:Data name="si_con">
<kml:value>0.0</kml:value>
</kml:Data>
<kml:Data name="li_con">
<kml:value>0.0</kml:value>
</kml:Data>
<kml:Data name="pb_con">
<kml:value>0.0</kml:value>
</kml:Data>
<kml:Data name="ag_con">
<kml:value>0.0</kml:value>
</kml:Data>
<kml:Data name="st_con">
<kml:value>0.0</kml:value>
</kml:Data>
<kml:Data name="remarks">
<kml:value/>
</kml:Data>
<kml:Data name="wo_id">
<kml:value>386</kml:value>
</kml:Data>
<kml:Data name="sequence">
<kml:value>2</kml:value>
</kml:Data>
</kml:ExtendedData>
<kml:Point>
<kml:coordinates>67.89218302122188,29.537612842049764</kml:coordinates>
</kml:Point>
</kml:Placemark>
<kml:Placemark id="equipment_materialized.420015">
<kml:ExtendedData>
<kml:Data name="section_id">
<kml:value>02001314150120339</kml:value>
</kml:Data>
<kml:Data name="feedercode">
<kml:value>020013</kml:value>
</kml:Data>
<kml:Data name="substation">
<kml:value>220 KV-SIBI</kml:value>
</kml:Data>
<kml:Data name="gps_no">
<kml:value>14150120327</kml:value>
</kml:Data>
<kml:Data name="s_e">
<kml:value/>
</kml:Data>
<kml:Data name="pole_phase">
<kml:value>R-Y-B</kml:value>
</kml:Data>
<kml:Data name="pole_use"/>
<kml:Data name="fdr_on_pol">
<kml:value>1.0</kml:value>
</kml:Data>
<kml:Data name="pol_hght">
<kml:value>36</kml:value>
</kml:Data>
<kml:Data name="pole_type">
<kml:value>PC Ordinary</kml:value>
</kml:Data>
<kml:Data name="eqp_type">
<kml:value>Primary Pole</kml:value>
</kml:Data>
<kml:Data name="eqp_number">
<kml:value/>
</kml:Data>
<kml:Data name="eqp_unit"/>
<kml:Data name="eqp_size">
<kml:value/>
</kml:Data>
<kml:Data name="eqp_phase">
<kml:value/>
</kml:Data>
<kml:Data name="eqp_use"/>
<kml:Data name="eqp_status">
<kml:value/>
</kml:Data>
<kml:Data name="trafo_mke"/>
<kml:Data name="consmr_nam">
<kml:value/>
</kml:Data>
<kml:Data name="trafo_loc">
<kml:value/>
</kml:Data>
<kml:Data name="trafo_mnt"/>
<kml:Data name="angle"/>
<kml:Data name="tap_pole"/>
<kml:Data name="end_type">
<kml:value/>
</kml:Data>
<kml:Data name="rs_con"/>
<kml:Data name="rs_con1">
<kml:value>0.0</kml:value>
</kml:Data>
<kml:Data name="rs_con3">
<kml:value>0.0</kml:value>
</kml:Data>
<kml:Data name="sc_con">
<kml:value>0.0</kml:value>
</kml:Data>
<kml:Data name="lc_con">
<kml:value>0.0</kml:value>
</kml:Data>
<kml:Data name="si_con">
<kml:value>0.0</kml:value>
</kml:Data>
<kml:Data name="li_con">
<kml:value>0.0</kml:value>
</kml:Data>
<kml:Data name="pb_con">
<kml:value>0.0</kml:value>
</kml:Data>
<kml:Data name="ag_con">
<kml:value>0.0</kml:value>
</kml:Data>
<kml:Data name="st_con">
<kml:value>0.0</kml:value>
</kml:Data>
<kml:Data name="remarks">
<kml:value/>
</kml:Data>
<kml:Data name="wo_id">
<kml:value>386</kml:value>
</kml:Data>
<kml:Data name="sequence">
<kml:value>3</kml:value>
</kml:Data>
</kml:ExtendedData>
<kml:Point>
<kml:coordinates>67.89280804812245,29.53860188790305</kml:coordinates>
</kml:Point>
</kml:Placemark>
<kml:Placemark id="equipment_materialized.420016">
<kml:ExtendedData>
<kml:Data name="section_id">
<kml:value>02001314150120339</kml:value>
</kml:Data>
<kml:Data name="feedercode">
<kml:value>020013</kml:value>
</kml:Data>
<kml:Data name="substation">
<kml:value>220 KV-SIBI</kml:value>
</kml:Data>
<kml:Data name="gps_no">
<kml:value>14150120328</kml:value>
</kml:Data>
<kml:Data name="s_e">
<kml:value/>
</kml:Data>
<kml:Data name="pole_phase">
<kml:value>R-Y-B</kml:value>
</kml:Data>
<kml:Data name="pole_use"/>
<kml:Data name="fdr_on_pol">
<kml:value>1.0</kml:value>
</kml:Data>
<kml:Data name="pol_hght">
<kml:value>36</kml:value>
</kml:Data>
<kml:Data name="pole_type">
<kml:value>PC Ordinary</kml:value>
</kml:Data>
<kml:Data name="eqp_type">
<kml:value>Primary Pole</kml:value>
</kml:Data>
<kml:Data name="eqp_number">
<kml:value/>
</kml:Data>
<kml:Data name="eqp_unit"/>
<kml:Data name="eqp_size">
<kml:value/>
</kml:Data>
<kml:Data name="eqp_phase">
<kml:value/>
</kml:Data>
<kml:Data name="eqp_use"/>
<kml:Data name="eqp_status">
<kml:value/>
</kml:Data>
<kml:Data name="trafo_mke"/>
<kml:Data name="consmr_nam">
<kml:value/>
</kml:Data>
<kml:Data name="trafo_loc">
<kml:value/>
</kml:Data>
<kml:Data name="trafo_mnt"/>
<kml:Data name="angle"/>
<kml:Data name="tap_pole"/>
<kml:Data name="end_type">
<kml:value/>
</kml:Data>
<kml:Data name="rs_con"/>
<kml:Data name="rs_con1">
<kml:value>0.0</kml:value>
</kml:Data>
<kml:Data name="rs_con3">
<kml:value>0.0</kml:value>
</kml:Data>
<kml:Data name="sc_con">
<kml:value>0.0</kml:value>
</kml:Data>
<kml:Data name="lc_con">
<kml:value>0.0</kml:value>
</kml:Data>
<kml:Data name="si_con">
<kml:value>0.0</kml:value>
</kml:Data>
<kml:Data name="li_con">
<kml:value>0.0</kml:value>
</kml:Data>
<kml:Data name="pb_con">
<kml:value>0.0</kml:value>
</kml:Data>
<kml:Data name="ag_con">
<kml:value>0.0</kml:value>
</kml:Data>
<kml:Data name="st_con">
<kml:value>0.0</kml:value>
</kml:Data>
<kml:Data name="remarks">
<kml:value/>
</kml:Data>
<kml:Data name="wo_id">
<kml:value>386</kml:value>
</kml:Data>
<kml:Data name="sequence">
<kml:value>4</kml:value>
</kml:Data>
</kml:ExtendedData>
<kml:Point>
<kml:coordinates>67.89321197714517,29.539273868329758</kml:coordinates>
</kml:Point>
</kml:Placemark>
<kml:Placemark id="equipment_materialized.420017">
<kml:ExtendedData>
<kml:Data name="section_id">
<kml:value>02001314150120339</kml:value>
</kml:Data>
<kml:Data name="feedercode">
<kml:value>020013</kml:value>
</kml:Data>
<kml:Data name="substation">
<kml:value>220 KV-SIBI</kml:value>
</kml:Data>
<kml:Data name="gps_no">
<kml:value>14150120329</kml:value>
</kml:Data>
<kml:Data name="s_e">
<kml:value/>
</kml:Data>
<kml:Data name="pole_phase">
<kml:value>R-Y-B</kml:value>
</kml:Data>
<kml:Data name="pole_use"/>
<kml:Data name="fdr_on_pol">
<kml:value>1.0</kml:value>
</kml:Data>
<kml:Data name="pol_hght">
<kml:value>36</kml:value>
</kml:Data>
<kml:Data name="pole_type">
<kml:value>PC Ordinary</kml:value>
</kml:Data>
<kml:Data name="eqp_type">
<kml:value>Primary Pole</kml:value>
</kml:Data>
<kml:Data name="eqp_number">
<kml:value/>
</kml:Data>
<kml:Data name="eqp_unit"/>
<kml:Data name="eqp_size">
<kml:value/>
</kml:Data>
<kml:Data name="eqp_phase">
<kml:value/>
</kml:Data>
<kml:Data name="eqp_use"/>
<kml:Data name="eqp_status">
<kml:value/>
</kml:Data>
<kml:Data name="trafo_mke"/>
<kml:Data name="consmr_nam">
<kml:value/>
</kml:Data>
<kml:Data name="trafo_loc">
<kml:value/>
</kml:Data>
<kml:Data name="trafo_mnt"/>
<kml:Data name="angle"/>
<kml:Data name="tap_pole"/>
<kml:Data name="end_type">
<kml:value/>
</kml:Data>
<kml:Data name="rs_con"/>
<kml:Data name="rs_con1">
<kml:value>0.0</kml:value>
</kml:Data>
<kml:Data name="rs_con3">
<kml:value>0.0</kml:value>
</kml:Data>
<kml:Data name="sc_con">
<kml:value>0.0</kml:value>
</kml:Data>
<kml:Data name="lc_con">
<kml:value>0.0</kml:value>
</kml:Data>
<kml:Data name="si_con">
<kml:value>0.0</kml:value>
</kml:Data>
<kml:Data name="li_con">
<kml:value>0.0</kml:value>
</kml:Data>
<kml:Data name="pb_con">
<kml:value>0.0</kml:value>
</kml:Data>
<kml:Data name="ag_con">
<kml:value>0.0</kml:value>
</kml:Data>
<kml:Data name="st_con">
<kml:value>0.0</kml:value>
</kml:Data>
<kml:Data name="remarks">
<kml:value/>
</kml:Data>
<kml:Data name="wo_id">
<kml:value>386</kml:value>
</kml:Data>
<kml:Data name="sequence">
<kml:value>5</kml:value>
</kml:Data>
</kml:ExtendedData>
<kml:Point>
<kml:coordinates>67.89359002510834,29.539915851649234</kml:coordinates>
</kml:Point>
</kml:Placemark>
<kml:Placemark id="equipment_materialized.420018">
<kml:ExtendedData>
<kml:Data name="section_id">
<kml:value>02001314150120339</kml:value>
</kml:Data>
<kml:Data name="feedercode">
<kml:value>020013</kml:value>
</kml:Data>
<kml:Data name="substation">
<kml:value>220 KV-SIBI</kml:value>
</kml:Data>
<kml:Data name="gps_no">
<kml:value>14150120330</kml:value>
</kml:Data>
<kml:Data name="s_e">
<kml:value/>
</kml:Data>
<kml:Data name="pole_phase">
<kml:value>R-Y-B</kml:value>
</kml:Data>
<kml:Data name="pole_use"/>
<kml:Data name="fdr_on_pol">
<kml:value>1.0</kml:value>
</kml:Data>
<kml:Data name="pol_hght">
<kml:value>36</kml:value>
</kml:Data>
<kml:Data name="pole_type">
<kml:value>PC Ordinary</kml:value>
</kml:Data>
<kml:Data name="eqp_type">
<kml:value>Primary Pole</kml:value>
</kml:Data>
<kml:Data name="eqp_number">
<kml:value/>
</kml:Data>
<kml:Data name="eqp_unit"/>
<kml:Data name="eqp_size">
<kml:value/>
</kml:Data>
<kml:Data name="eqp_phase">
<kml:value/>
</kml:Data>
<kml:Data name="eqp_use"/>
<kml:Data name="eqp_status">
<kml:value/>
</kml:Data>
<kml:Data name="trafo_mke"/>
<kml:Data name="consmr_nam">
<kml:value/>
</kml:Data>
<kml:Data name="trafo_loc">
<kml:value/>
</kml:Data>
<kml:Data name="trafo_mnt"/>
<kml:Data name="angle"/>
<kml:Data name="tap_pole"/>
<kml:Data name="end_type">
<kml:value/>
</kml:Data>
<kml:Data name="rs_con"/>
<kml:Data name="rs_con1">
<kml:value>0.0</kml:value>
</kml:Data>
<kml:Data name="rs_con3">
<kml:value>0.0</kml:value>
</kml:Data>
<kml:Data name="sc_con">
<kml:value>0.0</kml:value>
</kml:Data>
<kml:Data name="lc_con">
<kml:value>0.0</kml:value>
</kml:Data>
<kml:Data name="si_con">
<kml:value>0.0</kml:value>
</kml:Data>
<kml:Data name="li_con">
<kml:value>0.0</kml:value>
</kml:Data>
<kml:Data name="pb_con">
<kml:value>0.0</kml:value>
</kml:Data>
<kml:Data name="ag_con">
<kml:value>0.0</kml:value>
</kml:Data>
<kml:Data name="st_con">
<kml:value>0.0</kml:value>
</kml:Data>
<kml:Data name="remarks">
<kml:value/>
</kml:Data>
<kml:Data name="wo_id">
<kml:value>386</kml:value>
</kml:Data>
<kml:Data name="sequence">
<kml:value>6</kml:value>
</kml:Data>
</kml:ExtendedData>
<kml:Point>
<kml:coordinates>67.89406097905409,29.540593892481045</kml:coordinates>
</kml:Point>
</kml:Placemark>
<kml:Placemark id="equipment_materialized.420019">
<kml:ExtendedData>
<kml:Data name="section_id">
<kml:value>02001314150120339</kml:value>
</kml:Data>
<kml:Data name="feedercode">
<kml:value>020013</kml:value>
</kml:Data>
<kml:Data name="substation">
<kml:value>220 KV-SIBI</kml:value>
</kml:Data>
<kml:Data name="gps_no">
<kml:value>14150120331</kml:value>
</kml:Data>
<kml:Data name="s_e">
<kml:value/>
</kml:Data>
<kml:Data name="pole_phase">
<kml:value>R-Y-B</kml:value>
</kml:Data>
<kml:Data name="pole_use"/>
<kml:Data name="fdr_on_pol">
<kml:value>1.0</kml:value>
</kml:Data>
<kml:Data name="pol_hght">
<kml:value>36</kml:value>
</kml:Data>
<kml:Data name="pole_type">
<kml:value>PC Ordinary</kml:value>
</kml:Data>
<kml:Data name="eqp_type">
<kml:value>Primary Pole</kml:value>
</kml:Data>
<kml:Data name="eqp_number">
<kml:value/>
</kml:Data>
<kml:Data name="eqp_unit"/>
<kml:Data name="eqp_size">
<kml:value/>
</kml:Data>
<kml:Data name="eqp_phase">
<kml:value/>
</kml:Data>
<kml:Data name="eqp_use"/>
<kml:Data name="eqp_status">
<kml:value/>
</kml:Data>
<kml:Data name="trafo_mke"/>
<kml:Data name="consmr_nam">
<kml:value/>
</kml:Data>
<kml:Data name="trafo_loc">
<kml:value/>
</kml:Data>
<kml:Data name="trafo_mnt"/>
<kml:Data name="angle"/>
<kml:Data name="tap_pole"/>
<kml:Data name="end_type">
<kml:value/>
</kml:Data>
<kml:Data name="rs_con"/>
<kml:Data name="rs_con1">
<kml:value>0.0</kml:value>
</kml:Data>
<kml:Data name="rs_con3">
<kml:value>0.0</kml:value>
</kml:Data>
<kml:Data name="sc_con">
<kml:value>0.0</kml:value>
</kml:Data>
<kml:Data name="lc_con">
<kml:value>0.0</kml:value>
</kml:Data>
<kml:Data name="si_con">
<kml:value>0.0</kml:value>
</kml:Data>
<kml:Data name="li_con">
<kml:value>0.0</kml:value>
</kml:Data>
<kml:Data name="pb_con">
<kml:value>0.0</kml:value>
</kml:Data>
<kml:Data name="ag_con">
<kml:value>0.0</kml:value>
</kml:Data>
<kml:Data name="st_con">
<kml:value>0.0</kml:value>
</kml:Data>
<kml:Data name="remarks">
<kml:value/>
</kml:Data>
<kml:Data name="wo_id">
<kml:value>386</kml:value>
</kml:Data>
<kml:Data name="sequence">
<kml:value>7</kml:value>
</kml:Data>
</kml:ExtendedData>
<kml:Point>
<kml:coordinates>67.89419499763231,29.541469920286676</kml:coordinates>
</kml:Point>
</kml:Placemark>
<kml:Placemark id="equipment_materialized.420020">
<kml:ExtendedData>
<kml:Data name="section_id">
<kml:value>02001314150120339</kml:value>
</kml:Data>
<kml:Data name="feedercode">
<kml:value>020013</kml:value>
</kml:Data>
<kml:Data name="substation">
<kml:value>220 KV-SIBI</kml:value>
</kml:Data>
<kml:Data name="gps_no">
<kml:value>14150120332</kml:value>
</kml:Data>
<kml:Data name="s_e">
<kml:value/>
</kml:Data>
<kml:Data name="pole_phase">
<kml:value>R-Y-B</kml:value>
</kml:Data>
<kml:Data name="pole_use"/>
<kml:Data name="fdr_on_pol">
<kml:value>1.0</kml:value>
</kml:Data>
<kml:Data name="pol_hght">
<kml:value>36</kml:value>
</kml:Data>
<kml:Data name="pole_type">
<kml:value>PC Ordinary</kml:value>
</kml:Data>
<kml:Data name="eqp_type">
<kml:value>Primary Pole</kml:value>
</kml:Data>
<kml:Data name="eqp_number">
<kml:value/>
</kml:Data>
<kml:Data name="eqp_unit"/>
<kml:Data name="eqp_size">
<kml:value/>
</kml:Data>
<kml:Data name="eqp_phase">
<kml:value/>
</kml:Data>
<kml:Data name="eqp_use"/>
<kml:Data name="eqp_status">
<kml:value/>
</kml:Data>
<kml:Data name="trafo_mke"/>
<kml:Data name="consmr_nam">
<kml:value/>
</kml:Data>
<kml:Data name="trafo_loc">
<kml:value/>
</kml:Data>
<kml:Data name="trafo_mnt"/>
<kml:Data name="angle"/>
<kml:Data name="tap_pole"/>
<kml:Data name="end_type">
<kml:value/>
</kml:Data>
<kml:Data name="rs_con"/>
<kml:Data name="rs_con1">
<kml:value>0.0</kml:value>
</kml:Data>
<kml:Data name="rs_con3">
<kml:value>0.0</kml:value>
</kml:Data>
<kml:Data name="sc_con">
<kml:value>0.0</kml:value>
</kml:Data>
<kml:Data name="lc_con">
<kml:value>0.0</kml:value>
</kml:Data>
<kml:Data name="si_con">
<kml:value>0.0</kml:value>
</kml:Data>
<kml:Data name="li_con">
<kml:value>0.0</kml:value>
</kml:Data>
<kml:Data name="pb_con">
<kml:value>0.0</kml:value>
</kml:Data>
<kml:Data name="ag_con">
<kml:value>0.0</kml:value>
</kml:Data>
<kml:Data name="st_con">
<kml:value>0.0</kml:value>
</kml:Data>
<kml:Data name="remarks">
<kml:value/>
</kml:Data>
<kml:Data name="wo_id">
<kml:value>386</kml:value>
</kml:Data>
<kml:Data name="sequence">
<kml:value>8</kml:value>
</kml:Data>
</kml:ExtendedData>
<kml:Point>
<kml:coordinates>67.89433899584594,29.54214984120661</kml:coordinates>
</kml:Point>
</kml:Placemark>
<kml:Placemark id="equipment_materialized.420021">
<kml:ExtendedData>
<kml:Data name="section_id">
<kml:value>02001314150120339</kml:value>
</kml:Data>
<kml:Data name="feedercode">
<kml:value>020013</kml:value>
</kml:Data>
<kml:Data name="substation">
<kml:value>220 KV-SIBI</kml:value>
</kml:Data>
<kml:Data name="gps_no">
<kml:value>14150120333</kml:value>
</kml:Data>
<kml:Data name="s_e">
<kml:value/>
</kml:Data>
<kml:Data name="pole_phase">
<kml:value>R-Y-B</kml:value>
</kml:Data>
<kml:Data name="pole_use"/>
<kml:Data name="fdr_on_pol">
<kml:value>1.0</kml:value>
</kml:Data>
<kml:Data name="pol_hght">
<kml:value>36</kml:value>
</kml:Data>
<kml:Data name="pole_type">
<kml:value>PC Ordinary</kml:value>
</kml:Data>
<kml:Data name="eqp_type">
<kml:value>Primary Pole</kml:value>
</kml:Data>
<kml:Data name="eqp_number">
<kml:value/>
</kml:Data>
<kml:Data name="eqp_unit"/>
<kml:Data name="eqp_size">
<kml:value/>
</kml:Data>
<kml:Data name="eqp_phase">
<kml:value/>
</kml:Data>
<kml:Data name="eqp_use"/>
<kml:Data name="eqp_status">
<kml:value/>
</kml:Data>
<kml:Data name="trafo_mke"/>
<kml:Data name="consmr_nam">
<kml:value/>
</kml:Data>
<kml:Data name="trafo_loc">
<kml:value/>
</kml:Data>
<kml:Data name="trafo_mnt"/>
<kml:Data name="angle"/>
<kml:Data name="tap_pole"/>
<kml:Data name="end_type">
<kml:value/>
</kml:Data>
<kml:Data name="rs_con"/>
<kml:Data name="rs_con1">
<kml:value>0.0</kml:value>
</kml:Data>
<kml:Data name="rs_con3">
<kml:value>0.0</kml:value>
</kml:Data>
<kml:Data name="sc_con">
<kml:value>0.0</kml:value>
</kml:Data>
<kml:Data name="lc_con">
<kml:value>0.0</kml:value>
</kml:Data>
<kml:Data name="si_con">
<kml:value>0.0</kml:value>
</kml:Data>
<kml:Data name="li_con">
<kml:value>0.0</kml:value>
</kml:Data>
<kml:Data name="pb_con">
<kml:value>0.0</kml:value>
</kml:Data>
<kml:Data name="ag_con">
<kml:value>0.0</kml:value>
</kml:Data>
<kml:Data name="st_con">
<kml:value>0.0</kml:value>
</kml:Data>
<kml:Data name="remarks">
<kml:value/>
</kml:Data>
<kml:Data name="wo_id">
<kml:value>386</kml:value>
</kml:Data>
<kml:Data name="sequence">
<kml:value>9</kml:value>
</kml:Data>
</kml:ExtendedData>
<kml:Point>
<kml:coordinates>67.89453595115182,29.543302898804278</kml:coordinates>
</kml:Point>
</kml:Placemark>
<kml:Placemark id="equipment_materialized.420022">
<kml:ExtendedData>
<kml:Data name="section_id">
<kml:value>02001314150120339</kml:value>
</kml:Data>
<kml:Data name="feedercode">
<kml:value>020013</kml:value>
</kml:Data>
<kml:Data name="substation">
<kml:value>220 KV-SIBI</kml:value>
</kml:Data>
<kml:Data name="gps_no">
<kml:value>14150120334</kml:value>
</kml:Data>
<kml:Data name="s_e">
<kml:value/>
</kml:Data>
<kml:Data name="pole_phase">
<kml:value>R-Y-B</kml:value>
</kml:Data>
<kml:Data name="pole_use"/>
<kml:Data name="fdr_on_pol">
<kml:value>1.0</kml:value>
</kml:Data>
<kml:Data name="pol_hght">
<kml:value>36</kml:value>
</kml:Data>
<kml:Data name="pole_type">
<kml:value>PC Ordinary</kml:value>
</kml:Data>
<kml:Data name="eqp_type">
<kml:value>Primary Pole</kml:value>
</kml:Data>
<kml:Data name="eqp_number">
<kml:value/>
</kml:Data>
<kml:Data name="eqp_unit"/>
<kml:Data name="eqp_size">
<kml:value/>
</kml:Data>
<kml:Data name="eqp_phase">
<kml:value/>
</kml:Data>
<kml:Data name="eqp_use"/>
<kml:Data name="eqp_status">
<kml:value/>
</kml:Data>
<kml:Data name="trafo_mke"/>
<kml:Data name="consmr_nam">
<kml:value/>
</kml:Data>
<kml:Data name="trafo_loc">
<kml:value/>
</kml:Data>
<kml:Data name="trafo_mnt"/>
<kml:Data name="angle"/>
<kml:Data name="tap_pole"/>
<kml:Data name="end_type">
<kml:value/>
</kml:Data>
<kml:Data name="rs_con"/>
<kml:Data name="rs_con1">
<kml:value>0.0</kml:value>
</kml:Data>
<kml:Data name="rs_con3">
<kml:value>0.0</kml:value>
</kml:Data>
<kml:Data name="sc_con">
<kml:value>0.0</kml:value>
</kml:Data>
<kml:Data name="lc_con">
<kml:value>0.0</kml:value>
</kml:Data>
<kml:Data name="si_con">
<kml:value>0.0</kml:value>
</kml:Data>
<kml:Data name="li_con">
<kml:value>0.0</kml:value>
</kml:Data>
<kml:Data name="pb_con">
<kml:value>0.0</kml:value>
</kml:Data>
<kml:Data name="ag_con">
<kml:value>0.0</kml:value>
</kml:Data>
<kml:Data name="st_con">
<kml:value>0.0</kml:value>
</kml:Data>
<kml:Data name="remarks">
<kml:value/>
</kml:Data>
<kml:Data name="wo_id">
<kml:value>386</kml:value>
</kml:Data>
<kml:Data name="sequence">
<kml:value>10</kml:value>
</kml:Data>
</kml:ExtendedData>
<kml:Point>
<kml:coordinates>67.89466205056256,29.54360788849266</kml:coordinates>
</kml:Point>
</kml:Placemark>
<kml:Placemark id="equipment_materialized.420023">
<kml:ExtendedData>
<kml:Data name="section_id">
<kml:value>02001314150120339</kml:value>
</kml:Data>
<kml:Data name="feedercode">
<kml:value>020013</kml:value>
</kml:Data>
<kml:Data name="substation">
<kml:value>220 KV-SIBI</kml:value>
</kml:Data>
<kml:Data name="gps_no">
<kml:value>14150120335</kml:value>
</kml:Data>
<kml:Data name="s_e">
<kml:value/>
</kml:Data>
<kml:Data name="pole_phase">
<kml:value>R-Y-B</kml:value>
</kml:Data>
<kml:Data name="pole_use"/>
<kml:Data name="fdr_on_pol">
<kml:value>1.0</kml:value>
</kml:Data>
<kml:Data name="pol_hght">
<kml:value>36</kml:value>
</kml:Data>
<kml:Data name="pole_type">
<kml:value>PC Ordinary</kml:value>
</kml:Data>
<kml:Data name="eqp_type">
<kml:value>Primary Pole</kml:value>
</kml:Data>
<kml:Data name="eqp_number">
<kml:value/>
</kml:Data>
<kml:Data name="eqp_unit"/>
<kml:Data name="eqp_size">
<kml:value/>
</kml:Data>
<kml:Data name="eqp_phase">
<kml:value/>
</kml:Data>
<kml:Data name="eqp_use"/>
<kml:Data name="eqp_status">
<kml:value/>
</kml:Data>
<kml:Data name="trafo_mke"/>
<kml:Data name="consmr_nam">
<kml:value/>
</kml:Data>
<kml:Data name="trafo_loc">
<kml:value/>
</kml:Data>
<kml:Data name="trafo_mnt"/>
<kml:Data name="angle"/>
<kml:Data name="tap_pole"/>
<kml:Data name="end_type">
<kml:value/>
</kml:Data>
<kml:Data name="rs_con"/>
<kml:Data name="rs_con1">
<kml:value>0.0</kml:value>
</kml:Data>
<kml:Data name="rs_con3">
<kml:value>0.0</kml:value>
</kml:Data>
<kml:Data name="sc_con">
<kml:value>0.0</kml:value>
</kml:Data>
<kml:Data name="lc_con">
<kml:value>0.0</kml:value>
</kml:Data>
<kml:Data name="si_con">
<kml:value>0.0</kml:value>
</kml:Data>
<kml:Data name="li_con">
<kml:value>0.0</kml:value>
</kml:Data>
<kml:Data name="pb_con">
<kml:value>0.0</kml:value>
</kml:Data>
<kml:Data name="ag_con">
<kml:value>0.0</kml:value>
</kml:Data>
<kml:Data name="st_con">
<kml:value>0.0</kml:value>
</kml:Data>
<kml:Data name="remarks">
<kml:value/>
</kml:Data>
<kml:Data name="wo_id">
<kml:value>386</kml:value>
</kml:Data>
<kml:Data name="sequence">
<kml:value>11</kml:value>
</kml:Data>
</kml:ExtendedData>
<kml:Point>
<kml:coordinates>67.89476298061301,29.544205870303475</kml:coordinates>
</kml:Point>
</kml:Placemark>
<kml:Placemark id="equipment_materialized.420024">
<kml:ExtendedData>
<kml:Data name="section_id">
<kml:value>02001314150120339</kml:value>
</kml:Data>
<kml:Data name="feedercode">
<kml:value>020013</kml:value>
</kml:Data>
<kml:Data name="substation">
<kml:value>220 KV-SIBI</kml:value>
</kml:Data>
<kml:Data name="gps_no">
<kml:value>14150120336</kml:value>
</kml:Data>
<kml:Data name="s_e">
<kml:value/>
</kml:Data>
<kml:Data name="pole_phase">
<kml:value>R-Y-B</kml:value>
</kml:Data>
<kml:Data name="pole_use"/>
<kml:Data name="fdr_on_pol">
<kml:value>1.0</kml:value>
</kml:Data>
<kml:Data name="pol_hght">
<kml:value>36</kml:value>
</kml:Data>
<kml:Data name="pole_type">
<kml:value>PC Ordinary</kml:value>
</kml:Data>
<kml:Data name="eqp_type">
<kml:value>Primary Pole</kml:value>
</kml:Data>
<kml:Data name="eqp_number">
<kml:value/>
</kml:Data>
<kml:Data name="eqp_unit"/>
<kml:Data name="eqp_size">
<kml:value/>
</kml:Data>
<kml:Data name="eqp_phase">
<kml:value/>
</kml:Data>
<kml:Data name="eqp_use"/>
<kml:Data name="eqp_status">
<kml:value/>
</kml:Data>
<kml:Data name="trafo_mke"/>
<kml:Data name="consmr_nam">
<kml:value/>
</kml:Data>
<kml:Data name="trafo_loc">
<kml:value/>
</kml:Data>
<kml:Data name="trafo_mnt"/>
<kml:Data name="angle"/>
<kml:Data name="tap_pole"/>
<kml:Data name="end_type">
<kml:value/>
</kml:Data>
<kml:Data name="rs_con"/>
<kml:Data name="rs_con1">
<kml:value>0.0</kml:value>
</kml:Data>
<kml:Data name="rs_con3">
<kml:value>0.0</kml:value>
</kml:Data>
<kml:Data name="sc_con">
<kml:value>0.0</kml:value>
</kml:Data>
<kml:Data name="lc_con">
<kml:value>0.0</kml:value>
</kml:Data>
<kml:Data name="si_con">
<kml:value>0.0</kml:value>
</kml:Data>
<kml:Data name="li_con">
<kml:value>0.0</kml:value>
</kml:Data>
<kml:Data name="pb_con">
<kml:value>0.0</kml:value>
</kml:Data>
<kml:Data name="ag_con">
<kml:value>0.0</kml:value>
</kml:Data>
<kml:Data name="st_con">
<kml:value>0.0</kml:value>
</kml:Data>
<kml:Data name="remarks">
<kml:value/>
</kml:Data>
<kml:Data name="wo_id">
<kml:value>386</kml:value>
</kml:Data>
<kml:Data name="sequence">
<kml:value>12</kml:value>
</kml:Data>
</kml:ExtendedData>
<kml:Point>
<kml:coordinates>67.89493704000532,29.544845882080338</kml:coordinates>
</kml:Point>
</kml:Placemark>
<kml:Placemark id="equipment_materialized.420025">
<kml:ExtendedData>
<kml:Data name="section_id">
<kml:value>02001314150120339</kml:value>
</kml:Data>
<kml:Data name="feedercode">
<kml:value>020013</kml:value>
</kml:Data>
<kml:Data name="substation">
<kml:value>220 KV-SIBI</kml:value>
</kml:Data>
<kml:Data name="gps_no">
<kml:value>14150120337</kml:value>
</kml:Data>
<kml:Data name="s_e">
<kml:value/>
</kml:Data>
<kml:Data name="pole_phase">
<kml:value>R-Y-B</kml:value>
</kml:Data>
<kml:Data name="pole_use"/>
<kml:Data name="fdr_on_pol">
<kml:value>1.0</kml:value>
</kml:Data>
<kml:Data name="pol_hght">
<kml:value>36</kml:value>
</kml:Data>
<kml:Data name="pole_type">
<kml:value>PC Ordinary</kml:value>
</kml:Data>
<kml:Data name="eqp_type">
<kml:value>Primary Pole</kml:value>
</kml:Data>
<kml:Data name="eqp_number">
<kml:value/>
</kml:Data>
<kml:Data name="eqp_unit"/>
<kml:Data name="eqp_size">
<kml:value/>
</kml:Data>
<kml:Data name="eqp_phase">
<kml:value/>
</kml:Data>
<kml:Data name="eqp_use"/>
<kml:Data name="eqp_status">
<kml:value/>
</kml:Data>
<kml:Data name="trafo_mke"/>
<kml:Data name="consmr_nam">
<kml:value/>
</kml:Data>
<kml:Data name="trafo_loc">
<kml:value/>
</kml:Data>
<kml:Data name="trafo_mnt"/>
<kml:Data name="angle"/>
<kml:Data name="tap_pole"/>
<kml:Data name="end_type">
<kml:value/>
</kml:Data>
<kml:Data name="rs_con"/>
<kml:Data name="rs_con1">
<kml:value>0.0</kml:value>
</kml:Data>
<kml:Data name="rs_con3">
<kml:value>0.0</kml:value>
</kml:Data>
<kml:Data name="sc_con">
<kml:value>0.0</kml:value>
</kml:Data>
<kml:Data name="lc_con">
<kml:value>0.0</kml:value>
</kml:Data>
<kml:Data name="si_con">
<kml:value>0.0</kml:value>
</kml:Data>
<kml:Data name="li_con">
<kml:value>0.0</kml:value>
</kml:Data>
<kml:Data name="pb_con">
<kml:value>0.0</kml:value>
</kml:Data>
<kml:Data name="ag_con">
<kml:value>0.0</kml:value>
</kml:Data>
<kml:Data name="st_con">
<kml:value>0.0</kml:value>
</kml:Data>
<kml:Data name="remarks">
<kml:value/>
</kml:Data>
<kml:Data name="wo_id">
<kml:value>386</kml:value>
</kml:Data>
<kml:Data name="sequence">
<kml:value>13</kml:value>
</kml:Data>
</kml:ExtendedData>
<kml:Point>
<kml:coordinates>67.89504702493855,29.54560791160678</kml:coordinates>
</kml:Point>
</kml:Placemark>
<kml:Placemark id="equipment_materialized.420026">
<kml:ExtendedData>
<kml:Data name="section_id">
<kml:value>02001314150120339</kml:value>
</kml:Data>
<kml:Data name="feedercode">
<kml:value>020013</kml:value>
</kml:Data>
<kml:Data name="substation">
<kml:value>220 KV-SIBI</kml:value>
</kml:Data>
<kml:Data name="gps_no">
<kml:value>14150120338</kml:value>
</kml:Data>
<kml:Data name="s_e">
<kml:value/>
</kml:Data>
<kml:Data name="pole_phase">
<kml:value>R-Y-B</kml:value>
</kml:Data>
<kml:Data name="pole_use"/>
<kml:Data name="fdr_on_pol">
<kml:value>1.0</kml:value>
</kml:Data>
<kml:Data name="pol_hght">
<kml:value>36</kml:value>
</kml:Data>
<kml:Data name="pole_type">
<kml:value>PC Ordinary</kml:value>
</kml:Data>
<kml:Data name="eqp_type">
<kml:value>Primary Pole</kml:value>
</kml:Data>
<kml:Data name="eqp_number">
<kml:value/>
</kml:Data>
<kml:Data name="eqp_unit"/>
<kml:Data name="eqp_size">
<kml:value/>
</kml:Data>
<kml:Data name="eqp_phase">
<kml:value/>
</kml:Data>
<kml:Data name="eqp_use"/>
<kml:Data name="eqp_status">
<kml:value/>
</kml:Data>
<kml:Data name="trafo_mke"/>
<kml:Data name="consmr_nam">
<kml:value/>
</kml:Data>
<kml:Data name="trafo_loc">
<kml:value/>
</kml:Data>
<kml:Data name="trafo_mnt"/>
<kml:Data name="angle"/>
<kml:Data name="tap_pole"/>
<kml:Data name="end_type">
<kml:value/>
</kml:Data>
<kml:Data name="rs_con"/>
<kml:Data name="rs_con1">
<kml:value>0.0</kml:value>
</kml:Data>
<kml:Data name="rs_con3">
<kml:value>0.0</kml:value>
</kml:Data>
<kml:Data name="sc_con">
<kml:value>0.0</kml:value>
</kml:Data>
<kml:Data name="lc_con">
<kml:value>0.0</kml:value>
</kml:Data>
<kml:Data name="si_con">
<kml:value>0.0</kml:value>
</kml:Data>
<kml:Data name="li_con">
<kml:value>0.0</kml:value>
</kml:Data>
<kml:Data name="pb_con">
<kml:value>0.0</kml:value>
</kml:Data>
<kml:Data name="ag_con">
<kml:value>0.0</kml:value>
</kml:Data>
<kml:Data name="st_con">
<kml:value>0.0</kml:value>
</kml:Data>
<kml:Data name="remarks">
<kml:value/>
</kml:Data>
<kml:Data name="wo_id">
<kml:value>386</kml:value>
</kml:Data>
<kml:Data name="sequence">
<kml:value>14</kml:value>
</kml:Data>
</kml:ExtendedData>
<kml:Point>
<kml:coordinates>67.89520498126942,29.54635292287537</kml:coordinates>
</kml:Point>
</kml:Placemark>
<kml:Placemark id="equipment_materialized.420027">
<kml:ExtendedData>
<kml:Data name="section_id">
<kml:value>02001314150120339</kml:value>
</kml:Data>
<kml:Data name="feedercode">
<kml:value>020013</kml:value>
</kml:Data>
<kml:Data name="substation">
<kml:value>220 KV-SIBI</kml:value>
</kml:Data>
<kml:Data name="gps_no">
<kml:value>14150120339</kml:value>
</kml:Data>
<kml:Data name="s_e">
<kml:value>E</kml:value>
</kml:Data>
<kml:Data name="pole_phase">
<kml:value>R-Y-B</kml:value>
</kml:Data>
<kml:Data name="pole_use"/>
<kml:Data name="fdr_on_pol">
<kml:value>1.0</kml:value>
</kml:Data>
<kml:Data name="pol_hght">
<kml:value>36</kml:value>
</kml:Data>
<kml:Data name="pole_type">
<kml:value>PC Ordinary</kml:value>
</kml:Data>
<kml:Data name="eqp_type">
<kml:value>Primary Pole</kml:value>
</kml:Data>
<kml:Data name="eqp_number">
<kml:value/>
</kml:Data>
<kml:Data name="eqp_unit"/>
<kml:Data name="eqp_size">
<kml:value/>
</kml:Data>
<kml:Data name="eqp_phase">
<kml:value/>
</kml:Data>
<kml:Data name="eqp_use"/>
<kml:Data name="eqp_status">
<kml:value/>
</kml:Data>
<kml:Data name="trafo_mke"/>
<kml:Data name="consmr_nam">
<kml:value/>
</kml:Data>
<kml:Data name="trafo_loc">
<kml:value/>
</kml:Data>
<kml:Data name="trafo_mnt"/>
<kml:Data name="angle"/>
<kml:Data name="tap_pole"/>
<kml:Data name="end_type">
<kml:value/>
</kml:Data>
<kml:Data name="rs_con"/>
<kml:Data name="rs_con1">
<kml:value>0.0</kml:value>
</kml:Data>
<kml:Data name="rs_con3">
<kml:value>0.0</kml:value>
</kml:Data>
<kml:Data name="sc_con">
<kml:value>0.0</kml:value>
</kml:Data>
<kml:Data name="lc_con">
<kml:value>0.0</kml:value>
</kml:Data>
<kml:Data name="si_con">
<kml:value>0.0</kml:value>
</kml:Data>
<kml:Data name="li_con">
<kml:value>0.0</kml:value>
</kml:Data>
<kml:Data name="pb_con">
<kml:value>0.0</kml:value>
</kml:Data>
<kml:Data name="ag_con">
<kml:value>0.0</kml:value>
</kml:Data>
<kml:Data name="st_con">
<kml:value>0.0</kml:value>
</kml:Data>
<kml:Data name="remarks">
<kml:value/>
</kml:Data>
<kml:Data name="wo_id">
<kml:value>386</kml:value>
</kml:Data>
<kml:Data name="sequence"/>
</kml:ExtendedData>
<kml:Point>
<kml:coordinates>67.89520305207076,29.54648285764871</kml:coordinates>
</kml:Point>
</kml:Placemark>
<kml:Placemark id="equipment_materialized.420029">
<kml:ExtendedData>
<kml:Data name="section_id">
<kml:value>02001314150120340</kml:value>
</kml:Data>
<kml:Data name="feedercode">
<kml:value>020013</kml:value>
</kml:Data>
<kml:Data name="substation">
<kml:value>220 KV-SIBI</kml:value>
</kml:Data>
<kml:Data name="gps_no">
<kml:value>14150120340</kml:value>
</kml:Data>
<kml:Data name="s_e">
<kml:value>E</kml:value>
</kml:Data>
<kml:Data name="pole_phase">
<kml:value>R-Y-B</kml:value>
</kml:Data>
<kml:Data name="pole_use"/>
<kml:Data name="fdr_on_pol">
<kml:value>1.0</kml:value>
</kml:Data>
<kml:Data name="pol_hght">
<kml:value>36</kml:value>
</kml:Data>
<kml:Data name="pole_type">
<kml:value>PC Ordinary</kml:value>
</kml:Data>
<kml:Data name="eqp_type">
<kml:value>Primary Pole</kml:value>
</kml:Data>
<kml:Data name="eqp_number">
<kml:value/>
</kml:Data>
<kml:Data name="eqp_unit"/>
<kml:Data name="eqp_size">
<kml:value/>
</kml:Data>
<kml:Data name="eqp_phase">
<kml:value/>
</kml:Data>
<kml:Data name="eqp_use"/>
<kml:Data name="eqp_status">
<kml:value/>
</kml:Data>
<kml:Data name="trafo_mke"/>
<kml:Data name="consmr_nam">
<kml:value/>
</kml:Data>
<kml:Data name="trafo_loc">
<kml:value/>
</kml:Data>
<kml:Data name="trafo_mnt"/>
<kml:Data name="angle"/>
<kml:Data name="tap_pole"/>
<kml:Data name="end_type">
<kml:value/>
</kml:Data>
<kml:Data name="rs_con"/>
<kml:Data name="rs_con1">
<kml:value>0.0</kml:value>
</kml:Data>
<kml:Data name="rs_con3">
<kml:value>0.0</kml:value>
</kml:Data>
<kml:Data name="sc_con">
<kml:value>0.0</kml:value>
</kml:Data>
<kml:Data name="lc_con">
<kml:value>0.0</kml:value>
</kml:Data>
<kml:Data name="si_con">
<kml:value>0.0</kml:value>
</kml:Data>
<kml:Data name="li_con">
<kml:value>0.0</kml:value>
</kml:Data>
<kml:Data name="pb_con">
<kml:value>0.0</kml:value>
</kml:Data>
<kml:Data name="ag_con">
<kml:value>0.0</kml:value>
</kml:Data>
<kml:Data name="st_con">
<kml:value>0.0</kml:value>
</kml:Data>
<kml:Data name="remarks">
<kml:value/>
</kml:Data>
<kml:Data name="wo_id">
<kml:value>386</kml:value>
</kml:Data>
<kml:Data name="sequence"/>
</kml:ExtendedData>
<kml:Point>
<kml:coordinates>67.89556296250163,29.546470869510866</kml:coordinates>
</kml:Point>
</kml:Placemark>
<kml:Placemark id="equipment_materialized.420031">
<kml:ExtendedData>
<kml:Data name="section_id">
<kml:value>02001314150120341</kml:value>
</kml:Data>
<kml:Data name="feedercode">
<kml:value>020013</kml:value>
</kml:Data>
<kml:Data name="substation">
<kml:value>220 KV-SIBI</kml:value>
</kml:Data>
<kml:Data name="gps_no">
<kml:value>14150120341</kml:value>
</kml:Data>
<kml:Data name="s_e">
<kml:value>E</kml:value>
</kml:Data>
<kml:Data name="pole_phase">
<kml:value>R-Y-B</kml:value>
</kml:Data>
<kml:Data name="pole_use"/>
<kml:Data name="fdr_on_pol">
<kml:value>1.0</kml:value>
</kml:Data>
<kml:Data name="pol_hght">
<kml:value>36</kml:value>
</kml:Data>
<kml:Data name="pole_type">
<kml:value>PC Ordinary</kml:value>
</kml:Data>
<kml:Data name="eqp_type">
<kml:value>Transformer</kml:value>
</kml:Data>
<kml:Data name="eqp_number">
<kml:value>T-14150120341</kml:value>
</kml:Data>
<kml:Data name="eqp_unit"/>
<kml:Data name="eqp_size">
<kml:value>50</kml:value>
</kml:Data>
<kml:Data name="eqp_phase">
<kml:value>R-Y-B</kml:value>
</kml:Data>
<kml:Data name="eqp_use">
<kml:value>General Duty</kml:value>
</kml:Data>
<kml:Data name="eqp_status">
<kml:value>Connected</kml:value>
</kml:Data>
<kml:Data name="trafo_mke">
<kml:value>Siemens</kml:value>
</kml:Data>
<kml:Data name="consmr_nam">
<kml:value/>
</kml:Data>
<kml:Data name="trafo_loc">
<kml:value/>
</kml:Data>
<kml:Data name="trafo_mnt">
<kml:value>Single Pole</kml:value>
</kml:Data>
<kml:Data name="angle"/>
<kml:Data name="tap_pole"/>
<kml:Data name="end_type">
<kml:value/>
</kml:Data>
<kml:Data name="rs_con"/>
<kml:Data name="rs_con1">
<kml:value>0.0</kml:value>
</kml:Data>
<kml:Data name="rs_con3">
<kml:value>0.0</kml:value>
</kml:Data>
<kml:Data name="sc_con">
<kml:value>0.0</kml:value>
</kml:Data>
<kml:Data name="lc_con">
<kml:value>0.0</kml:value>
</kml:Data>
<kml:Data name="si_con">
<kml:value>0.0</kml:value>
</kml:Data>
<kml:Data name="li_con">
<kml:value>0.0</kml:value>
</kml:Data>
<kml:Data name="pb_con">
<kml:value>0.0</kml:value>
</kml:Data>
<kml:Data name="ag_con">
<kml:value>0.0</kml:value>
</kml:Data>
<kml:Data name="st_con">
<kml:value>0.0</kml:value>
</kml:Data>
<kml:Data name="remarks">
<kml:value/>
</kml:Data>
<kml:Data name="wo_id">
<kml:value>386</kml:value>
</kml:Data>
<kml:Data name="sequence"/>
</kml:ExtendedData>
<kml:Point>
<kml:coordinates>67.89558297913784,29.546480872456325</kml:coordinates>
</kml:Point>
</kml:Placemark>
<kml:Placemark id="equipment_materialized.420033">
<kml:ExtendedData>
<kml:Data name="section_id">
<kml:value>02001314150120343</kml:value>
</kml:Data>
<kml:Data name="feedercode">
<kml:value>020013</kml:value>
</kml:Data>
<kml:Data name="substation">
<kml:value>220 KV-SIBI</kml:value>
</kml:Data>
<kml:Data name="gps_no">
<kml:value>14150120342</kml:value>
</kml:Data>
<kml:Data name="s_e">
<kml:value/>
</kml:Data>
<kml:Data name="pole_phase">
<kml:value>R-Y-B</kml:value>
</kml:Data>
<kml:Data name="pole_use"/>
<kml:Data name="fdr_on_pol">
<kml:value>1.0</kml:value>
</kml:Data>
<kml:Data name="pol_hght">
<kml:value>36</kml:value>
</kml:Data>
<kml:Data name="pole_type">
<kml:value>PC Ordinary</kml:value>
</kml:Data>
<kml:Data name="eqp_type">
<kml:value>Primary Pole</kml:value>
</kml:Data>
<kml:Data name="eqp_number">
<kml:value/>
</kml:Data>
<kml:Data name="eqp_unit"/>
<kml:Data name="eqp_size">
<kml:value/>
</kml:Data>
<kml:Data name="eqp_phase">
<kml:value/>
</kml:Data>
<kml:Data name="eqp_use"/>
<kml:Data name="eqp_status">
<kml:value/>
</kml:Data>
<kml:Data name="trafo_mke"/>
<kml:Data name="consmr_nam">
<kml:value/>
</kml:Data>
<kml:Data name="trafo_loc">
<kml:value/>
</kml:Data>
<kml:Data name="trafo_mnt"/>
<kml:Data name="angle"/>
<kml:Data name="tap_pole"/>
<kml:Data name="end_type">
<kml:value/>
</kml:Data>
<kml:Data name="rs_con"/>
<kml:Data name="rs_con1">
<kml:value>0.0</kml:value>
</kml:Data>
<kml:Data name="rs_con3">
<kml:value>0.0</kml:value>
</kml:Data>
<kml:Data name="sc_con">
<kml:value>0.0</kml:value>
</kml:Data>
<kml:Data name="lc_con">
<kml:value>0.0</kml:value>
</kml:Data>
<kml:Data name="si_con">
<kml:value>0.0</kml:value>
</kml:Data>
<kml:Data name="li_con">
<kml:value>0.0</kml:value>
</kml:Data>
<kml:Data name="pb_con">
<kml:value>0.0</kml:value>
</kml:Data>
<kml:Data name="ag_con">
<kml:value>0.0</kml:value>
</kml:Data>
<kml:Data name="st_con">
<kml:value>0.0</kml:value>
</kml:Data>
<kml:Data name="remarks">
<kml:value/>
</kml:Data>
<kml:Data name="wo_id">
<kml:value>386</kml:value>
</kml:Data>
<kml:Data name="sequence">
<kml:value>0</kml:value>
</kml:Data>
</kml:ExtendedData>
<kml:Point>
<kml:coordinates>67.89532296056895,29.547091916182534</kml:coordinates>
</kml:Point>
</kml:Placemark>
<kml:Placemark id="equipment_materialized.420034">
<kml:ExtendedData>
<kml:Data name="section_id">
<kml:value>02001314150120343</kml:value>
</kml:Data>
<kml:Data name="feedercode">
<kml:value>020013</kml:value>
</kml:Data>
<kml:Data name="substation">
<kml:value>220 KV-SIBI</kml:value>
</kml:Data>
<kml:Data name="gps_no">
<kml:value>14150120343</kml:value>
</kml:Data>
<kml:Data name="s_e">
<kml:value>E</kml:value>
</kml:Data>
<kml:Data name="pole_phase">
<kml:value>R-Y-B</kml:value>
</kml:Data>
<kml:Data name="pole_use"/>
<kml:Data name="fdr_on_pol">
<kml:value>1.0</kml:value>
</kml:Data>
<kml:Data name="pol_hght">
<kml:value>36</kml:value>
</kml:Data>
<kml:Data name="pole_type">
<kml:value>PC Ordinary</kml:value>
</kml:Data>
<kml:Data name="eqp_type">
<kml:value>Primary Pole</kml:value>
</kml:Data>
<kml:Data name="eqp_number">
<kml:value/>
</kml:Data>
<kml:Data name="eqp_unit"/>
<kml:Data name="eqp_size">
<kml:value/>
</kml:Data>
<kml:Data name="eqp_phase">
<kml:value/>
</kml:Data>
<kml:Data name="eqp_use"/>
<kml:Data name="eqp_status">
<kml:value/>
</kml:Data>
<kml:Data name="trafo_mke"/>
<kml:Data name="consmr_nam">
<kml:value/>
</kml:Data>
<kml:Data name="trafo_loc">
<kml:value/>
</kml:Data>
<kml:Data name="trafo_mnt"/>
<kml:Data name="angle"/>
<kml:Data name="tap_pole"/>
<kml:Data name="end_type">
<kml:value/>
</kml:Data>
<kml:Data name="rs_con"/>
<kml:Data name="rs_con1">
<kml:value>0.0</kml:value>
</kml:Data>
<kml:Data name="rs_con3">
<kml:value>0.0</kml:value>
</kml:Data>
<kml:Data name="sc_con">
<kml:value>0.0</kml:value>
</kml:Data>
<kml:Data name="lc_con">
<kml:value>0.0</kml:value>
</kml:Data>
<kml:Data name="si_con">
<kml:value>0.0</kml:value>
</kml:Data>
<kml:Data name="li_con">
<kml:value>0.0</kml:value>
</kml:Data>
<kml:Data name="pb_con">
<kml:value>0.0</kml:value>
</kml:Data>
<kml:Data name="ag_con">
<kml:value>0.0</kml:value>
</kml:Data>
<kml:Data name="st_con">
<kml:value>0.0</kml:value>
</kml:Data>
<kml:Data name="remarks">
<kml:value/>
</kml:Data>
<kml:Data name="wo_id">
<kml:value>386</kml:value>
</kml:Data>
<kml:Data name="sequence"/>
</kml:ExtendedData>
<kml:Point>
<kml:coordinates>67.89550800341632,29.54800392240624</kml:coordinates>
</kml:Point>
</kml:Placemark>
<kml:Placemark id="equipment_materialized.420036">
<kml:ExtendedData>
<kml:Data name="section_id">
<kml:value>02001314150120344</kml:value>
</kml:Data>
<kml:Data name="feedercode">
<kml:value>020013</kml:value>
</kml:Data>
<kml:Data name="substation">
<kml:value>220 KV-SIBI</kml:value>
</kml:Data>
<kml:Data name="gps_no">
<kml:value>14150120344</kml:value>
</kml:Data>
<kml:Data name="s_e">
<kml:value>E</kml:value>
</kml:Data>
<kml:Data name="pole_phase">
<kml:value>R-Y-B</kml:value>
</kml:Data>
<kml:Data name="pole_use"/>
<kml:Data name="fdr_on_pol">
<kml:value>1.0</kml:value>
</kml:Data>
<kml:Data name="pol_hght">
<kml:value>36</kml:value>
</kml:Data>
<kml:Data name="pole_type">
<kml:value>PC Ordinary</kml:value>
</kml:Data>
<kml:Data name="eqp_type">
<kml:value>Primary Pole</kml:value>
</kml:Data>
<kml:Data name="eqp_number">
<kml:value/>
</kml:Data>
<kml:Data name="eqp_unit"/>
<kml:Data name="eqp_size">
<kml:value/>
</kml:Data>
<kml:Data name="eqp_phase">
<kml:value/>
</kml:Data>
<kml:Data name="eqp_use"/>
<kml:Data name="eqp_status">
<kml:value/>
</kml:Data>
<kml:Data name="trafo_mke"/>
<kml:Data name="consmr_nam">
<kml:value/>
</kml:Data>
<kml:Data name="trafo_loc">
<kml:value/>
</kml:Data>
<kml:Data name="trafo_mnt"/>
<kml:Data name="angle"/>
<kml:Data name="tap_pole"/>
<kml:Data name="end_type">
<kml:value>SDE</kml:value>
</kml:Data>
<kml:Data name="rs_con"/>
<kml:Data name="rs_con1">
<kml:value>0.0</kml:value>
</kml:Data>
<kml:Data name="rs_con3">
<kml:value>0.0</kml:value>
</kml:Data>
<kml:Data name="sc_con">
<kml:value>0.0</kml:value>
</kml:Data>
<kml:Data name="lc_con">
<kml:value>0.0</kml:value>
</kml:Data>
<kml:Data name="si_con">
<kml:value>0.0</kml:value>
</kml:Data>
<kml:Data name="li_con">
<kml:value>0.0</kml:value>
</kml:Data>
<kml:Data name="pb_con">
<kml:value>0.0</kml:value>
</kml:Data>
<kml:Data name="ag_con">
<kml:value>0.0</kml:value>
</kml:Data>
<kml:Data name="st_con">
<kml:value>0.0</kml:value>
</kml:Data>
<kml:Data name="remarks">
<kml:value/>
</kml:Data>
<kml:Data name="wo_id">
<kml:value>386</kml:value>
</kml:Data>
<kml:Data name="sequence"/>
</kml:ExtendedData>
<kml:Point>
<kml:coordinates>67.89492903394336,29.54811489050461</kml:coordinates>
</kml:Point>
</kml:Placemark>
<kml:Placemark id="equipment_materialized.420038">
<kml:ExtendedData>
<kml:Data name="section_id">
<kml:value>02001314150120345</kml:value>
</kml:Data>
<kml:Data name="feedercode">
<kml:value>020013</kml:value>
</kml:Data>
<kml:Data name="substation">
<kml:value>220 KV-SIBI</kml:value>
</kml:Data>
<kml:Data name="gps_no">
<kml:value>14150120345</kml:value>
</kml:Data>
<kml:Data name="s_e">
<kml:value>E</kml:value>
</kml:Data>
<kml:Data name="pole_phase">
<kml:value>R-Y-B</kml:value>
</kml:Data>
<kml:Data name="pole_use"/>
<kml:Data name="fdr_on_pol">
<kml:value>1.0</kml:value>
</kml:Data>
<kml:Data name="pol_hght">
<kml:value>36</kml:value>
</kml:Data>
<kml:Data name="pole_type">
<kml:value>PC Ordinary</kml:value>
</kml:Data>
<kml:Data name="eqp_type">
<kml:value>Transformer</kml:value>
</kml:Data>
<kml:Data name="eqp_number">
<kml:value>T-14150120345</kml:value>
</kml:Data>
<kml:Data name="eqp_unit"/>
<kml:Data name="eqp_size">
<kml:value>50</kml:value>
</kml:Data>
<kml:Data name="eqp_phase">
<kml:value>R-Y-B</kml:value>
</kml:Data>
<kml:Data name="eqp_use">
<kml:value>General Duty</kml:value>
</kml:Data>
<kml:Data name="eqp_status">
<kml:value>Connected</kml:value>
</kml:Data>
<kml:Data name="trafo_mke">
<kml:value>Power Link</kml:value>
</kml:Data>
<kml:Data name="consmr_nam">
<kml:value/>
</kml:Data>
<kml:Data name="trafo_loc">
<kml:value/>
</kml:Data>
<kml:Data name="trafo_mnt">
<kml:value>Single Pole</kml:value>
</kml:Data>
<kml:Data name="angle"/>
<kml:Data name="tap_pole"/>
<kml:Data name="end_type">
<kml:value/>
</kml:Data>
<kml:Data name="rs_con"/>
<kml:Data name="rs_con1">
<kml:value>0.0</kml:value>
</kml:Data>
<kml:Data name="rs_con3">
<kml:value>0.0</kml:value>
</kml:Data>
<kml:Data name="sc_con">
<kml:value>0.0</kml:value>
</kml:Data>
<kml:Data name="lc_con">
<kml:value>0.0</kml:value>
</kml:Data>
<kml:Data name="si_con">
<kml:value>0.0</kml:value>
</kml:Data>
<kml:Data name="li_con">
<kml:value>0.0</kml:value>
</kml:Data>
<kml:Data name="pb_con">
<kml:value>0.0</kml:value>
</kml:Data>
<kml:Data name="ag_con">
<kml:value>0.0</kml:value>
</kml:Data>
<kml:Data name="st_con">
<kml:value>0.0</kml:value>
</kml:Data>
<kml:Data name="remarks">
<kml:value/>
</kml:Data>
<kml:Data name="wo_id">
<kml:value>386</kml:value>
</kml:Data>
<kml:Data name="sequence"/>
</kml:ExtendedData>
<kml:Point>
<kml:coordinates>67.89492900154701,29.54811786827379</kml:coordinates>
</kml:Point>
</kml:Placemark>
<kml:Placemark id="equipment_materialized.420040">
<kml:ExtendedData>
<kml:Data name="section_id">
<kml:value>02001314150120347</kml:value>
</kml:Data>
<kml:Data name="feedercode">
<kml:value>020013</kml:value>
</kml:Data>
<kml:Data name="substation">
<kml:value>220 KV-SIBI</kml:value>
</kml:Data>
<kml:Data name="gps_no">
<kml:value>14150120346</kml:value>
</kml:Data>
<kml:Data name="s_e">
<kml:value/>
</kml:Data>
<kml:Data name="pole_phase">
<kml:value>R-Y-B</kml:value>
</kml:Data>
<kml:Data name="pole_use"/>
<kml:Data name="fdr_on_pol">
<kml:value>1.0</kml:value>
</kml:Data>
<kml:Data name="pol_hght">
<kml:value>36</kml:value>
</kml:Data>
<kml:Data name="pole_type">
<kml:value>PC Ordinary</kml:value>
</kml:Data>
<kml:Data name="eqp_type">
<kml:value>Primary Pole</kml:value>
</kml:Data>
<kml:Data name="eqp_number">
<kml:value/>
</kml:Data>
<kml:Data name="eqp_unit"/>
<kml:Data name="eqp_size">
<kml:value/>
</kml:Data>
<kml:Data name="eqp_phase">
<kml:value/>
</kml:Data>
<kml:Data name="eqp_use"/>
<kml:Data name="eqp_status">
<kml:value/>
</kml:Data>
<kml:Data name="trafo_mke"/>
<kml:Data name="consmr_nam">
<kml:value/>
</kml:Data>
<kml:Data name="trafo_loc">
<kml:value/>
</kml:Data>
<kml:Data name="trafo_mnt"/>
<kml:Data name="angle"/>
<kml:Data name="tap_pole"/>
<kml:Data name="end_type">
<kml:value/>
</kml:Data>
<kml:Data name="rs_con"/>
<kml:Data name="rs_con1">
<kml:value>0.0</kml:value>
</kml:Data>
<kml:Data name="rs_con3">
<kml:value>0.0</kml:value>
</kml:Data>
<kml:Data name="sc_con">
<kml:value>0.0</kml:value>
</kml:Data>
<kml:Data name="lc_con">
<kml:value>0.0</kml:value>
</kml:Data>
<kml:Data name="si_con">
<kml:value>0.0</kml:value>
</kml:Data>
<kml:Data name="li_con">
<kml:value>0.0</kml:value>
</kml:Data>
<kml:Data name="pb_con">
<kml:value>0.0</kml:value>
</kml:Data>
<kml:Data name="ag_con">
<kml:value>0.0</kml:value>
</kml:Data>
<kml:Data name="st_con">
<kml:value>0.0</kml:value>
</kml:Data>
<kml:Data name="remarks">
<kml:value/>
</kml:Data>
<kml:Data name="wo_id">
<kml:value>386</kml:value>
</kml:Data>
<kml:Data name="sequence">
<kml:value>0</kml:value>
</kml:Data>
</kml:ExtendedData>
<kml:Point>
<kml:coordinates>67.8956579921083,29.54883685427168</kml:coordinates>
</kml:Point>
</kml:Placemark>
<kml:Placemark id="equipment_materialized.420041">
<kml:ExtendedData>
<kml:Data name="section_id">
<kml:value>02001314150120347</kml:value>
</kml:Data>
<kml:Data name="feedercode">
<kml:value>020013</kml:value>
</kml:Data>
<kml:Data name="substation">
<kml:value>220 KV-SIBI</kml:value>
</kml:Data>
<kml:Data name="gps_no">
<kml:value>14150120347</kml:value>
</kml:Data>
<kml:Data name="s_e">
<kml:value>E</kml:value>
</kml:Data>
<kml:Data name="pole_phase">
<kml:value>R-Y-B</kml:value>
</kml:Data>
<kml:Data name="pole_use"/>
<kml:Data name="fdr_on_pol">
<kml:value>1.0</kml:value>
</kml:Data>
<kml:Data name="pol_hght">
<kml:value>36</kml:value>
</kml:Data>
<kml:Data name="pole_type">
<kml:value>Steel Structure</kml:value>
</kml:Data>
<kml:Data name="eqp_type">
<kml:value>Primary Pole</kml:value>
</kml:Data>
<kml:Data name="eqp_number">
<kml:value/>
</kml:Data>
<kml:Data name="eqp_unit"/>
<kml:Data name="eqp_size">
<kml:value/>
</kml:Data>
<kml:Data name="eqp_phase">
<kml:value/>
</kml:Data>
<kml:Data name="eqp_use"/>
<kml:Data name="eqp_status">
<kml:value/>
</kml:Data>
<kml:Data name="trafo_mke"/>
<kml:Data name="consmr_nam">
<kml:value/>
</kml:Data>
<kml:Data name="trafo_loc">
<kml:value/>
</kml:Data>
<kml:Data name="trafo_mnt"/>
<kml:Data name="angle"/>
<kml:Data name="tap_pole"/>
<kml:Data name="end_type">
<kml:value/>
</kml:Data>
<kml:Data name="rs_con"/>
<kml:Data name="rs_con1">
<kml:value>0.0</kml:value>
</kml:Data>
<kml:Data name="rs_con3">
<kml:value>0.0</kml:value>
</kml:Data>
<kml:Data name="sc_con">
<kml:value>0.0</kml:value>
</kml:Data>
<kml:Data name="lc_con">
<kml:value>0.0</kml:value>
</kml:Data>
<kml:Data name="si_con">
<kml:value>0.0</kml:value>
</kml:Data>
<kml:Data name="li_con">
<kml:value>0.0</kml:value>
</kml:Data>
<kml:Data name="pb_con">
<kml:value>0.0</kml:value>
</kml:Data>
<kml:Data name="ag_con">
<kml:value>0.0</kml:value>
</kml:Data>
<kml:Data name="st_con">
<kml:value>0.0</kml:value>
</kml:Data>
<kml:Data name="remarks">
<kml:value/>
</kml:Data>
<kml:Data name="wo_id">
<kml:value>386</kml:value>
</kml:Data>
<kml:Data name="sequence"/>
</kml:ExtendedData>
<kml:Point>
<kml:coordinates>67.8957799708454,29.54940784669549</kml:coordinates>
</kml:Point>
</kml:Placemark>
<kml:Placemark id="equipment_materialized.420043">
<kml:ExtendedData>
<kml:Data name="section_id">
<kml:value>02001314150120348</kml:value>
</kml:Data>
<kml:Data name="feedercode">
<kml:value>020013</kml:value>
</kml:Data>
<kml:Data name="substation">
<kml:value>220 KV-SIBI</kml:value>
</kml:Data>
<kml:Data name="gps_no">
<kml:value>14150120348</kml:value>
</kml:Data>
<kml:Data name="s_e">
<kml:value>E</kml:value>
</kml:Data>
<kml:Data name="pole_phase">
<kml:value>R-Y-B</kml:value>
</kml:Data>
<kml:Data name="pole_use"/>
<kml:Data name="fdr_on_pol">
<kml:value>1.0</kml:value>
</kml:Data>
<kml:Data name="pol_hght">
<kml:value>36</kml:value>
</kml:Data>
<kml:Data name="pole_type">
<kml:value>Steel Structure</kml:value>
</kml:Data>
<kml:Data name="eqp_type">
<kml:value>Transformer</kml:value>
</kml:Data>
<kml:Data name="eqp_number">
<kml:value>T-14150120348</kml:value>
</kml:Data>
<kml:Data name="eqp_unit"/>
<kml:Data name="eqp_size">
<kml:value>100</kml:value>
</kml:Data>
<kml:Data name="eqp_phase">
<kml:value>R-Y-B</kml:value>
</kml:Data>
<kml:Data name="eqp_use">
<kml:value>General Duty</kml:value>
</kml:Data>
<kml:Data name="eqp_status">
<kml:value>Connected</kml:value>
</kml:Data>
<kml:Data name="trafo_mke">
<kml:value>Siemens</kml:value>
</kml:Data>
<kml:Data name="consmr_nam">
<kml:value/>
</kml:Data>
<kml:Data name="trafo_loc">
<kml:value/>
</kml:Data>
<kml:Data name="trafo_mnt">
<kml:value>Double Pole</kml:value>
</kml:Data>
<kml:Data name="angle"/>
<kml:Data name="tap_pole"/>
<kml:Data name="end_type">
<kml:value/>
</kml:Data>
<kml:Data name="rs_con"/>
<kml:Data name="rs_con1">
<kml:value>0.0</kml:value>
</kml:Data>
<kml:Data name="rs_con3">
<kml:value>0.0</kml:value>
</kml:Data>
<kml:Data name="sc_con">
<kml:value>0.0</kml:value>
</kml:Data>
<kml:Data name="lc_con">
<kml:value>0.0</kml:value>
</kml:Data>
<kml:Data name="si_con">
<kml:value>0.0</kml:value>
</kml:Data>
<kml:Data name="li_con">
<kml:value>0.0</kml:value>
</kml:Data>
<kml:Data name="pb_con">
<kml:value>0.0</kml:value>
</kml:Data>
<kml:Data name="ag_con">
<kml:value>0.0</kml:value>
</kml:Data>
<kml:Data name="st_con">
<kml:value>0.0</kml:value>
</kml:Data>
<kml:Data name="remarks">
<kml:value/>
</kml:Data>
<kml:Data name="wo_id">
<kml:value>386</kml:value>
</kml:Data>
<kml:Data name="sequence"/>
</kml:ExtendedData>
<kml:Point>
<kml:coordinates>67.89577400580046,29.54940590200121</kml:coordinates>
</kml:Point>
</kml:Placemark>
<kml:Placemark id="equipment_materialized.420045">
<kml:ExtendedData>
<kml:Data name="section_id">
<kml:value>02001314150120350</kml:value>
</kml:Data>
<kml:Data name="feedercode">
<kml:value>020013</kml:value>
</kml:Data>
<kml:Data name="substation">
<kml:value>220 KV-SIBI</kml:value>
</kml:Data>
<kml:Data name="gps_no">
<kml:value>14150120349</kml:value>
</kml:Data>
<kml:Data name="s_e">
<kml:value/>
</kml:Data>
<kml:Data name="pole_phase">
<kml:value>R-Y-B</kml:value>
</kml:Data>
<kml:Data name="pole_use"/>
<kml:Data name="fdr_on_pol">
<kml:value>1.0</kml:value>
</kml:Data>
<kml:Data name="pol_hght">
<kml:value>36</kml:value>
</kml:Data>
<kml:Data name="pole_type">
<kml:value>Steel Structure</kml:value>
</kml:Data>
<kml:Data name="eqp_type">
<kml:value>Primary Pole</kml:value>
</kml:Data>
<kml:Data name="eqp_number">
<kml:value/>
</kml:Data>
<kml:Data name="eqp_unit"/>
<kml:Data name="eqp_size">
<kml:value/>
</kml:Data>
<kml:Data name="eqp_phase">
<kml:value/>
</kml:Data>
<kml:Data name="eqp_use"/>
<kml:Data name="eqp_status">
<kml:value/>
</kml:Data>
<kml:Data name="trafo_mke"/>
<kml:Data name="consmr_nam">
<kml:value/>
</kml:Data>
<kml:Data name="trafo_loc">
<kml:value/>
</kml:Data>
<kml:Data name="trafo_mnt"/>
<kml:Data name="angle"/>
<kml:Data name="tap_pole"/>
<kml:Data name="end_type">
<kml:value/>
</kml:Data>
<kml:Data name="rs_con"/>
<kml:Data name="rs_con1">
<kml:value>0.0</kml:value>
</kml:Data>
<kml:Data name="rs_con3">
<kml:value>0.0</kml:value>
</kml:Data>
<kml:Data name="sc_con">
<kml:value>0.0</kml:value>
</kml:Data>
<kml:Data name="lc_con">
<kml:value>0.0</kml:value>
</kml:Data>
<kml:Data name="si_con">
<kml:value>0.0</kml:value>
</kml:Data>
<kml:Data name="li_con">
<kml:value>0.0</kml:value>
</kml:Data>
<kml:Data name="pb_con">
<kml:value>0.0</kml:value>
</kml:Data>
<kml:Data name="ag_con">
<kml:value>0.0</kml:value>
</kml:Data>
<kml:Data name="st_con">
<kml:value>0.0</kml:value>
</kml:Data>
<kml:Data name="remarks">
<kml:value/>
</kml:Data>
<kml:Data name="wo_id">
<kml:value>386</kml:value>
</kml:Data>
<kml:Data name="sequence">
<kml:value>0</kml:value>
</kml:Data>
</kml:ExtendedData>
<kml:Point>
<kml:coordinates>67.8958349573684,29.549694917350756</kml:coordinates>
</kml:Point>
</kml:Placemark>
<kml:Placemark id="equipment_materialized.420046">
<kml:ExtendedData>
<kml:Data name="section_id">
<kml:value>02001314150120350</kml:value>
</kml:Data>
<kml:Data name="feedercode">
<kml:value>020013</kml:value>
</kml:Data>
<kml:Data name="substation">
<kml:value>220 KV-SIBI</kml:value>
</kml:Data>
<kml:Data name="gps_no">
<kml:value>14150120350</kml:value>
</kml:Data>
<kml:Data name="s_e">
<kml:value>E</kml:value>
</kml:Data>
<kml:Data name="pole_phase">
<kml:value>R-Y-B</kml:value>
</kml:Data>
<kml:Data name="pole_use"/>
<kml:Data name="fdr_on_pol">
<kml:value>1.0</kml:value>
</kml:Data>
<kml:Data name="pol_hght">
<kml:value>36</kml:value>
</kml:Data>
<kml:Data name="pole_type">
<kml:value>Steel Structure</kml:value>
</kml:Data>
<kml:Data name="eqp_type">
<kml:value>Primary Pole</kml:value>
</kml:Data>
<kml:Data name="eqp_number">
<kml:value/>
</kml:Data>
<kml:Data name="eqp_unit"/>
<kml:Data name="eqp_size">
<kml:value/>
</kml:Data>
<kml:Data name="eqp_phase">
<kml:value/>
</kml:Data>
<kml:Data name="eqp_use"/>
<kml:Data name="eqp_status">
<kml:value/>
</kml:Data>
<kml:Data name="trafo_mke"/>
<kml:Data name="consmr_nam">
<kml:value/>
</kml:Data>
<kml:Data name="trafo_loc">
<kml:value/>
</kml:Data>
<kml:Data name="trafo_mnt"/>
<kml:Data name="angle"/>
<kml:Data name="tap_pole"/>
<kml:Data name="end_type">
<kml:value/>
</kml:Data>
<kml:Data name="rs_con"/>
<kml:Data name="rs_con1">
<kml:value>0.0</kml:value>
</kml:Data>
<kml:Data name="rs_con3">
<kml:value>0.0</kml:value>
</kml:Data>
<kml:Data name="sc_con">
<kml:value>0.0</kml:value>
</kml:Data>
<kml:Data name="lc_con">
<kml:value>0.0</kml:value>
</kml:Data>
<kml:Data name="si_con">
<kml:value>0.0</kml:value>
</kml:Data>
<kml:Data name="li_con">
<kml:value>0.0</kml:value>
</kml:Data>
<kml:Data name="pb_con">
<kml:value>0.0</kml:value>
</kml:Data>
<kml:Data name="ag_con">
<kml:value>0.0</kml:value>
</kml:Data>
<kml:Data name="st_con">
<kml:value>0.0</kml:value>
</kml:Data>
<kml:Data name="remarks">
<kml:value/>
</kml:Data>
<kml:Data name="wo_id">
<kml:value>386</kml:value>
</kml:Data>
<kml:Data name="sequence"/>
</kml:ExtendedData>
<kml:Point>
<kml:coordinates>67.89601002015199,29.55049087674698</kml:coordinates>
</kml:Point>
</kml:Placemark>
<kml:Placemark id="equipment_materialized.420048">
<kml:ExtendedData>
<kml:Data name="section_id">
<kml:value>02001314150120351</kml:value>
</kml:Data>
<kml:Data name="feedercode">
<kml:value>020013</kml:value>
</kml:Data>
<kml:Data name="substation">
<kml:value>220 KV-SIBI</kml:value>
</kml:Data>
<kml:Data name="gps_no">
<kml:value>14150120351</kml:value>
</kml:Data>
<kml:Data name="s_e">
<kml:value>E</kml:value>
</kml:Data>
<kml:Data name="pole_phase">
<kml:value>R-Y-B</kml:value>
</kml:Data>
<kml:Data name="pole_use"/>
<kml:Data name="fdr_on_pol">
<kml:value>1.0</kml:value>
</kml:Data>
<kml:Data name="pol_hght">
<kml:value>36</kml:value>
</kml:Data>
<kml:Data name="pole_type">
<kml:value>Steel Structure</kml:value>
</kml:Data>
<kml:Data name="eqp_type">
<kml:value>Primary Pole</kml:value>
</kml:Data>
<kml:Data name="eqp_number">
<kml:value/>
</kml:Data>
<kml:Data name="eqp_unit"/>
<kml:Data name="eqp_size">
<kml:value/>
</kml:Data>
<kml:Data name="eqp_phase">
<kml:value/>
</kml:Data>
<kml:Data name="eqp_use"/>
<kml:Data name="eqp_status">
<kml:value/>
</kml:Data>
<kml:Data name="trafo_mke"/>
<kml:Data name="consmr_nam">
<kml:value/>
</kml:Data>
<kml:Data name="trafo_loc">
<kml:value/>
</kml:Data>
<kml:Data name="trafo_mnt"/>
<kml:Data name="angle"/>
<kml:Data name="tap_pole"/>
<kml:Data name="end_type">
<kml:value/>
</kml:Data>
<kml:Data name="rs_con"/>
<kml:Data name="rs_con1">
<kml:value>0.0</kml:value>
</kml:Data>
<kml:Data name="rs_con3">
<kml:value>0.0</kml:value>
</kml:Data>
<kml:Data name="sc_con">
<kml:value>0.0</kml:value>
</kml:Data>
<kml:Data name="lc_con">
<kml:value>0.0</kml:value>
</kml:Data>
<kml:Data name="si_con">
<kml:value>0.0</kml:value>
</kml:Data>
<kml:Data name="li_con">
<kml:value>0.0</kml:value>
</kml:Data>
<kml:Data name="pb_con">
<kml:value>0.0</kml:value>
</kml:Data>
<kml:Data name="ag_con">
<kml:value>0.0</kml:value>
</kml:Data>
<kml:Data name="st_con">
<kml:value>0.0</kml:value>
</kml:Data>
<kml:Data name="remarks">
<kml:value/>
</kml:Data>
<kml:Data name="wo_id">
<kml:value>386</kml:value>
</kml:Data>
<kml:Data name="sequence"/>
</kml:ExtendedData>
<kml:Point>
<kml:coordinates>67.89618497933189,29.55059385457297</kml:coordinates>
</kml:Point>
</kml:Placemark>
<kml:Placemark id="equipment_materialized.420050">
<kml:ExtendedData>
<kml:Data name="section_id">
<kml:value>02001314150120352</kml:value>
</kml:Data>
<kml:Data name="feedercode">
<kml:value>020013</kml:value>
</kml:Data>
<kml:Data name="substation">
<kml:value>220 KV-SIBI</kml:value>
</kml:Data>
<kml:Data name="gps_no">
<kml:value>14150120352</kml:value>
</kml:Data>
<kml:Data name="s_e">
<kml:value>E</kml:value>
</kml:Data>
<kml:Data name="pole_phase">
<kml:value>R-Y-B</kml:value>
</kml:Data>
<kml:Data name="pole_use"/>
<kml:Data name="fdr_on_pol">
<kml:value>1.0</kml:value>
</kml:Data>
<kml:Data name="pol_hght">
<kml:value>36</kml:value>
</kml:Data>
<kml:Data name="pole_type">
<kml:value>Steel Structure</kml:value>
</kml:Data>
<kml:Data name="eqp_type">
<kml:value>Transformer</kml:value>
</kml:Data>
<kml:Data name="eqp_number">
<kml:value>T-14150120352</kml:value>
</kml:Data>
<kml:Data name="eqp_unit"/>
<kml:Data name="eqp_size">
<kml:value>25</kml:value>
</kml:Data>
<kml:Data name="eqp_phase">
<kml:value>R-Y-B</kml:value>
</kml:Data>
<kml:Data name="eqp_use">
<kml:value>General Duty</kml:value>
</kml:Data>
<kml:Data name="eqp_status">
<kml:value>Connected</kml:value>
</kml:Data>
<kml:Data name="trafo_mke">
<kml:value>Siemens</kml:value>
</kml:Data>
<kml:Data name="consmr_nam">
<kml:value/>
</kml:Data>
<kml:Data name="trafo_loc">
<kml:value/>
</kml:Data>
<kml:Data name="trafo_mnt">
<kml:value>Double Pole</kml:value>
</kml:Data>
<kml:Data name="angle"/>
<kml:Data name="tap_pole"/>
<kml:Data name="end_type">
<kml:value/>
</kml:Data>
<kml:Data name="rs_con"/>
<kml:Data name="rs_con1">
<kml:value>0.0</kml:value>
</kml:Data>
<kml:Data name="rs_con3">
<kml:value>0.0</kml:value>
</kml:Data>
<kml:Data name="sc_con">
<kml:value>0.0</kml:value>
</kml:Data>
<kml:Data name="lc_con">
<kml:value>0.0</kml:value>
</kml:Data>
<kml:Data name="si_con">
<kml:value>0.0</kml:value>
</kml:Data>
<kml:Data name="li_con">
<kml:value>0.0</kml:value>
</kml:Data>
<kml:Data name="pb_con">
<kml:value>0.0</kml:value>
</kml:Data>
<kml:Data name="ag_con">
<kml:value>0.0</kml:value>
</kml:Data>
<kml:Data name="st_con">
<kml:value>0.0</kml:value>
</kml:Data>
<kml:Data name="remarks">
<kml:value/>
</kml:Data>
<kml:Data name="wo_id">
<kml:value>386</kml:value>
</kml:Data>
<kml:Data name="sequence"/>
</kml:ExtendedData>
<kml:Point>
<kml:coordinates>67.89618396836497,29.550610902210213</kml:coordinates>
</kml:Point>
</kml:Placemark>
<kml:Placemark id="equipment_materialized.420052">
<kml:ExtendedData>
<kml:Data name="section_id">
<kml:value>02001314150120353</kml:value>
</kml:Data>
<kml:Data name="feedercode">
<kml:value>020013</kml:value>
</kml:Data>
<kml:Data name="substation">
<kml:value>220 KV-SIBI</kml:value>
</kml:Data>
<kml:Data name="gps_no">
<kml:value>14150120353</kml:value>
</kml:Data>
<kml:Data name="s_e">
<kml:value>E</kml:value>
</kml:Data>
<kml:Data name="pole_phase">
<kml:value>R-Y-B</kml:value>
</kml:Data>
<kml:Data name="pole_use"/>
<kml:Data name="fdr_on_pol">
<kml:value>1.0</kml:value>
</kml:Data>
<kml:Data name="pol_hght">
<kml:value>36</kml:value>
</kml:Data>
<kml:Data name="pole_type">
<kml:value>Steel Structure</kml:value>
</kml:Data>
<kml:Data name="eqp_type">
<kml:value>Primary Pole</kml:value>
</kml:Data>
<kml:Data name="eqp_number">
<kml:value/>
</kml:Data>
<kml:Data name="eqp_unit"/>
<kml:Data name="eqp_size">
<kml:value/>
</kml:Data>
<kml:Data name="eqp_phase">
<kml:value/>
</kml:Data>
<kml:Data name="eqp_use"/>
<kml:Data name="eqp_status">
<kml:value/>
</kml:Data>
<kml:Data name="trafo_mke"/>
<kml:Data name="consmr_nam">
<kml:value/>
</kml:Data>
<kml:Data name="trafo_loc">
<kml:value/>
</kml:Data>
<kml:Data name="trafo_mnt"/>
<kml:Data name="angle"/>
<kml:Data name="tap_pole"/>
<kml:Data name="end_type">
<kml:value>SDE</kml:value>
</kml:Data>
<kml:Data name="rs_con"/>
<kml:Data name="rs_con1">
<kml:value>0.0</kml:value>
</kml:Data>
<kml:Data name="rs_con3">
<kml:value>0.0</kml:value>
</kml:Data>
<kml:Data name="sc_con">
<kml:value>0.0</kml:value>
</kml:Data>
<kml:Data name="lc_con">
<kml:value>0.0</kml:value>
</kml:Data>
<kml:Data name="si_con">
<kml:value>0.0</kml:value>
</kml:Data>
<kml:Data name="li_con">
<kml:value>0.0</kml:value>
</kml:Data>
<kml:Data name="pb_con">
<kml:value>0.0</kml:value>
</kml:Data>
<kml:Data name="ag_con">
<kml:value>0.0</kml:value>
</kml:Data>
<kml:Data name="st_con">
<kml:value>0.0</kml:value>
</kml:Data>
<kml:Data name="remarks">
<kml:value/>
</kml:Data>
<kml:Data name="wo_id">
<kml:value>386</kml:value>
</kml:Data>
<kml:Data name="sequence"/>
</kml:ExtendedData>
<kml:Point>
<kml:coordinates>67.89708899751753,29.550803869337795</kml:coordinates>
</kml:Point>
</kml:Placemark>
<kml:Placemark id="equipment_materialized.420054">
<kml:ExtendedData>
<kml:Data name="section_id">
<kml:value>02001314150120354</kml:value>
</kml:Data>
<kml:Data name="feedercode">
<kml:value>020013</kml:value>
</kml:Data>
<kml:Data name="substation">
<kml:value>220 KV-SIBI</kml:value>
</kml:Data>
<kml:Data name="gps_no">
<kml:value>14150120354</kml:value>
</kml:Data>
<kml:Data name="s_e">
<kml:value>E</kml:value>
</kml:Data>
<kml:Data name="pole_phase">
<kml:value>R-Y-B</kml:value>
</kml:Data>
<kml:Data name="pole_use"/>
<kml:Data name="fdr_on_pol">
<kml:value>1.0</kml:value>
</kml:Data>
<kml:Data name="pol_hght">
<kml:value>36</kml:value>
</kml:Data>
<kml:Data name="pole_type">
<kml:value>Steel Structure</kml:value>
</kml:Data>
<kml:Data name="eqp_type">
<kml:value>Transformer</kml:value>
</kml:Data>
<kml:Data name="eqp_number">
<kml:value>T-14150120354</kml:value>
</kml:Data>
<kml:Data name="eqp_unit"/>
<kml:Data name="eqp_size">
<kml:value>50</kml:value>
</kml:Data>
<kml:Data name="eqp_phase">
<kml:value>R-Y-B</kml:value>
</kml:Data>
<kml:Data name="eqp_use">
<kml:value>General Duty</kml:value>
</kml:Data>
<kml:Data name="eqp_status">
<kml:value>Connected</kml:value>
</kml:Data>
<kml:Data name="trafo_mke">
<kml:value>Siemens</kml:value>
</kml:Data>
<kml:Data name="consmr_nam">
<kml:value/>
</kml:Data>
<kml:Data name="trafo_loc">
<kml:value/>
</kml:Data>
<kml:Data name="trafo_mnt">
<kml:value>Pad Mounted</kml:value>
</kml:Data>
<kml:Data name="angle"/>
<kml:Data name="tap_pole"/>
<kml:Data name="end_type">
<kml:value/>
</kml:Data>
<kml:Data name="rs_con"/>
<kml:Data name="rs_con1">
<kml:value>0.0</kml:value>
</kml:Data>
<kml:Data name="rs_con3">
<kml:value>0.0</kml:value>
</kml:Data>
<kml:Data name="sc_con">
<kml:value>0.0</kml:value>
</kml:Data>
<kml:Data name="lc_con">
<kml:value>0.0</kml:value>
</kml:Data>
<kml:Data name="si_con">
<kml:value>0.0</kml:value>
</kml:Data>
<kml:Data name="li_con">
<kml:value>0.0</kml:value>
</kml:Data>
<kml:Data name="pb_con">
<kml:value>0.0</kml:value>
</kml:Data>
<kml:Data name="ag_con">
<kml:value>0.0</kml:value>
</kml:Data>
<kml:Data name="st_con">
<kml:value>0.0</kml:value>
</kml:Data>
<kml:Data name="remarks">
<kml:value/>
</kml:Data>
<kml:Data name="wo_id">
<kml:value>386</kml:value>
</kml:Data>
<kml:Data name="sequence"/>
</kml:ExtendedData>
<kml:Point>
<kml:coordinates>67.89710595141942,29.55081086859992</kml:coordinates>
</kml:Point>
</kml:Placemark>
<kml:Placemark id="equipment_materialized.420056">
<kml:ExtendedData>
<kml:Data name="section_id">
<kml:value>02001314150120355</kml:value>
</kml:Data>
<kml:Data name="feedercode">
<kml:value>020013</kml:value>
</kml:Data>
<kml:Data name="substation">
<kml:value>220 KV-SIBI</kml:value>
</kml:Data>
<kml:Data name="gps_no">
<kml:value>14150120355</kml:value>
</kml:Data>
<kml:Data name="s_e">
<kml:value>E</kml:value>
</kml:Data>
<kml:Data name="pole_phase">
<kml:value>R-Y-B</kml:value>
</kml:Data>
<kml:Data name="pole_use"/>
<kml:Data name="fdr_on_pol">
<kml:value>1.0</kml:value>
</kml:Data>
<kml:Data name="pol_hght">
<kml:value>36</kml:value>
</kml:Data>
<kml:Data name="pole_type">
<kml:value>Steel Structure</kml:value>
</kml:Data>
<kml:Data name="eqp_type">
<kml:value>Transformer</kml:value>
</kml:Data>
<kml:Data name="eqp_number">
<kml:value>T-14150120355</kml:value>
</kml:Data>
<kml:Data name="eqp_unit"/>
<kml:Data name="eqp_size">
<kml:value>50</kml:value>
</kml:Data>
<kml:Data name="eqp_phase">
<kml:value>R-Y-B</kml:value>
</kml:Data>
<kml:Data name="eqp_use">
<kml:value>General Duty</kml:value>
</kml:Data>
<kml:Data name="eqp_status">
<kml:value>Connected</kml:value>
</kml:Data>
<kml:Data name="trafo_mke">
<kml:value>Siemens</kml:value>
</kml:Data>
<kml:Data name="consmr_nam">
<kml:value/>
</kml:Data>
<kml:Data name="trafo_loc">
<kml:value/>
</kml:Data>
<kml:Data name="trafo_mnt">
<kml:value>Pad Mounted</kml:value>
</kml:Data>
<kml:Data name="angle"/>
<kml:Data name="tap_pole"/>
<kml:Data name="end_type">
<kml:value/>
</kml:Data>
<kml:Data name="rs_con"/>
<kml:Data name="rs_con1">
<kml:value>0.0</kml:value>
</kml:Data>
<kml:Data name="rs_con3">
<kml:value>0.0</kml:value>
</kml:Data>
<kml:Data name="sc_con">
<kml:value>0.0</kml:value>
</kml:Data>
<kml:Data name="lc_con">
<kml:value>0.0</kml:value>
</kml:Data>
<kml:Data name="si_con">
<kml:value>0.0</kml:value>
</kml:Data>
<kml:Data name="li_con">
<kml:value>0.0</kml:value>
</kml:Data>
<kml:Data name="pb_con">
<kml:value>0.0</kml:value>
</kml:Data>
<kml:Data name="ag_con">
<kml:value>0.0</kml:value>
</kml:Data>
<kml:Data name="st_con">
<kml:value>0.0</kml:value>
</kml:Data>
<kml:Data name="remarks">
<kml:value/>
</kml:Data>
<kml:Data name="wo_id">
<kml:value>386</kml:value>
</kml:Data>
<kml:Data name="sequence"/>
</kml:ExtendedData>
<kml:Point>
<kml:coordinates>67.8970760413804,29.55080890566111</kml:coordinates>
</kml:Point>
</kml:Placemark>
<kml:Placemark id="equipment_materialized.420058">
<kml:ExtendedData>
<kml:Data name="section_id">
<kml:value>02001314150120359</kml:value>
</kml:Data>
<kml:Data name="feedercode">
<kml:value>020013</kml:value>
</kml:Data>
<kml:Data name="substation">
<kml:value>220 KV-SIBI</kml:value>
</kml:Data>
<kml:Data name="gps_no">
<kml:value>14150120356</kml:value>
</kml:Data>
<kml:Data name="s_e">
<kml:value/>
</kml:Data>
<kml:Data name="pole_phase">
<kml:value>R-Y-B</kml:value>
</kml:Data>
<kml:Data name="pole_use"/>
<kml:Data name="fdr_on_pol">
<kml:value>1.0</kml:value>
</kml:Data>
<kml:Data name="pol_hght">
<kml:value>36</kml:value>
</kml:Data>
<kml:Data name="pole_type">
<kml:value>Steel Structure</kml:value>
</kml:Data>
<kml:Data name="eqp_type">
<kml:value>Primary Pole</kml:value>
</kml:Data>
<kml:Data name="eqp_number">
<kml:value/>
</kml:Data>
<kml:Data name="eqp_unit"/>
<kml:Data name="eqp_size">
<kml:value/>
</kml:Data>
<kml:Data name="eqp_phase">
<kml:value/>
</kml:Data>
<kml:Data name="eqp_use"/>
<kml:Data name="eqp_status">
<kml:value/>
</kml:Data>
<kml:Data name="trafo_mke"/>
<kml:Data name="consmr_nam">
<kml:value/>
</kml:Data>
<kml:Data name="trafo_loc">
<kml:value/>
</kml:Data>
<kml:Data name="trafo_mnt"/>
<kml:Data name="angle"/>
<kml:Data name="tap_pole"/>
<kml:Data name="end_type">
<kml:value/>
</kml:Data>
<kml:Data name="rs_con"/>
<kml:Data name="rs_con1">
<kml:value>0.0</kml:value>
</kml:Data>
<kml:Data name="rs_con3">
<kml:value>0.0</kml:value>
</kml:Data>
<kml:Data name="sc_con">
<kml:value>0.0</kml:value>
</kml:Data>
<kml:Data name="lc_con">
<kml:value>0.0</kml:value>
</kml:Data>
<kml:Data name="si_con">
<kml:value>0.0</kml:value>
</kml:Data>
<kml:Data name="li_con">
<kml:value>0.0</kml:value>
</kml:Data>
<kml:Data name="pb_con">
<kml:value>0.0</kml:value>
</kml:Data>
<kml:Data name="ag_con">
<kml:value>0.0</kml:value>
</kml:Data>
<kml:Data name="st_con">
<kml:value>0.0</kml:value>
</kml:Data>
<kml:Data name="remarks">
<kml:value/>
</kml:Data>
<kml:Data name="wo_id">
<kml:value>386</kml:value>
</kml:Data>
<kml:Data name="sequence">
<kml:value>0</kml:value>
</kml:Data>
</kml:ExtendedData>
<kml:Point>
<kml:coordinates>67.89619903908068,29.551474929188647</kml:coordinates>
</kml:Point>
</kml:Placemark>
<kml:Placemark id="equipment_materialized.420059">
<kml:ExtendedData>
<kml:Data name="section_id">
<kml:value>02001314150120359</kml:value>
</kml:Data>
<kml:Data name="feedercode">
<kml:value>020013</kml:value>
</kml:Data>
<kml:Data name="substation">
<kml:value>220 KV-SIBI</kml:value>
</kml:Data>
<kml:Data name="gps_no">
<kml:value>14150120357</kml:value>
</kml:Data>
<kml:Data name="s_e">
<kml:value/>
</kml:Data>
<kml:Data name="pole_phase">
<kml:value>R-Y-B</kml:value>
</kml:Data>
<kml:Data name="pole_use"/>
<kml:Data name="fdr_on_pol">
<kml:value>1.0</kml:value>
</kml:Data>
<kml:Data name="pol_hght">
<kml:value>36</kml:value>
</kml:Data>
<kml:Data name="pole_type">
<kml:value>Steel Structure</kml:value>
</kml:Data>
<kml:Data name="eqp_type">
<kml:value>Primary Pole</kml:value>
</kml:Data>
<kml:Data name="eqp_number">
<kml:value/>
</kml:Data>
<kml:Data name="eqp_unit"/>
<kml:Data name="eqp_size">
<kml:value/>
</kml:Data>
<kml:Data name="eqp_phase">
<kml:value/>
</kml:Data>
<kml:Data name="eqp_use"/>
<kml:Data name="eqp_status">
<kml:value/>
</kml:Data>
<kml:Data name="trafo_mke"/>
<kml:Data name="consmr_nam">
<kml:value/>
</kml:Data>
<kml:Data name="trafo_loc">
<kml:value/>
</kml:Data>
<kml:Data name="trafo_mnt"/>
<kml:Data name="angle"/>
<kml:Data name="tap_pole"/>
<kml:Data name="end_type">
<kml:value/>
</kml:Data>
<kml:Data name="rs_con"/>
<kml:Data name="rs_con1">
<kml:value>0.0</kml:value>
</kml:Data>
<kml:Data name="rs_con3">
<kml:value>0.0</kml:value>
</kml:Data>
<kml:Data name="sc_con">
<kml:value>0.0</kml:value>
</kml:Data>
<kml:Data name="lc_con">
<kml:value>0.0</kml:value>
</kml:Data>
<kml:Data name="si_con">
<kml:value>0.0</kml:value>
</kml:Data>
<kml:Data name="li_con">
<kml:value>0.0</kml:value>
</kml:Data>
<kml:Data name="pb_con">
<kml:value>0.0</kml:value>
</kml:Data>
<kml:Data name="ag_con">
<kml:value>0.0</kml:value>
</kml:Data>
<kml:Data name="st_con">
<kml:value>0.0</kml:value>
</kml:Data>
<kml:Data name="remarks">
<kml:value/>
</kml:Data>
<kml:Data name="wo_id">
<kml:value>386</kml:value>
</kml:Data>
<kml:Data name="sequence">
<kml:value>1</kml:value>
</kml:Data>
</kml:ExtendedData>
<kml:Point>
<kml:coordinates>67.89636099333289,29.552299927774296</kml:coordinates>
</kml:Point>
</kml:Placemark>
<kml:Placemark id="equipment_materialized.420060">
<kml:ExtendedData>
<kml:Data name="section_id">
<kml:value>02001314150120359</kml:value>
</kml:Data>
<kml:Data name="feedercode">
<kml:value>020013</kml:value>
</kml:Data>
<kml:Data name="substation">
<kml:value>220 KV-SIBI</kml:value>
</kml:Data>
<kml:Data name="gps_no">
<kml:value>14150120358</kml:value>
</kml:Data>
<kml:Data name="s_e">
<kml:value/>
</kml:Data>
<kml:Data name="pole_phase">
<kml:value>R-Y-B</kml:value>
</kml:Data>
<kml:Data name="pole_use"/>
<kml:Data name="fdr_on_pol">
<kml:value>1.0</kml:value>
</kml:Data>
<kml:Data name="pol_hght">
<kml:value>36</kml:value>
</kml:Data>
<kml:Data name="pole_type">
<kml:value>Steel Structure</kml:value>
</kml:Data>
<kml:Data name="eqp_type">
<kml:value>Primary Pole</kml:value>
</kml:Data>
<kml:Data name="eqp_number">
<kml:value/>
</kml:Data>
<kml:Data name="eqp_unit"/>
<kml:Data name="eqp_size">
<kml:value/>
</kml:Data>
<kml:Data name="eqp_phase">
<kml:value/>
</kml:Data>
<kml:Data name="eqp_use"/>
<kml:Data name="eqp_status">
<kml:value/>
</kml:Data>
<kml:Data name="trafo_mke"/>
<kml:Data name="consmr_nam">
<kml:value/>
</kml:Data>
<kml:Data name="trafo_loc">
<kml:value/>
</kml:Data>
<kml:Data name="trafo_mnt"/>
<kml:Data name="angle"/>
<kml:Data name="tap_pole"/>
<kml:Data name="end_type">
<kml:value/>
</kml:Data>
<kml:Data name="rs_con"/>
<kml:Data name="rs_con1">
<kml:value>0.0</kml:value>
</kml:Data>
<kml:Data name="rs_con3">
<kml:value>0.0</kml:value>
</kml:Data>
<kml:Data name="sc_con">
<kml:value>0.0</kml:value>
</kml:Data>
<kml:Data name="lc_con">
<kml:value>0.0</kml:value>
</kml:Data>
<kml:Data name="si_con">
<kml:value>0.0</kml:value>
</kml:Data>
<kml:Data name="li_con">
<kml:value>0.0</kml:value>
</kml:Data>
<kml:Data name="pb_con">
<kml:value>0.0</kml:value>
</kml:Data>
<kml:Data name="ag_con">
<kml:value>0.0</kml:value>
</kml:Data>
<kml:Data name="st_con">
<kml:value>0.0</kml:value>
</kml:Data>
<kml:Data name="remarks">
<kml:value/>
</kml:Data>
<kml:Data name="wo_id">
<kml:value>386</kml:value>
</kml:Data>
<kml:Data name="sequence">
<kml:value>2</kml:value>
</kml:Data>
</kml:ExtendedData>
<kml:Point>
<kml:coordinates>67.89653301672936,29.55311986586739</kml:coordinates>
</kml:Point>
</kml:Placemark>
<kml:Placemark id="equipment_materialized.420061">
<kml:ExtendedData>
<kml:Data name="section_id">
<kml:value>02001314150120359</kml:value>
</kml:Data>
<kml:Data name="feedercode">
<kml:value>020013</kml:value>
</kml:Data>
<kml:Data name="substation">
<kml:value>220 KV-SIBI</kml:value>
</kml:Data>
<kml:Data name="gps_no">
<kml:value>14150120359</kml:value>
</kml:Data>
<kml:Data name="s_e">
<kml:value>E</kml:value>
</kml:Data>
<kml:Data name="pole_phase">
<kml:value>R-Y-B</kml:value>
</kml:Data>
<kml:Data name="pole_use"/>
<kml:Data name="fdr_on_pol">
<kml:value>1.0</kml:value>
</kml:Data>
<kml:Data name="pol_hght">
<kml:value>36</kml:value>
</kml:Data>
<kml:Data name="pole_type">
<kml:value>Steel Structure</kml:value>
</kml:Data>
<kml:Data name="eqp_type">
<kml:value>Primary Pole</kml:value>
</kml:Data>
<kml:Data name="eqp_number">
<kml:value/>
</kml:Data>
<kml:Data name="eqp_unit"/>
<kml:Data name="eqp_size">
<kml:value/>
</kml:Data>
<kml:Data name="eqp_phase">
<kml:value/>
</kml:Data>
<kml:Data name="eqp_use"/>
<kml:Data name="eqp_status">
<kml:value/>
</kml:Data>
<kml:Data name="trafo_mke"/>
<kml:Data name="consmr_nam">
<kml:value/>
</kml:Data>
<kml:Data name="trafo_loc">
<kml:value/>
</kml:Data>
<kml:Data name="trafo_mnt"/>
<kml:Data name="angle"/>
<kml:Data name="tap_pole"/>
<kml:Data name="end_type">
<kml:value/>
</kml:Data>
<kml:Data name="rs_con"/>
<kml:Data name="rs_con1">
<kml:value>0.0</kml:value>
</kml:Data>
<kml:Data name="rs_con3">
<kml:value>0.0</kml:value>
</kml:Data>
<kml:Data name="sc_con">
<kml:value>0.0</kml:value>
</kml:Data>
<kml:Data name="lc_con">
<kml:value>0.0</kml:value>
</kml:Data>
<kml:Data name="si_con">
<kml:value>0.0</kml:value>
</kml:Data>
<kml:Data name="li_con">
<kml:value>0.0</kml:value>
</kml:Data>
<kml:Data name="pb_con">
<kml:value>0.0</kml:value>
</kml:Data>
<kml:Data name="ag_con">
<kml:value>0.0</kml:value>
</kml:Data>
<kml:Data name="st_con">
<kml:value>0.0</kml:value>
</kml:Data>
<kml:Data name="remarks">
<kml:value/>
</kml:Data>
<kml:Data name="wo_id">
<kml:value>386</kml:value>
</kml:Data>
<kml:Data name="sequence"/>
</kml:ExtendedData>
<kml:Point>
<kml:coordinates>67.89668196014831,29.553907846271223</kml:coordinates>
</kml:Point>
</kml:Placemark>
<kml:Placemark id="equipment_materialized.420063">
<kml:ExtendedData>
<kml:Data name="section_id">
<kml:value>02001314150120363</kml:value>
</kml:Data>
<kml:Data name="feedercode">
<kml:value>020013</kml:value>
</kml:Data>
<kml:Data name="substation">
<kml:value>220 KV-SIBI</kml:value>
</kml:Data>
<kml:Data name="gps_no">
<kml:value>14150120360</kml:value>
</kml:Data>
<kml:Data name="s_e">
<kml:value/>
</kml:Data>
<kml:Data name="pole_phase">
<kml:value>R-Y-B</kml:value>
</kml:Data>
<kml:Data name="pole_use"/>
<kml:Data name="fdr_on_pol">
<kml:value>1.0</kml:value>
</kml:Data>
<kml:Data name="pol_hght">
<kml:value>36</kml:value>
</kml:Data>
<kml:Data name="pole_type">
<kml:value>Steel Structure</kml:value>
</kml:Data>
<kml:Data name="eqp_type">
<kml:value>Primary Pole</kml:value>
</kml:Data>
<kml:Data name="eqp_number">
<kml:value/>
</kml:Data>
<kml:Data name="eqp_unit"/>
<kml:Data name="eqp_size">
<kml:value/>
</kml:Data>
<kml:Data name="eqp_phase">
<kml:value/>
</kml:Data>
<kml:Data name="eqp_use"/>
<kml:Data name="eqp_status">
<kml:value/>
</kml:Data>
<kml:Data name="trafo_mke"/>
<kml:Data name="consmr_nam">
<kml:value/>
</kml:Data>
<kml:Data name="trafo_loc">
<kml:value/>
</kml:Data>
<kml:Data name="trafo_mnt"/>
<kml:Data name="angle"/>
<kml:Data name="tap_pole"/>
<kml:Data name="end_type">
<kml:value/>
</kml:Data>
<kml:Data name="rs_con"/>
<kml:Data name="rs_con1">
<kml:value>0.0</kml:value>
</kml:Data>
<kml:Data name="rs_con3">
<kml:value>0.0</kml:value>
</kml:Data>
<kml:Data name="sc_con">
<kml:value>0.0</kml:value>
</kml:Data>
<kml:Data name="lc_con">
<kml:value>0.0</kml:value>
</kml:Data>
<kml:Data name="si_con">
<kml:value>0.0</kml:value>
</kml:Data>
<kml:Data name="li_con">
<kml:value>0.0</kml:value>
</kml:Data>
<kml:Data name="pb_con">
<kml:value>0.0</kml:value>
</kml:Data>
<kml:Data name="ag_con">
<kml:value>0.0</kml:value>
</kml:Data>
<kml:Data name="st_con">
<kml:value>0.0</kml:value>
</kml:Data>
<kml:Data name="remarks">
<kml:value/>
</kml:Data>
<kml:Data name="wo_id">
<kml:value>386</kml:value>
</kml:Data>
<kml:Data name="sequence">
<kml:value>0</kml:value>
</kml:Data>
</kml:ExtendedData>
<kml:Point>
<kml:coordinates>67.89621696042568,29.55405189254944</kml:coordinates>
</kml:Point>
</kml:Placemark>
<kml:Placemark id="equipment_materialized.420064">
<kml:ExtendedData>
<kml:Data name="section_id">
<kml:value>02001314150120363</kml:value>
</kml:Data>
<kml:Data name="feedercode">
<kml:value>020013</kml:value>
</kml:Data>
<kml:Data name="substation">
<kml:value>220 KV-SIBI</kml:value>
</kml:Data>
<kml:Data name="gps_no">
<kml:value>14150120361</kml:value>
</kml:Data>
<kml:Data name="s_e">
<kml:value/>
</kml:Data>
<kml:Data name="pole_phase">
<kml:value>R-Y-B</kml:value>
</kml:Data>
<kml:Data name="pole_use"/>
<kml:Data name="fdr_on_pol">
<kml:value>1.0</kml:value>
</kml:Data>
<kml:Data name="pol_hght">
<kml:value>36</kml:value>
</kml:Data>
<kml:Data name="pole_type">
<kml:value>Steel Structure</kml:value>
</kml:Data>
<kml:Data name="eqp_type">
<kml:value>Primary Pole</kml:value>
</kml:Data>
<kml:Data name="eqp_number">
<kml:value/>
</kml:Data>
<kml:Data name="eqp_unit"/>
<kml:Data name="eqp_size">
<kml:value/>
</kml:Data>
<kml:Data name="eqp_phase">
<kml:value/>
</kml:Data>
<kml:Data name="eqp_use"/>
<kml:Data name="eqp_status">
<kml:value/>
</kml:Data>
<kml:Data name="trafo_mke"/>
<kml:Data name="consmr_nam">
<kml:value/>
</kml:Data>
<kml:Data name="trafo_loc">
<kml:value/>
</kml:Data>
<kml:Data name="trafo_mnt"/>
<kml:Data name="angle"/>
<kml:Data name="tap_pole"/>
<kml:Data name="end_type">
<kml:value/>
</kml:Data>
<kml:Data name="rs_con"/>
<kml:Data name="rs_con1">
<kml:value>0.0</kml:value>
</kml:Data>
<kml:Data name="rs_con3">
<kml:value>0.0</kml:value>
</kml:Data>
<kml:Data name="sc_con">
<kml:value>0.0</kml:value>
</kml:Data>
<kml:Data name="lc_con">
<kml:value>0.0</kml:value>
</kml:Data>
<kml:Data name="si_con">
<kml:value>0.0</kml:value>
</kml:Data>
<kml:Data name="li_con">
<kml:value>0.0</kml:value>
</kml:Data>
<kml:Data name="pb_con">
<kml:value>0.0</kml:value>
</kml:Data>
<kml:Data name="ag_con">
<kml:value>0.0</kml:value>
</kml:Data>
<kml:Data name="st_con">
<kml:value>0.0</kml:value>
</kml:Data>
<kml:Data name="remarks">
<kml:value/>
</kml:Data>
<kml:Data name="wo_id">
<kml:value>386</kml:value>
</kml:Data>
<kml:Data name="sequence">
<kml:value>1</kml:value>
</kml:Data>
</kml:ExtendedData>
<kml:Point>
<kml:coordinates>67.89544303198876,29.55422486380893</kml:coordinates>
</kml:Point>
</kml:Placemark>
<kml:Placemark id="equipment_materialized.420065">
<kml:ExtendedData>
<kml:Data name="section_id">
<kml:value>02001314150120363</kml:value>
</kml:Data>
<kml:Data name="feedercode">
<kml:value>020013</kml:value>
</kml:Data>
<kml:Data name="substation">
<kml:value>220 KV-SIBI</kml:value>
</kml:Data>
<kml:Data name="gps_no">
<kml:value>14150120362</kml:value>
</kml:Data>
<kml:Data name="s_e">
<kml:value/>
</kml:Data>
<kml:Data name="pole_phase">
<kml:value>R-Y-B</kml:value>
</kml:Data>
<kml:Data name="pole_use"/>
<kml:Data name="fdr_on_pol">
<kml:value>1.0</kml:value>
</kml:Data>
<kml:Data name="pol_hght">
<kml:value>36</kml:value>
</kml:Data>
<kml:Data name="pole_type">
<kml:value>Steel Structure</kml:value>
</kml:Data>
<kml:Data name="eqp_type">
<kml:value>Primary Pole</kml:value>
</kml:Data>
<kml:Data name="eqp_number">
<kml:value/>
</kml:Data>
<kml:Data name="eqp_unit"/>
<kml:Data name="eqp_size">
<kml:value/>
</kml:Data>
<kml:Data name="eqp_phase">
<kml:value/>
</kml:Data>
<kml:Data name="eqp_use"/>
<kml:Data name="eqp_status">
<kml:value/>
</kml:Data>
<kml:Data name="trafo_mke"/>
<kml:Data name="consmr_nam">
<kml:value/>
</kml:Data>
<kml:Data name="trafo_loc">
<kml:value/>
</kml:Data>
<kml:Data name="trafo_mnt"/>
<kml:Data name="angle"/>
<kml:Data name="tap_pole"/>
<kml:Data name="end_type">
<kml:value/>
</kml:Data>
<kml:Data name="rs_con"/>
<kml:Data name="rs_con1">
<kml:value>0.0</kml:value>
</kml:Data>
<kml:Data name="rs_con3">
<kml:value>0.0</kml:value>
</kml:Data>
<kml:Data name="sc_con">
<kml:value>0.0</kml:value>
</kml:Data>
<kml:Data name="lc_con">
<kml:value>0.0</kml:value>
</kml:Data>
<kml:Data name="si_con">
<kml:value>0.0</kml:value>
</kml:Data>
<kml:Data name="li_con">
<kml:value>0.0</kml:value>
</kml:Data>
<kml:Data name="pb_con">
<kml:value>0.0</kml:value>
</kml:Data>
<kml:Data name="ag_con">
<kml:value>0.0</kml:value>
</kml:Data>
<kml:Data name="st_con">
<kml:value>0.0</kml:value>
</kml:Data>
<kml:Data name="remarks">
<kml:value/>
</kml:Data>
<kml:Data name="wo_id">
<kml:value>386</kml:value>
</kml:Data>
<kml:Data name="sequence">
<kml:value>2</kml:value>
</kml:Data>
</kml:ExtendedData>
<kml:Point>
<kml:coordinates>67.89482396158093,29.5543659093418</kml:coordinates>
</kml:Point>
</kml:Placemark>
<kml:Placemark id="equipment_materialized.420066">
<kml:ExtendedData>
<kml:Data name="section_id">
<kml:value>02001314150120363</kml:value>
</kml:Data>
<kml:Data name="feedercode">
<kml:value>020013</kml:value>
</kml:Data>
<kml:Data name="substation">
<kml:value>220 KV-SIBI</kml:value>
</kml:Data>
<kml:Data name="gps_no">
<kml:value>14150120363</kml:value>
</kml:Data>
<kml:Data name="s_e">
<kml:value>E</kml:value>
</kml:Data>
<kml:Data name="pole_phase">
<kml:value>R-Y-B</kml:value>
</kml:Data>
<kml:Data name="pole_use"/>
<kml:Data name="fdr_on_pol">
<kml:value>1.0</kml:value>
</kml:Data>
<kml:Data name="pol_hght">
<kml:value>36</kml:value>
</kml:Data>
<kml:Data name="pole_type">
<kml:value>Steel Structure</kml:value>
</kml:Data>
<kml:Data name="eqp_type">
<kml:value>Primary Pole</kml:value>
</kml:Data>
<kml:Data name="eqp_number">
<kml:value/>
</kml:Data>
<kml:Data name="eqp_unit"/>
<kml:Data name="eqp_size">
<kml:value/>
</kml:Data>
<kml:Data name="eqp_phase">
<kml:value/>
</kml:Data>
<kml:Data name="eqp_use"/>
<kml:Data name="eqp_status">
<kml:value/>
</kml:Data>
<kml:Data name="trafo_mke"/>
<kml:Data name="consmr_nam">
<kml:value/>
</kml:Data>
<kml:Data name="trafo_loc">
<kml:value/>
</kml:Data>
<kml:Data name="trafo_mnt"/>
<kml:Data name="angle"/>
<kml:Data name="tap_pole"/>
<kml:Data name="end_type">
<kml:value>SDE</kml:value>
</kml:Data>
<kml:Data name="rs_con"/>
<kml:Data name="rs_con1">
<kml:value>0.0</kml:value>
</kml:Data>
<kml:Data name="rs_con3">
<kml:value>0.0</kml:value>
</kml:Data>
<kml:Data name="sc_con">
<kml:value>0.0</kml:value>
</kml:Data>
<kml:Data name="lc_con">
<kml:value>0.0</kml:value>
</kml:Data>
<kml:Data name="si_con">
<kml:value>0.0</kml:value>
</kml:Data>
<kml:Data name="li_con">
<kml:value>0.0</kml:value>
</kml:Data>
<kml:Data name="pb_con">
<kml:value>0.0</kml:value>
</kml:Data>
<kml:Data name="ag_con">
<kml:value>0.0</kml:value>
</kml:Data>
<kml:Data name="st_con">
<kml:value>0.0</kml:value>
</kml:Data>
<kml:Data name="remarks">
<kml:value/>
</kml:Data>
<kml:Data name="wo_id">
<kml:value>386</kml:value>
</kml:Data>
<kml:Data name="sequence"/>
</kml:ExtendedData>
<kml:Point>
<kml:coordinates>67.89484501416663,29.55483092880421</kml:coordinates>
</kml:Point>
</kml:Placemark>
<kml:Placemark id="equipment_materialized.420068">
<kml:ExtendedData>
<kml:Data name="section_id">
<kml:value>02001314150120364</kml:value>
</kml:Data>
<kml:Data name="feedercode">
<kml:value>020013</kml:value>
</kml:Data>
<kml:Data name="substation">
<kml:value>220 KV-SIBI</kml:value>
</kml:Data>
<kml:Data name="gps_no">
<kml:value>14150120364</kml:value>
</kml:Data>
<kml:Data name="s_e">
<kml:value>E</kml:value>
</kml:Data>
<kml:Data name="pole_phase">
<kml:value>R-Y-B</kml:value>
</kml:Data>
<kml:Data name="pole_use"/>
<kml:Data name="fdr_on_pol">
<kml:value>1.0</kml:value>
</kml:Data>
<kml:Data name="pol_hght">
<kml:value>36</kml:value>
</kml:Data>
<kml:Data name="pole_type">
<kml:value>Steel Structure</kml:value>
</kml:Data>
<kml:Data name="eqp_type">
<kml:value>Transformer</kml:value>
</kml:Data>
<kml:Data name="eqp_number">
<kml:value>T-14150120364</kml:value>
</kml:Data>
<kml:Data name="eqp_unit"/>
<kml:Data name="eqp_size">
<kml:value>50</kml:value>
</kml:Data>
<kml:Data name="eqp_phase">
<kml:value>R-Y-B</kml:value>
</kml:Data>
<kml:Data name="eqp_use">
<kml:value>General Duty</kml:value>
</kml:Data>
<kml:Data name="eqp_status">
<kml:value>Connected</kml:value>
</kml:Data>
<kml:Data name="trafo_mke">
<kml:value>Power Link</kml:value>
</kml:Data>
<kml:Data name="consmr_nam">
<kml:value/>
</kml:Data>
<kml:Data name="trafo_loc">
<kml:value/>
</kml:Data>
<kml:Data name="trafo_mnt">
<kml:value>Single Pole</kml:value>
</kml:Data>
<kml:Data name="angle"/>
<kml:Data name="tap_pole"/>
<kml:Data name="end_type">
<kml:value/>
</kml:Data>
<kml:Data name="rs_con"/>
<kml:Data name="rs_con1">
<kml:value>0.0</kml:value>
</kml:Data>
<kml:Data name="rs_con3">
<kml:value>0.0</kml:value>
</kml:Data>
<kml:Data name="sc_con">
<kml:value>0.0</kml:value>
</kml:Data>
<kml:Data name="lc_con">
<kml:value>0.0</kml:value>
</kml:Data>
<kml:Data name="si_con">
<kml:value>0.0</kml:value>
</kml:Data>
<kml:Data name="li_con">
<kml:value>0.0</kml:value>
</kml:Data>
<kml:Data name="pb_con">
<kml:value>0.0</kml:value>
</kml:Data>
<kml:Data name="ag_con">
<kml:value>0.0</kml:value>
</kml:Data>
<kml:Data name="st_con">
<kml:value>0.0</kml:value>
</kml:Data>
<kml:Data name="remarks">
<kml:value/>
</kml:Data>
<kml:Data name="wo_id">
<kml:value>386</kml:value>
</kml:Data>
<kml:Data name="sequence"/>
</kml:ExtendedData>
<kml:Point>
<kml:coordinates>67.89484802393464,29.55483889527253</kml:coordinates>
</kml:Point>
</kml:Placemark>
<kml:Placemark id="equipment_materialized.420070">
<kml:ExtendedData>
<kml:Data name="section_id">
<kml:value>02001314150120365</kml:value>
</kml:Data>
<kml:Data name="feedercode">
<kml:value>020013</kml:value>
</kml:Data>
<kml:Data name="substation">
<kml:value>220 KV-SIBI</kml:value>
</kml:Data>
<kml:Data name="gps_no">
<kml:value>14150120365</kml:value>
</kml:Data>
<kml:Data name="s_e">
<kml:value>E</kml:value>
</kml:Data>
<kml:Data name="pole_phase">
<kml:value>R-Y-B</kml:value>
</kml:Data>
<kml:Data name="pole_use"/>
<kml:Data name="fdr_on_pol">
<kml:value>1.0</kml:value>
</kml:Data>
<kml:Data name="pol_hght">
<kml:value>36</kml:value>
</kml:Data>
<kml:Data name="pole_type">
<kml:value>Steel Structure</kml:value>
</kml:Data>
<kml:Data name="eqp_type">
<kml:value>Primary Pole</kml:value>
</kml:Data>
<kml:Data name="eqp_number">
<kml:value/>
</kml:Data>
<kml:Data name="eqp_unit"/>
<kml:Data name="eqp_size">
<kml:value/>
</kml:Data>
<kml:Data name="eqp_phase">
<kml:value/>
</kml:Data>
<kml:Data name="eqp_use"/>
<kml:Data name="eqp_status">
<kml:value/>
</kml:Data>
<kml:Data name="trafo_mke"/>
<kml:Data name="consmr_nam">
<kml:value/>
</kml:Data>
<kml:Data name="trafo_loc">
<kml:value/>
</kml:Data>
<kml:Data name="trafo_mnt"/>
<kml:Data name="angle"/>
<kml:Data name="tap_pole"/>
<kml:Data name="end_type">
<kml:value/>
</kml:Data>
<kml:Data name="rs_con"/>
<kml:Data name="rs_con1">
<kml:value>0.0</kml:value>
</kml:Data>
<kml:Data name="rs_con3">
<kml:value>0.0</kml:value>
</kml:Data>
<kml:Data name="sc_con">
<kml:value>0.0</kml:value>
</kml:Data>
<kml:Data name="lc_con">
<kml:value>0.0</kml:value>
</kml:Data>
<kml:Data name="si_con">
<kml:value>0.0</kml:value>
</kml:Data>
<kml:Data name="li_con">
<kml:value>0.0</kml:value>
</kml:Data>
<kml:Data name="pb_con">
<kml:value>0.0</kml:value>
</kml:Data>
<kml:Data name="ag_con">
<kml:value>0.0</kml:value>
</kml:Data>
<kml:Data name="st_con">
<kml:value>0.0</kml:value>
</kml:Data>
<kml:Data name="remarks">
<kml:value/>
</kml:Data>
<kml:Data name="wo_id">
<kml:value>386</kml:value>
</kml:Data>
<kml:Data name="sequence"/>
</kml:ExtendedData>
<kml:Point>
<kml:coordinates>67.89676000689064,29.554314861152903</kml:coordinates>
</kml:Point>
</kml:Placemark>
<kml:Placemark id="equipment_materialized.420072">
<kml:ExtendedData>
<kml:Data name="section_id">
<kml:value>02001314150120366</kml:value>
</kml:Data>
<kml:Data name="feedercode">
<kml:value>020013</kml:value>
</kml:Data>
<kml:Data name="substation">
<kml:value>220 KV-SIBI</kml:value>
</kml:Data>
<kml:Data name="gps_no">
<kml:value>14150120366</kml:value>
</kml:Data>
<kml:Data name="s_e">
<kml:value>E</kml:value>
</kml:Data>
<kml:Data name="pole_phase">
<kml:value>R-Y-B</kml:value>
</kml:Data>
<kml:Data name="pole_use"/>
<kml:Data name="fdr_on_pol">
<kml:value>1.0</kml:value>
</kml:Data>
<kml:Data name="pol_hght">
<kml:value>36</kml:value>
</kml:Data>
<kml:Data name="pole_type">
<kml:value>Steel Structure</kml:value>
</kml:Data>
<kml:Data name="eqp_type">
<kml:value>Transformer</kml:value>
</kml:Data>
<kml:Data name="eqp_number">
<kml:value>T-14150120366</kml:value>
</kml:Data>
<kml:Data name="eqp_unit"/>
<kml:Data name="eqp_size">
<kml:value>100</kml:value>
</kml:Data>
<kml:Data name="eqp_phase">
<kml:value>R-Y-B</kml:value>
</kml:Data>
<kml:Data name="eqp_use">
<kml:value>General Duty</kml:value>
</kml:Data>
<kml:Data name="eqp_status">
<kml:value>Connected</kml:value>
</kml:Data>
<kml:Data name="trafo_mke">
<kml:value>Transformer Power</kml:value>
</kml:Data>
<kml:Data name="consmr_nam">
<kml:value/>
</kml:Data>
<kml:Data name="trafo_loc">
<kml:value/>
</kml:Data>
<kml:Data name="trafo_mnt">
<kml:value>Single Pole</kml:value>
</kml:Data>
<kml:Data name="angle"/>
<kml:Data name="tap_pole"/>
<kml:Data name="end_type">
<kml:value/>
</kml:Data>
<kml:Data name="rs_con"/>
<kml:Data name="rs_con1">
<kml:value>0.0</kml:value>
</kml:Data>
<kml:Data name="rs_con3">
<kml:value>0.0</kml:value>
</kml:Data>
<kml:Data name="sc_con">
<kml:value>0.0</kml:value>
</kml:Data>
<kml:Data name="lc_con">
<kml:value>0.0</kml:value>
</kml:Data>
<kml:Data name="si_con">
<kml:value>0.0</kml:value>
</kml:Data>
<kml:Data name="li_con">
<kml:value>0.0</kml:value>
</kml:Data>
<kml:Data name="pb_con">
<kml:value>0.0</kml:value>
</kml:Data>
<kml:Data name="ag_con">
<kml:value>0.0</kml:value>
</kml:Data>
<kml:Data name="st_con">
<kml:value>0.0</kml:value>
</kml:Data>
<kml:Data name="remarks">
<kml:value/>
</kml:Data>
<kml:Data name="wo_id">
<kml:value>386</kml:value>
</kml:Data>
<kml:Data name="sequence"/>
</kml:ExtendedData>
<kml:Point>
<kml:coordinates>67.89676804659682,29.554296879213894</kml:coordinates>
</kml:Point>
</kml:Placemark>
<kml:Placemark id="equipment_materialized.420074">
<kml:ExtendedData>
<kml:Data name="section_id">
<kml:value>02001314150120367</kml:value>
</kml:Data>
<kml:Data name="feedercode">
<kml:value>020013</kml:value>
</kml:Data>
<kml:Data name="substation">
<kml:value>220 KV-SIBI</kml:value>
</kml:Data>
<kml:Data name="gps_no">
<kml:value>14150120367</kml:value>
</kml:Data>
<kml:Data name="s_e">
<kml:value>E</kml:value>
</kml:Data>
<kml:Data name="pole_phase">
<kml:value>R-Y-B</kml:value>
</kml:Data>
<kml:Data name="pole_use"/>
<kml:Data name="fdr_on_pol">
<kml:value>1.0</kml:value>
</kml:Data>
<kml:Data name="pol_hght">
<kml:value>36</kml:value>
</kml:Data>
<kml:Data name="pole_type">
<kml:value>Steel Structure</kml:value>
</kml:Data>
<kml:Data name="eqp_type">
<kml:value>Primary Pole</kml:value>
</kml:Data>
<kml:Data name="eqp_number">
<kml:value/>
</kml:Data>
<kml:Data name="eqp_unit"/>
<kml:Data name="eqp_size">
<kml:value/>
</kml:Data>
<kml:Data name="eqp_phase">
<kml:value/>
</kml:Data>
<kml:Data name="eqp_use"/>
<kml:Data name="eqp_status">
<kml:value/>
</kml:Data>
<kml:Data name="trafo_mke"/>
<kml:Data name="consmr_nam">
<kml:value/>
</kml:Data>
<kml:Data name="trafo_loc">
<kml:value/>
</kml:Data>
<kml:Data name="trafo_mnt"/>
<kml:Data name="angle"/>
<kml:Data name="tap_pole"/>
<kml:Data name="end_type">
<kml:value/>
</kml:Data>
<kml:Data name="rs_con"/>
<kml:Data name="rs_con1">
<kml:value>0.0</kml:value>
</kml:Data>
<kml:Data name="rs_con3">
<kml:value>0.0</kml:value>
</kml:Data>
<kml:Data name="sc_con">
<kml:value>0.0</kml:value>
</kml:Data>
<kml:Data name="lc_con">
<kml:value>0.0</kml:value>
</kml:Data>
<kml:Data name="si_con">
<kml:value>0.0</kml:value>
</kml:Data>
<kml:Data name="li_con">
<kml:value>0.0</kml:value>
</kml:Data>
<kml:Data name="pb_con">
<kml:value>0.0</kml:value>
</kml:Data>
<kml:Data name="ag_con">
<kml:value>0.0</kml:value>
</kml:Data>
<kml:Data name="st_con">
<kml:value>0.0</kml:value>
</kml:Data>
<kml:Data name="remarks">
<kml:value/>
</kml:Data>
<kml:Data name="wo_id">
<kml:value>386</kml:value>
</kml:Data>
<kml:Data name="sequence"/>
</kml:ExtendedData>
<kml:Point>
<kml:coordinates>67.8968469800519,29.554821849701593</kml:coordinates>
</kml:Point>
</kml:Placemark>
<kml:Placemark id="equipment_materialized.420076">
<kml:ExtendedData>
<kml:Data name="section_id">
<kml:value>02001314150120368</kml:value>
</kml:Data>
<kml:Data name="feedercode">
<kml:value>020013</kml:value>
</kml:Data>
<kml:Data name="substation">
<kml:value>220 KV-SIBI</kml:value>
</kml:Data>
<kml:Data name="gps_no">
<kml:value>14150120368</kml:value>
</kml:Data>
<kml:Data name="s_e">
<kml:value>E</kml:value>
</kml:Data>
<kml:Data name="pole_phase">
<kml:value>R-Y-B</kml:value>
</kml:Data>
<kml:Data name="pole_use"/>
<kml:Data name="fdr_on_pol">
<kml:value>1.0</kml:value>
</kml:Data>
<kml:Data name="pol_hght">
<kml:value>36</kml:value>
</kml:Data>
<kml:Data name="pole_type">
<kml:value>Steel Structure</kml:value>
</kml:Data>
<kml:Data name="eqp_type">
<kml:value>Transformer</kml:value>
</kml:Data>
<kml:Data name="eqp_number">
<kml:value>T-14150120368</kml:value>
</kml:Data>
<kml:Data name="eqp_unit"/>
<kml:Data name="eqp_size">
<kml:value>50</kml:value>
</kml:Data>
<kml:Data name="eqp_phase">
<kml:value>R-Y-B</kml:value>
</kml:Data>
<kml:Data name="eqp_use">
<kml:value>General Duty</kml:value>
</kml:Data>
<kml:Data name="eqp_status">
<kml:value>Connected</kml:value>
</kml:Data>
<kml:Data name="trafo_mke">
<kml:value>Sky Power</kml:value>
</kml:Data>
<kml:Data name="consmr_nam">
<kml:value/>
</kml:Data>
<kml:Data name="trafo_loc">
<kml:value/>
</kml:Data>
<kml:Data name="trafo_mnt">
<kml:value>Pad Mounted</kml:value>
</kml:Data>
<kml:Data name="angle"/>
<kml:Data name="tap_pole"/>
<kml:Data name="end_type">
<kml:value/>
</kml:Data>
<kml:Data name="rs_con"/>
<kml:Data name="rs_con1">
<kml:value>0.0</kml:value>
</kml:Data>
<kml:Data name="rs_con3">
<kml:value>0.0</kml:value>
</kml:Data>
<kml:Data name="sc_con">
<kml:value>0.0</kml:value>
</kml:Data>
<kml:Data name="lc_con">
<kml:value>0.0</kml:value>
</kml:Data>
<kml:Data name="si_con">
<kml:value>0.0</kml:value>
</kml:Data>
<kml:Data name="li_con">
<kml:value>0.0</kml:value>
</kml:Data>
<kml:Data name="pb_con">
<kml:value>0.0</kml:value>
</kml:Data>
<kml:Data name="ag_con">
<kml:value>0.0</kml:value>
</kml:Data>
<kml:Data name="st_con">
<kml:value>0.0</kml:value>
</kml:Data>
<kml:Data name="remarks">
<kml:value/>
</kml:Data>
<kml:Data name="wo_id">
<kml:value>386</kml:value>
</kml:Data>
<kml:Data name="sequence"/>
</kml:ExtendedData>
<kml:Point>
<kml:coordinates>67.8968430356649,29.55482389254697</kml:coordinates>
</kml:Point>
</kml:Placemark>
<kml:Placemark id="equipment_materialized.420078">
<kml:ExtendedData>
<kml:Data name="section_id">
<kml:value>02001314150120370</kml:value>
</kml:Data>
<kml:Data name="feedercode">
<kml:value>020013</kml:value>
</kml:Data>
<kml:Data name="substation">
<kml:value>220 KV-SIBI</kml:value>
</kml:Data>
<kml:Data name="gps_no">
<kml:value>14150120369</kml:value>
</kml:Data>
<kml:Data name="s_e">
<kml:value/>
</kml:Data>
<kml:Data name="pole_phase">
<kml:value>R-Y-B</kml:value>
</kml:Data>
<kml:Data name="pole_use"/>
<kml:Data name="fdr_on_pol">
<kml:value>1.0</kml:value>
</kml:Data>
<kml:Data name="pol_hght">
<kml:value>36</kml:value>
</kml:Data>
<kml:Data name="pole_type">
<kml:value>Steel Structure</kml:value>
</kml:Data>
<kml:Data name="eqp_type">
<kml:value>Primary Pole</kml:value>
</kml:Data>
<kml:Data name="eqp_number">
<kml:value/>
</kml:Data>
<kml:Data name="eqp_unit"/>
<kml:Data name="eqp_size">
<kml:value/>
</kml:Data>
<kml:Data name="eqp_phase">
<kml:value/>
</kml:Data>
<kml:Data name="eqp_use"/>
<kml:Data name="eqp_status">
<kml:value/>
</kml:Data>
<kml:Data name="trafo_mke"/>
<kml:Data name="consmr_nam">
<kml:value/>
</kml:Data>
<kml:Data name="trafo_loc">
<kml:value/>
</kml:Data>
<kml:Data name="trafo_mnt"/>
<kml:Data name="angle"/>
<kml:Data name="tap_pole"/>
<kml:Data name="end_type">
<kml:value/>
</kml:Data>
<kml:Data name="rs_con"/>
<kml:Data name="rs_con1">
<kml:value>0.0</kml:value>
</kml:Data>
<kml:Data name="rs_con3">
<kml:value>0.0</kml:value>
</kml:Data>
<kml:Data name="sc_con">
<kml:value>0.0</kml:value>
</kml:Data>
<kml:Data name="lc_con">
<kml:value>0.0</kml:value>
</kml:Data>
<kml:Data name="si_con">
<kml:value>0.0</kml:value>
</kml:Data>
<kml:Data name="li_con">
<kml:value>0.0</kml:value>
</kml:Data>
<kml:Data name="pb_con">
<kml:value>0.0</kml:value>
</kml:Data>
<kml:Data name="ag_con">
<kml:value>0.0</kml:value>
</kml:Data>
<kml:Data name="st_con">
<kml:value>0.0</kml:value>
</kml:Data>
<kml:Data name="remarks">
<kml:value/>
</kml:Data>
<kml:Data name="wo_id">
<kml:value>386</kml:value>
</kml:Data>
<kml:Data name="sequence">
<kml:value>0</kml:value>
</kml:Data>
</kml:ExtendedData>
<kml:Point>
<kml:coordinates>67.89698603524627,29.55565586198232</kml:coordinates>
</kml:Point>
</kml:Placemark>
<kml:Placemark id="equipment_materialized.420079">
<kml:ExtendedData>
<kml:Data name="section_id">
<kml:value>02001314150120370</kml:value>
</kml:Data>
<kml:Data name="feedercode">
<kml:value>020013</kml:value>
</kml:Data>
<kml:Data name="substation">
<kml:value>220 KV-SIBI</kml:value>
</kml:Data>
<kml:Data name="gps_no">
<kml:value>14150120370</kml:value>
</kml:Data>
<kml:Data name="s_e">
<kml:value>E</kml:value>
</kml:Data>
<kml:Data name="pole_phase">
<kml:value>R-Y-B</kml:value>
</kml:Data>
<kml:Data name="pole_use"/>
<kml:Data name="fdr_on_pol">
<kml:value>1.0</kml:value>
</kml:Data>
<kml:Data name="pol_hght">
<kml:value>36</kml:value>
</kml:Data>
<kml:Data name="pole_type">
<kml:value>Steel Structure</kml:value>
</kml:Data>
<kml:Data name="eqp_type">
<kml:value>Primary Pole</kml:value>
</kml:Data>
<kml:Data name="eqp_number">
<kml:value/>
</kml:Data>
<kml:Data name="eqp_unit"/>
<kml:Data name="eqp_size">
<kml:value/>
</kml:Data>
<kml:Data name="eqp_phase">
<kml:value/>
</kml:Data>
<kml:Data name="eqp_use"/>
<kml:Data name="eqp_status">
<kml:value/>
</kml:Data>
<kml:Data name="trafo_mke"/>
<kml:Data name="consmr_nam">
<kml:value/>
</kml:Data>
<kml:Data name="trafo_loc">
<kml:value/>
</kml:Data>
<kml:Data name="trafo_mnt"/>
<kml:Data name="angle"/>
<kml:Data name="tap_pole"/>
<kml:Data name="end_type">
<kml:value/>
</kml:Data>
<kml:Data name="rs_con"/>
<kml:Data name="rs_con1">
<kml:value>0.0</kml:value>
</kml:Data>
<kml:Data name="rs_con3">
<kml:value>0.0</kml:value>
</kml:Data>
<kml:Data name="sc_con">
<kml:value>0.0</kml:value>
</kml:Data>
<kml:Data name="lc_con">
<kml:value>0.0</kml:value>
</kml:Data>
<kml:Data name="si_con">
<kml:value>0.0</kml:value>
</kml:Data>
<kml:Data name="li_con">
<kml:value>0.0</kml:value>
</kml:Data>
<kml:Data name="pb_con">
<kml:value>0.0</kml:value>
</kml:Data>
<kml:Data name="ag_con">
<kml:value>0.0</kml:value>
</kml:Data>
<kml:Data name="st_con">
<kml:value>0.0</kml:value>
</kml:Data>
<kml:Data name="remarks">
<kml:value/>
</kml:Data>
<kml:Data name="wo_id">
<kml:value>386</kml:value>
</kml:Data>
<kml:Data name="sequence"/>
</kml:ExtendedData>
<kml:Point>
<kml:coordinates>67.8971910433491,29.556518848332523</kml:coordinates>
</kml:Point>
</kml:Placemark>
<kml:Placemark id="equipment_materialized.420081">
<kml:ExtendedData>
<kml:Data name="section_id">
<kml:value>02001314150120371</kml:value>
</kml:Data>
<kml:Data name="feedercode">
<kml:value>020013</kml:value>
</kml:Data>
<kml:Data name="substation">
<kml:value>220 KV-SIBI</kml:value>
</kml:Data>
<kml:Data name="gps_no">
<kml:value>14150120371</kml:value>
</kml:Data>
<kml:Data name="s_e">
<kml:value>E</kml:value>
</kml:Data>
<kml:Data name="pole_phase">
<kml:value>R-Y-B</kml:value>
</kml:Data>
<kml:Data name="pole_use"/>
<kml:Data name="fdr_on_pol">
<kml:value>1.0</kml:value>
</kml:Data>
<kml:Data name="pol_hght">
<kml:value>36</kml:value>
</kml:Data>
<kml:Data name="pole_type">
<kml:value>Steel Structure</kml:value>
</kml:Data>
<kml:Data name="eqp_type">
<kml:value>Transformer</kml:value>
</kml:Data>
<kml:Data name="eqp_number">
<kml:value>T-14150120371</kml:value>
</kml:Data>
<kml:Data name="eqp_unit"/>
<kml:Data name="eqp_size">
<kml:value>50</kml:value>
</kml:Data>
<kml:Data name="eqp_phase">
<kml:value>R-Y-B</kml:value>
</kml:Data>
<kml:Data name="eqp_use">
<kml:value>General Duty</kml:value>
</kml:Data>
<kml:Data name="eqp_status">
<kml:value>Connected</kml:value>
</kml:Data>
<kml:Data name="trafo_mke">
<kml:value>Siemens</kml:value>
</kml:Data>
<kml:Data name="consmr_nam">
<kml:value/>
</kml:Data>
<kml:Data name="trafo_loc">
<kml:value/>
</kml:Data>
<kml:Data name="trafo_mnt">
<kml:value>Single Pole</kml:value>
</kml:Data>
<kml:Data name="angle"/>
<kml:Data name="tap_pole"/>
<kml:Data name="end_type">
<kml:value/>
</kml:Data>
<kml:Data name="rs_con"/>
<kml:Data name="rs_con1">
<kml:value>0.0</kml:value>
</kml:Data>
<kml:Data name="rs_con3">
<kml:value>0.0</kml:value>
</kml:Data>
<kml:Data name="sc_con">
<kml:value>0.0</kml:value>
</kml:Data>
<kml:Data name="lc_con">
<kml:value>0.0</kml:value>
</kml:Data>
<kml:Data name="si_con">
<kml:value>0.0</kml:value>
</kml:Data>
<kml:Data name="li_con">
<kml:value>0.0</kml:value>
</kml:Data>
<kml:Data name="pb_con">
<kml:value>0.0</kml:value>
</kml:Data>
<kml:Data name="ag_con">
<kml:value>0.0</kml:value>
</kml:Data>
<kml:Data name="st_con">
<kml:value>0.0</kml:value>
</kml:Data>
<kml:Data name="remarks">
<kml:value/>
</kml:Data>
<kml:Data name="wo_id">
<kml:value>386</kml:value>
</kml:Data>
<kml:Data name="sequence"/>
</kml:ExtendedData>
<kml:Point>
<kml:coordinates>67.8971859799693,29.556509872186965</kml:coordinates>
</kml:Point>
</kml:Placemark>
<kml:Placemark id="equipment_materialized.420083">
<kml:ExtendedData>
<kml:Data name="section_id">
<kml:value>02001314150120378</kml:value>
</kml:Data>
<kml:Data name="feedercode">
<kml:value>020013</kml:value>
</kml:Data>
<kml:Data name="substation">
<kml:value>220 KV-SIBI</kml:value>
</kml:Data>
<kml:Data name="gps_no">
<kml:value>14150120372</kml:value>
</kml:Data>
<kml:Data name="s_e">
<kml:value/>
</kml:Data>
<kml:Data name="pole_phase">
<kml:value>R-Y-B</kml:value>
</kml:Data>
<kml:Data name="pole_use"/>
<kml:Data name="fdr_on_pol">
<kml:value>1.0</kml:value>
</kml:Data>
<kml:Data name="pol_hght">
<kml:value>36</kml:value>
</kml:Data>
<kml:Data name="pole_type">
<kml:value>Steel Structure</kml:value>
</kml:Data>
<kml:Data name="eqp_type">
<kml:value>Primary Pole</kml:value>
</kml:Data>
<kml:Data name="eqp_number">
<kml:value/>
</kml:Data>
<kml:Data name="eqp_unit"/>
<kml:Data name="eqp_size">
<kml:value/>
</kml:Data>
<kml:Data name="eqp_phase">
<kml:value/>
</kml:Data>
<kml:Data name="eqp_use"/>
<kml:Data name="eqp_status">
<kml:value/>
</kml:Data>
<kml:Data name="trafo_mke"/>
<kml:Data name="consmr_nam">
<kml:value/>
</kml:Data>
<kml:Data name="trafo_loc">
<kml:value/>
</kml:Data>
<kml:Data name="trafo_mnt"/>
<kml:Data name="angle"/>
<kml:Data name="tap_pole"/>
<kml:Data name="end_type">
<kml:value/>
</kml:Data>
<kml:Data name="rs_con"/>
<kml:Data name="rs_con1">
<kml:value>0.0</kml:value>
</kml:Data>
<kml:Data name="rs_con3">
<kml:value>0.0</kml:value>
</kml:Data>
<kml:Data name="sc_con">
<kml:value>0.0</kml:value>
</kml:Data>
<kml:Data name="lc_con">
<kml:value>0.0</kml:value>
</kml:Data>
<kml:Data name="si_con">
<kml:value>0.0</kml:value>
</kml:Data>
<kml:Data name="li_con">
<kml:value>0.0</kml:value>
</kml:Data>
<kml:Data name="pb_con">
<kml:value>0.0</kml:value>
</kml:Data>
<kml:Data name="ag_con">
<kml:value>0.0</kml:value>
</kml:Data>
<kml:Data name="st_con">
<kml:value>0.0</kml:value>
</kml:Data>
<kml:Data name="remarks">
<kml:value/>
</kml:Data>
<kml:Data name="wo_id">
<kml:value>386</kml:value>
</kml:Data>
<kml:Data name="sequence">
<kml:value>0</kml:value>
</kml:Data>
</kml:ExtendedData>
<kml:Point>
<kml:coordinates>67.89738495582685,29.557367844716218</kml:coordinates>
</kml:Point>
</kml:Placemark>
<kml:Placemark id="equipment_materialized.420084">
<kml:ExtendedData>
<kml:Data name="section_id">
<kml:value>02001314150120378</kml:value>
</kml:Data>
<kml:Data name="feedercode">
<kml:value>020013</kml:value>
</kml:Data>
<kml:Data name="substation">
<kml:value>220 KV-SIBI</kml:value>
</kml:Data>
<kml:Data name="gps_no">
<kml:value>14150120373</kml:value>
</kml:Data>
<kml:Data name="s_e">
<kml:value/>
</kml:Data>
<kml:Data name="pole_phase">
<kml:value>R-Y-B</kml:value>
</kml:Data>
<kml:Data name="pole_use"/>
<kml:Data name="fdr_on_pol">
<kml:value>1.0</kml:value>
</kml:Data>
<kml:Data name="pol_hght">
<kml:value>36</kml:value>
</kml:Data>
<kml:Data name="pole_type">
<kml:value>Steel Structure</kml:value>
</kml:Data>
<kml:Data name="eqp_type">
<kml:value>Primary Pole</kml:value>
</kml:Data>
<kml:Data name="eqp_number">
<kml:value/>
</kml:Data>
<kml:Data name="eqp_unit"/>
<kml:Data name="eqp_size">
<kml:value/>
</kml:Data>
<kml:Data name="eqp_phase">
<kml:value/>
</kml:Data>
<kml:Data name="eqp_use"/>
<kml:Data name="eqp_status">
<kml:value/>
</kml:Data>
<kml:Data name="trafo_mke"/>
<kml:Data name="consmr_nam">
<kml:value/>
</kml:Data>
<kml:Data name="trafo_loc">
<kml:value/>
</kml:Data>
<kml:Data name="trafo_mnt"/>
<kml:Data name="angle"/>
<kml:Data name="tap_pole"/>
<kml:Data name="end_type">
<kml:value/>
</kml:Data>
<kml:Data name="rs_con"/>
<kml:Data name="rs_con1">
<kml:value>0.0</kml:value>
</kml:Data>
<kml:Data name="rs_con3">
<kml:value>0.0</kml:value>
</kml:Data>
<kml:Data name="sc_con">
<kml:value>0.0</kml:value>
</kml:Data>
<kml:Data name="lc_con">
<kml:value>0.0</kml:value>
</kml:Data>
<kml:Data name="si_con">
<kml:value>0.0</kml:value>
</kml:Data>
<kml:Data name="li_con">
<kml:value>0.0</kml:value>
</kml:Data>
<kml:Data name="pb_con">
<kml:value>0.0</kml:value>
</kml:Data>
<kml:Data name="ag_con">
<kml:value>0.0</kml:value>
</kml:Data>
<kml:Data name="st_con">
<kml:value>0.0</kml:value>
</kml:Data>
<kml:Data name="remarks">
<kml:value/>
</kml:Data>
<kml:Data name="wo_id">
<kml:value>386</kml:value>
</kml:Data>
<kml:Data name="sequence">
<kml:value>1</kml:value>
</kml:Data>
</kml:ExtendedData>
<kml:Point>
<kml:coordinates>67.89749497023946,29.55826289056395</kml:coordinates>
</kml:Point>
</kml:Placemark>
<kml:Placemark id="equipment_materialized.420085">
<kml:ExtendedData>
<kml:Data name="section_id">
<kml:value>02001314150120378</kml:value>
</kml:Data>
<kml:Data name="feedercode">
<kml:value>020013</kml:value>
</kml:Data>
<kml:Data name="substation">
<kml:value>220 KV-SIBI</kml:value>
</kml:Data>
<kml:Data name="gps_no">
<kml:value>14150120374</kml:value>
</kml:Data>
<kml:Data name="s_e">
<kml:value/>
</kml:Data>
<kml:Data name="pole_phase">
<kml:value>R-Y-B</kml:value>
</kml:Data>
<kml:Data name="pole_use"/>
<kml:Data name="fdr_on_pol">
<kml:value>1.0</kml:value>
</kml:Data>
<kml:Data name="pol_hght">
<kml:value>36</kml:value>
</kml:Data>
<kml:Data name="pole_type">
<kml:value>Steel Structure</kml:value>
</kml:Data>
<kml:Data name="eqp_type">
<kml:value>Primary Pole</kml:value>
</kml:Data>
<kml:Data name="eqp_number">
<kml:value/>
</kml:Data>
<kml:Data name="eqp_unit"/>
<kml:Data name="eqp_size">
<kml:value/>
</kml:Data>
<kml:Data name="eqp_phase">
<kml:value/>
</kml:Data>
<kml:Data name="eqp_use"/>
<kml:Data name="eqp_status">
<kml:value/>
</kml:Data>
<kml:Data name="trafo_mke"/>
<kml:Data name="consmr_nam">
<kml:value/>
</kml:Data>
<kml:Data name="trafo_loc">
<kml:value/>
</kml:Data>
<kml:Data name="trafo_mnt"/>
<kml:Data name="angle"/>
<kml:Data name="tap_pole"/>
<kml:Data name="end_type">
<kml:value/>
</kml:Data>
<kml:Data name="rs_con"/>
<kml:Data name="rs_con1">
<kml:value>0.0</kml:value>
</kml:Data>
<kml:Data name="rs_con3">
<kml:value>0.0</kml:value>
</kml:Data>
<kml:Data name="sc_con">
<kml:value>0.0</kml:value>
</kml:Data>
<kml:Data name="lc_con">
<kml:value>0.0</kml:value>
</kml:Data>
<kml:Data name="si_con">
<kml:value>0.0</kml:value>
</kml:Data>
<kml:Data name="li_con">
<kml:value>0.0</kml:value>
</kml:Data>
<kml:Data name="pb_con">
<kml:value>0.0</kml:value>
</kml:Data>
<kml:Data name="ag_con">
<kml:value>0.0</kml:value>
</kml:Data>
<kml:Data name="st_con">
<kml:value>0.0</kml:value>
</kml:Data>
<kml:Data name="remarks">
<kml:value/>
</kml:Data>
<kml:Data name="wo_id">
<kml:value>386</kml:value>
</kml:Data>
<kml:Data name="sequence">
<kml:value>2</kml:value>
</kml:Data>
</kml:ExtendedData>
<kml:Point>
<kml:coordinates>67.89771901699757,29.55903687339345</kml:coordinates>
</kml:Point>
</kml:Placemark>
<kml:Placemark id="equipment_materialized.420086">
<kml:ExtendedData>
<kml:Data name="section_id">
<kml:value>02001314150120378</kml:value>
</kml:Data>
<kml:Data name="feedercode">
<kml:value>020013</kml:value>
</kml:Data>
<kml:Data name="substation">
<kml:value>220 KV-SIBI</kml:value>
</kml:Data>
<kml:Data name="gps_no">
<kml:value>14150120375</kml:value>
</kml:Data>
<kml:Data name="s_e">
<kml:value/>
</kml:Data>
<kml:Data name="pole_phase">
<kml:value>R-Y-B</kml:value>
</kml:Data>
<kml:Data name="pole_use"/>
<kml:Data name="fdr_on_pol">
<kml:value>1.0</kml:value>
</kml:Data>
<kml:Data name="pol_hght">
<kml:value>36</kml:value>
</kml:Data>
<kml:Data name="pole_type">
<kml:value>Steel Structure</kml:value>
</kml:Data>
<kml:Data name="eqp_type">
<kml:value>Primary Pole</kml:value>
</kml:Data>
<kml:Data name="eqp_number">
<kml:value/>
</kml:Data>
<kml:Data name="eqp_unit"/>
<kml:Data name="eqp_size">
<kml:value/>
</kml:Data>
<kml:Data name="eqp_phase">
<kml:value/>
</kml:Data>
<kml:Data name="eqp_use"/>
<kml:Data name="eqp_status">
<kml:value/>
</kml:Data>
<kml:Data name="trafo_mke"/>
<kml:Data name="consmr_nam">
<kml:value/>
</kml:Data>
<kml:Data name="trafo_loc">
<kml:value/>
</kml:Data>
<kml:Data name="trafo_mnt"/>
<kml:Data name="angle"/>
<kml:Data name="tap_pole"/>
<kml:Data name="end_type">
<kml:value/>
</kml:Data>
<kml:Data name="rs_con"/>
<kml:Data name="rs_con1">
<kml:value>0.0</kml:value>
</kml:Data>
<kml:Data name="rs_con3">
<kml:value>0.0</kml:value>
</kml:Data>
<kml:Data name="sc_con">
<kml:value>0.0</kml:value>
</kml:Data>
<kml:Data name="lc_con">
<kml:value>0.0</kml:value>
</kml:Data>
<kml:Data name="si_con">
<kml:value>0.0</kml:value>
</kml:Data>
<kml:Data name="li_con">
<kml:value>0.0</kml:value>
</kml:Data>
<kml:Data name="pb_con">
<kml:value>0.0</kml:value>
</kml:Data>
<kml:Data name="ag_con">
<kml:value>0.0</kml:value>
</kml:Data>
<kml:Data name="st_con">
<kml:value>0.0</kml:value>
</kml:Data>
<kml:Data name="remarks">
<kml:value/>
</kml:Data>
<kml:Data name="wo_id">
<kml:value>386</kml:value>
</kml:Data>
<kml:Data name="sequence">
<kml:value>3</kml:value>
</kml:Data>
</kml:ExtendedData>
<kml:Point>
<kml:coordinates>67.89787100269805,29.559859891822853</kml:coordinates>
</kml:Point>
</kml:Placemark>
<kml:Placemark id="equipment_materialized.420087">
<kml:ExtendedData>
<kml:Data name="section_id">
<kml:value>02001314150120378</kml:value>
</kml:Data>
<kml:Data name="feedercode">
<kml:value>020013</kml:value>
</kml:Data>
<kml:Data name="substation">
<kml:value>220 KV-SIBI</kml:value>
</kml:Data>
<kml:Data name="gps_no">
<kml:value>14150120376</kml:value>
</kml:Data>
<kml:Data name="s_e">
<kml:value/>
</kml:Data>
<kml:Data name="pole_phase">
<kml:value>R-Y-B</kml:value>
</kml:Data>
<kml:Data name="pole_use"/>
<kml:Data name="fdr_on_pol">
<kml:value>1.0</kml:value>
</kml:Data>
<kml:Data name="pol_hght">
<kml:value>36</kml:value>
</kml:Data>
<kml:Data name="pole_type">
<kml:value>Steel Structure</kml:value>
</kml:Data>
<kml:Data name="eqp_type">
<kml:value>Primary Pole</kml:value>
</kml:Data>
<kml:Data name="eqp_number">
<kml:value/>
</kml:Data>
<kml:Data name="eqp_unit"/>
<kml:Data name="eqp_size">
<kml:value/>
</kml:Data>
<kml:Data name="eqp_phase">
<kml:value/>
</kml:Data>
<kml:Data name="eqp_use"/>
<kml:Data name="eqp_status">
<kml:value/>
</kml:Data>
<kml:Data name="trafo_mke"/>
<kml:Data name="consmr_nam">
<kml:value/>
</kml:Data>
<kml:Data name="trafo_loc">
<kml:value/>
</kml:Data>
<kml:Data name="trafo_mnt"/>
<kml:Data name="angle"/>
<kml:Data name="tap_pole"/>
<kml:Data name="end_type">
<kml:value/>
</kml:Data>
<kml:Data name="rs_con"/>
<kml:Data name="rs_con1">
<kml:value>0.0</kml:value>
</kml:Data>
<kml:Data name="rs_con3">
<kml:value>0.0</kml:value>
</kml:Data>
<kml:Data name="sc_con">
<kml:value>0.0</kml:value>
</kml:Data>
<kml:Data name="lc_con">
<kml:value>0.0</kml:value>
</kml:Data>
<kml:Data name="si_con">
<kml:value>0.0</kml:value>
</kml:Data>
<kml:Data name="li_con">
<kml:value>0.0</kml:value>
</kml:Data>
<kml:Data name="pb_con">
<kml:value>0.0</kml:value>
</kml:Data>
<kml:Data name="ag_con">
<kml:value>0.0</kml:value>
</kml:Data>
<kml:Data name="st_con">
<kml:value>0.0</kml:value>
</kml:Data>
<kml:Data name="remarks">
<kml:value/>
</kml:Data>
<kml:Data name="wo_id">
<kml:value>386</kml:value>
</kml:Data>
<kml:Data name="sequence">
<kml:value>4</kml:value>
</kml:Data>
</kml:ExtendedData>
<kml:Point>
<kml:coordinates>67.89802099654837,29.560666920402003</kml:coordinates>
</kml:Point>
</kml:Placemark>
<kml:Placemark id="equipment_materialized.420088">
<kml:ExtendedData>
<kml:Data name="section_id">
<kml:value>02001314150120378</kml:value>
</kml:Data>
<kml:Data name="feedercode">
<kml:value>020013</kml:value>
</kml:Data>
<kml:Data name="substation">
<kml:value>220 KV-SIBI</kml:value>
</kml:Data>
<kml:Data name="gps_no">
<kml:value>14150120377</kml:value>
</kml:Data>
<kml:Data name="s_e">
<kml:value/>
</kml:Data>
<kml:Data name="pole_phase">
<kml:value>R-Y-B</kml:value>
</kml:Data>
<kml:Data name="pole_use"/>
<kml:Data name="fdr_on_pol">
<kml:value>1.0</kml:value>
</kml:Data>
<kml:Data name="pol_hght">
<kml:value>36</kml:value>
</kml:Data>
<kml:Data name="pole_type">
<kml:value>Steel Structure</kml:value>
</kml:Data>
<kml:Data name="eqp_type">
<kml:value>Primary Pole</kml:value>
</kml:Data>
<kml:Data name="eqp_number">
<kml:value/>
</kml:Data>
<kml:Data name="eqp_unit"/>
<kml:Data name="eqp_size">
<kml:value/>
</kml:Data>
<kml:Data name="eqp_phase">
<kml:value/>
</kml:Data>
<kml:Data name="eqp_use"/>
<kml:Data name="eqp_status">
<kml:value/>
</kml:Data>
<kml:Data name="trafo_mke"/>
<kml:Data name="consmr_nam">
<kml:value/>
</kml:Data>
<kml:Data name="trafo_loc">
<kml:value/>
</kml:Data>
<kml:Data name="trafo_mnt"/>
<kml:Data name="angle"/>
<kml:Data name="tap_pole"/>
<kml:Data name="end_type">
<kml:value/>
</kml:Data>
<kml:Data name="rs_con"/>
<kml:Data name="rs_con1">
<kml:value>0.0</kml:value>
</kml:Data>
<kml:Data name="rs_con3">
<kml:value>0.0</kml:value>
</kml:Data>
<kml:Data name="sc_con">
<kml:value>0.0</kml:value>
</kml:Data>
<kml:Data name="lc_con">
<kml:value>0.0</kml:value>
</kml:Data>
<kml:Data name="si_con">
<kml:value>0.0</kml:value>
</kml:Data>
<kml:Data name="li_con">
<kml:value>0.0</kml:value>
</kml:Data>
<kml:Data name="pb_con">
<kml:value>0.0</kml:value>
</kml:Data>
<kml:Data name="ag_con">
<kml:value>0.0</kml:value>
</kml:Data>
<kml:Data name="st_con">
<kml:value>0.0</kml:value>
</kml:Data>
<kml:Data name="remarks">
<kml:value/>
</kml:Data>
<kml:Data name="wo_id">
<kml:value>386</kml:value>
</kml:Data>
<kml:Data name="sequence">
<kml:value>5</kml:value>
</kml:Data>
</kml:ExtendedData>
<kml:Point>
<kml:coordinates>67.89817002110341,29.56151590393228</kml:coordinates>
</kml:Point>
</kml:Placemark>
<kml:Placemark id="equipment_materialized.420089">
<kml:ExtendedData>
<kml:Data name="section_id">
<kml:value>02001314150120378</kml:value>
</kml:Data>
<kml:Data name="feedercode">
<kml:value>020013</kml:value>
</kml:Data>
<kml:Data name="substation">
<kml:value>220 KV-SIBI</kml:value>
</kml:Data>
<kml:Data name="gps_no">
<kml:value>14150120378</kml:value>
</kml:Data>
<kml:Data name="s_e">
<kml:value>E</kml:value>
</kml:Data>
<kml:Data name="pole_phase">
<kml:value>R-Y-B</kml:value>
</kml:Data>
<kml:Data name="pole_use"/>
<kml:Data name="fdr_on_pol">
<kml:value>1.0</kml:value>
</kml:Data>
<kml:Data name="pol_hght">
<kml:value>36</kml:value>
</kml:Data>
<kml:Data name="pole_type">
<kml:value>Steel Structure</kml:value>
</kml:Data>
<kml:Data name="eqp_type">
<kml:value>Primary Pole</kml:value>
</kml:Data>
<kml:Data name="eqp_number">
<kml:value/>
</kml:Data>
<kml:Data name="eqp_unit"/>
<kml:Data name="eqp_size">
<kml:value/>
</kml:Data>
<kml:Data name="eqp_phase">
<kml:value/>
</kml:Data>
<kml:Data name="eqp_use"/>
<kml:Data name="eqp_status">
<kml:value/>
</kml:Data>
<kml:Data name="trafo_mke"/>
<kml:Data name="consmr_nam">
<kml:value/>
</kml:Data>
<kml:Data name="trafo_loc">
<kml:value/>
</kml:Data>
<kml:Data name="trafo_mnt"/>
<kml:Data name="angle"/>
<kml:Data name="tap_pole"/>
<kml:Data name="end_type">
<kml:value>SDE</kml:value>
</kml:Data>
<kml:Data name="rs_con"/>
<kml:Data name="rs_con1">
<kml:value>0.0</kml:value>
</kml:Data>
<kml:Data name="rs_con3">
<kml:value>0.0</kml:value>
</kml:Data>
<kml:Data name="sc_con">
<kml:value>0.0</kml:value>
</kml:Data>
<kml:Data name="lc_con">
<kml:value>0.0</kml:value>
</kml:Data>
<kml:Data name="si_con">
<kml:value>0.0</kml:value>
</kml:Data>
<kml:Data name="li_con">
<kml:value>0.0</kml:value>
</kml:Data>
<kml:Data name="pb_con">
<kml:value>0.0</kml:value>
</kml:Data>
<kml:Data name="ag_con">
<kml:value>0.0</kml:value>
</kml:Data>
<kml:Data name="st_con">
<kml:value>0.0</kml:value>
</kml:Data>
<kml:Data name="remarks">
<kml:value/>
</kml:Data>
<kml:Data name="wo_id">
<kml:value>386</kml:value>
</kml:Data>
<kml:Data name="sequence"/>
</kml:ExtendedData>
<kml:Point>
<kml:coordinates>67.8983600338939,29.562392841711112</kml:coordinates>
</kml:Point>
</kml:Placemark>
<kml:Placemark id="equipment_materialized.420091">
<kml:ExtendedData>
<kml:Data name="section_id">
<kml:value>02001314150120379</kml:value>
</kml:Data>
<kml:Data name="feedercode">
<kml:value>020013</kml:value>
</kml:Data>
<kml:Data name="substation">
<kml:value>220 KV-SIBI</kml:value>
</kml:Data>
<kml:Data name="gps_no">
<kml:value>14150120379</kml:value>
</kml:Data>
<kml:Data name="s_e">
<kml:value>E</kml:value>
</kml:Data>
<kml:Data name="pole_phase">
<kml:value>R-Y-B</kml:value>
</kml:Data>
<kml:Data name="pole_use"/>
<kml:Data name="fdr_on_pol">
<kml:value>1.0</kml:value>
</kml:Data>
<kml:Data name="pol_hght">
<kml:value>36</kml:value>
</kml:Data>
<kml:Data name="pole_type">
<kml:value>Steel Structure</kml:value>
</kml:Data>
<kml:Data name="eqp_type">
<kml:value>Transformer</kml:value>
</kml:Data>
<kml:Data name="eqp_number">
<kml:value>T-14150120379</kml:value>
</kml:Data>
<kml:Data name="eqp_unit"/>
<kml:Data name="eqp_size">
<kml:value>25</kml:value>
</kml:Data>
<kml:Data name="eqp_phase">
<kml:value>R-Y-B</kml:value>
</kml:Data>
<kml:Data name="eqp_use">
<kml:value>General Duty</kml:value>
</kml:Data>
<kml:Data name="eqp_status">
<kml:value>Connected</kml:value>
</kml:Data>
<kml:Data name="trafo_mke">
<kml:value>Siemens</kml:value>
</kml:Data>
<kml:Data name="consmr_nam">
<kml:value/>
</kml:Data>
<kml:Data name="trafo_loc">
<kml:value/>
</kml:Data>
<kml:Data name="trafo_mnt">
<kml:value>Single Pole</kml:value>
</kml:Data>
<kml:Data name="angle"/>
<kml:Data name="tap_pole"/>
<kml:Data name="end_type">
<kml:value/>
</kml:Data>
<kml:Data name="rs_con"/>
<kml:Data name="rs_con1">
<kml:value>0.0</kml:value>
</kml:Data>
<kml:Data name="rs_con3">
<kml:value>0.0</kml:value>
</kml:Data>
<kml:Data name="sc_con">
<kml:value>0.0</kml:value>
</kml:Data>
<kml:Data name="lc_con">
<kml:value>0.0</kml:value>
</kml:Data>
<kml:Data name="si_con">
<kml:value>0.0</kml:value>
</kml:Data>
<kml:Data name="li_con">
<kml:value>0.0</kml:value>
</kml:Data>
<kml:Data name="pb_con">
<kml:value>0.0</kml:value>
</kml:Data>
<kml:Data name="ag_con">
<kml:value>0.0</kml:value>
</kml:Data>
<kml:Data name="st_con">
<kml:value>0.0</kml:value>
</kml:Data>
<kml:Data name="remarks">
<kml:value/>
</kml:Data>
<kml:Data name="wo_id">
<kml:value>386</kml:value>
</kml:Data>
<kml:Data name="sequence"/>
</kml:ExtendedData>
<kml:Point>
<kml:coordinates>67.89836002841363,29.562402858689946</kml:coordinates>
</kml:Point>
</kml:Placemark>
<kml:Placemark id="equipment_materialized.420093">
<kml:ExtendedData>
<kml:Data name="section_id">
<kml:value>02001314150120380</kml:value>
</kml:Data>
<kml:Data name="feedercode">
<kml:value>020013</kml:value>
</kml:Data>
<kml:Data name="substation">
<kml:value>220 KV-SIBI</kml:value>
</kml:Data>
<kml:Data name="gps_no">
<kml:value>14150120380</kml:value>
</kml:Data>
<kml:Data name="s_e">
<kml:value>E</kml:value>
</kml:Data>
<kml:Data name="pole_phase">
<kml:value>R-Y-B</kml:value>
</kml:Data>
<kml:Data name="pole_use"/>
<kml:Data name="fdr_on_pol">
<kml:value>1.0</kml:value>
</kml:Data>
<kml:Data name="pol_hght">
<kml:value>36</kml:value>
</kml:Data>
<kml:Data name="pole_type">
<kml:value>Steel Structure</kml:value>
</kml:Data>
<kml:Data name="eqp_type">
<kml:value>Primary Pole</kml:value>
</kml:Data>
<kml:Data name="eqp_number">
<kml:value/>
</kml:Data>
<kml:Data name="eqp_unit"/>
<kml:Data name="eqp_size">
<kml:value/>
</kml:Data>
<kml:Data name="eqp_phase">
<kml:value/>
</kml:Data>
<kml:Data name="eqp_use"/>
<kml:Data name="eqp_status">
<kml:value/>
</kml:Data>
<kml:Data name="trafo_mke"/>
<kml:Data name="consmr_nam">
<kml:value/>
</kml:Data>
<kml:Data name="trafo_loc">
<kml:value/>
</kml:Data>
<kml:Data name="trafo_mnt"/>
<kml:Data name="angle"/>
<kml:Data name="tap_pole"/>
<kml:Data name="end_type">
<kml:value/>
</kml:Data>
<kml:Data name="rs_con"/>
<kml:Data name="rs_con1">
<kml:value>0.0</kml:value>
</kml:Data>
<kml:Data name="rs_con3">
<kml:value>0.0</kml:value>
</kml:Data>
<kml:Data name="sc_con">
<kml:value>0.0</kml:value>
</kml:Data>
<kml:Data name="lc_con">
<kml:value>0.0</kml:value>
</kml:Data>
<kml:Data name="si_con">
<kml:value>0.0</kml:value>
</kml:Data>
<kml:Data name="li_con">
<kml:value>0.0</kml:value>
</kml:Data>
<kml:Data name="pb_con">
<kml:value>0.0</kml:value>
</kml:Data>
<kml:Data name="ag_con">
<kml:value>0.0</kml:value>
</kml:Data>
<kml:Data name="st_con">
<kml:value>0.0</kml:value>
</kml:Data>
<kml:Data name="remarks">
<kml:value/>
</kml:Data>
<kml:Data name="wo_id">
<kml:value>386</kml:value>
</kml:Data>
<kml:Data name="sequence"/>
</kml:ExtendedData>
<kml:Point>
<kml:coordinates>67.88618795655218,29.531650868032855</kml:coordinates>
</kml:Point>
</kml:Placemark>
<kml:Placemark id="equipment_materialized.420095">
<kml:ExtendedData>
<kml:Data name="section_id">
<kml:value>02001314150120381</kml:value>
</kml:Data>
<kml:Data name="feedercode">
<kml:value>020013</kml:value>
</kml:Data>
<kml:Data name="substation">
<kml:value>220 KV-SIBI</kml:value>
</kml:Data>
<kml:Data name="gps_no">
<kml:value>14150120381</kml:value>
</kml:Data>
<kml:Data name="s_e">
<kml:value>E</kml:value>
</kml:Data>
<kml:Data name="pole_phase">
<kml:value>R-Y-B</kml:value>
</kml:Data>
<kml:Data name="pole_use"/>
<kml:Data name="fdr_on_pol">
<kml:value>1.0</kml:value>
</kml:Data>
<kml:Data name="pol_hght">
<kml:value>36</kml:value>
</kml:Data>
<kml:Data name="pole_type">
<kml:value>Steel Structure</kml:value>
</kml:Data>
<kml:Data name="eqp_type">
<kml:value>Primary Pole</kml:value>
</kml:Data>
<kml:Data name="eqp_number">
<kml:value/>
</kml:Data>
<kml:Data name="eqp_unit"/>
<kml:Data name="eqp_size">
<kml:value/>
</kml:Data>
<kml:Data name="eqp_phase">
<kml:value/>
</kml:Data>
<kml:Data name="eqp_use"/>
<kml:Data name="eqp_status">
<kml:value/>
</kml:Data>
<kml:Data name="trafo_mke"/>
<kml:Data name="consmr_nam">
<kml:value/>
</kml:Data>
<kml:Data name="trafo_loc">
<kml:value/>
</kml:Data>
<kml:Data name="trafo_mnt"/>
<kml:Data name="angle"/>
<kml:Data name="tap_pole"/>
<kml:Data name="end_type">
<kml:value/>
</kml:Data>
<kml:Data name="rs_con"/>
<kml:Data name="rs_con1">
<kml:value>0.0</kml:value>
</kml:Data>
<kml:Data name="rs_con3">
<kml:value>0.0</kml:value>
</kml:Data>
<kml:Data name="sc_con">
<kml:value>0.0</kml:value>
</kml:Data>
<kml:Data name="lc_con">
<kml:value>0.0</kml:value>
</kml:Data>
<kml:Data name="si_con">
<kml:value>0.0</kml:value>
</kml:Data>
<kml:Data name="li_con">
<kml:value>0.0</kml:value>
</kml:Data>
<kml:Data name="pb_con">
<kml:value>0.0</kml:value>
</kml:Data>
<kml:Data name="ag_con">
<kml:value>0.0</kml:value>
</kml:Data>
<kml:Data name="st_con">
<kml:value>0.0</kml:value>
</kml:Data>
<kml:Data name="remarks">
<kml:value/>
</kml:Data>
<kml:Data name="wo_id">
<kml:value>386</kml:value>
</kml:Data>
<kml:Data name="sequence"/>
</kml:ExtendedData>
<kml:Point>
<kml:coordinates>67.88536800692194,29.531310904426334</kml:coordinates>
</kml:Point>
</kml:Placemark>
<kml:Placemark id="equipment_materialized.420097">
<kml:ExtendedData>
<kml:Data name="section_id">
<kml:value>02001314150120382</kml:value>
</kml:Data>
<kml:Data name="feedercode">
<kml:value>020013</kml:value>
</kml:Data>
<kml:Data name="substation">
<kml:value>220 KV-SIBI</kml:value>
</kml:Data>
<kml:Data name="gps_no">
<kml:value>14150120382</kml:value>
</kml:Data>
<kml:Data name="s_e">
<kml:value>E</kml:value>
</kml:Data>
<kml:Data name="pole_phase">
<kml:value>R-Y-B</kml:value>
</kml:Data>
<kml:Data name="pole_use"/>
<kml:Data name="fdr_on_pol">
<kml:value>1.0</kml:value>
</kml:Data>
<kml:Data name="pol_hght">
<kml:value>36</kml:value>
</kml:Data>
<kml:Data name="pole_type">
<kml:value>Steel Structure</kml:value>
</kml:Data>
<kml:Data name="eqp_type">
<kml:value>Primary Pole</kml:value>
</kml:Data>
<kml:Data name="eqp_number">
<kml:value/>
</kml:Data>
<kml:Data name="eqp_unit"/>
<kml:Data name="eqp_size">
<kml:value/>
</kml:Data>
<kml:Data name="eqp_phase">
<kml:value/>
</kml:Data>
<kml:Data name="eqp_use"/>
<kml:Data name="eqp_status">
<kml:value/>
</kml:Data>
<kml:Data name="trafo_mke"/>
<kml:Data name="consmr_nam">
<kml:value/>
</kml:Data>
<kml:Data name="trafo_loc">
<kml:value/>
</kml:Data>
<kml:Data name="trafo_mnt"/>
<kml:Data name="angle"/>
<kml:Data name="tap_pole"/>
<kml:Data name="end_type">
<kml:value/>
</kml:Data>
<kml:Data name="rs_con"/>
<kml:Data name="rs_con1">
<kml:value>0.0</kml:value>
</kml:Data>
<kml:Data name="rs_con3">
<kml:value>0.0</kml:value>
</kml:Data>
<kml:Data name="sc_con">
<kml:value>0.0</kml:value>
</kml:Data>
<kml:Data name="lc_con">
<kml:value>0.0</kml:value>
</kml:Data>
<kml:Data name="si_con">
<kml:value>0.0</kml:value>
</kml:Data>
<kml:Data name="li_con">
<kml:value>0.0</kml:value>
</kml:Data>
<kml:Data name="pb_con">
<kml:value>0.0</kml:value>
</kml:Data>
<kml:Data name="ag_con">
<kml:value>0.0</kml:value>
</kml:Data>
<kml:Data name="st_con">
<kml:value>0.0</kml:value>
</kml:Data>
<kml:Data name="remarks">
<kml:value/>
</kml:Data>
<kml:Data name="wo_id">
<kml:value>386</kml:value>
</kml:Data>
<kml:Data name="sequence"/>
</kml:ExtendedData>
<kml:Point>
<kml:coordinates>67.88462202256925,29.530935910357226</kml:coordinates>
</kml:Point>
</kml:Placemark>
<kml:Placemark id="equipment_materialized.420099">
<kml:ExtendedData>
<kml:Data name="section_id">
<kml:value>02001314150120383</kml:value>
</kml:Data>
<kml:Data name="feedercode">
<kml:value>020013</kml:value>
</kml:Data>
<kml:Data name="substation">
<kml:value>220 KV-SIBI</kml:value>
</kml:Data>
<kml:Data name="gps_no">
<kml:value>14150120383</kml:value>
</kml:Data>
<kml:Data name="s_e">
<kml:value>E</kml:value>
</kml:Data>
<kml:Data name="pole_phase">
<kml:value>R-Y-B</kml:value>
</kml:Data>
<kml:Data name="pole_use"/>
<kml:Data name="fdr_on_pol">
<kml:value>1.0</kml:value>
</kml:Data>
<kml:Data name="pol_hght">
<kml:value>36</kml:value>
</kml:Data>
<kml:Data name="pole_type">
<kml:value>Steel Structure</kml:value>
</kml:Data>
<kml:Data name="eqp_type">
<kml:value>Primary Pole</kml:value>
</kml:Data>
<kml:Data name="eqp_number">
<kml:value/>
</kml:Data>
<kml:Data name="eqp_unit"/>
<kml:Data name="eqp_size">
<kml:value/>
</kml:Data>
<kml:Data name="eqp_phase">
<kml:value/>
</kml:Data>
<kml:Data name="eqp_use"/>
<kml:Data name="eqp_status">
<kml:value/>
</kml:Data>
<kml:Data name="trafo_mke"/>
<kml:Data name="consmr_nam">
<kml:value/>
</kml:Data>
<kml:Data name="trafo_loc">
<kml:value/>
</kml:Data>
<kml:Data name="trafo_mnt"/>
<kml:Data name="angle"/>
<kml:Data name="tap_pole"/>
<kml:Data name="end_type">
<kml:value/>
</kml:Data>
<kml:Data name="rs_con"/>
<kml:Data name="rs_con1">
<kml:value>0.0</kml:value>
</kml:Data>
<kml:Data name="rs_con3">
<kml:value>0.0</kml:value>
</kml:Data>
<kml:Data name="sc_con">
<kml:value>0.0</kml:value>
</kml:Data>
<kml:Data name="lc_con">
<kml:value>0.0</kml:value>
</kml:Data>
<kml:Data name="si_con">
<kml:value>0.0</kml:value>
</kml:Data>
<kml:Data name="li_con">
<kml:value>0.0</kml:value>
</kml:Data>
<kml:Data name="pb_con">
<kml:value>0.0</kml:value>
</kml:Data>
<kml:Data name="ag_con">
<kml:value>0.0</kml:value>
</kml:Data>
<kml:Data name="st_con">
<kml:value>0.0</kml:value>
</kml:Data>
<kml:Data name="remarks">
<kml:value/>
</kml:Data>
<kml:Data name="wo_id">
<kml:value>386</kml:value>
</kml:Data>
<kml:Data name="sequence"/>
</kml:ExtendedData>
<kml:Point>
<kml:coordinates>67.88376097084857,29.530552906801738</kml:coordinates>
</kml:Point>
</kml:Placemark>
<kml:Placemark id="equipment_materialized.420101">
<kml:ExtendedData>
<kml:Data name="section_id">
<kml:value>02001314150120384</kml:value>
</kml:Data>
<kml:Data name="feedercode">
<kml:value>020013</kml:value>
</kml:Data>
<kml:Data name="substation">
<kml:value>220 KV-SIBI</kml:value>
</kml:Data>
<kml:Data name="gps_no">
<kml:value>14150120384</kml:value>
</kml:Data>
<kml:Data name="s_e">
<kml:value>E</kml:value>
</kml:Data>
<kml:Data name="pole_phase">
<kml:value>R-Y-B</kml:value>
</kml:Data>
<kml:Data name="pole_use"/>
<kml:Data name="fdr_on_pol">
<kml:value>1.0</kml:value>
</kml:Data>
<kml:Data name="pol_hght">
<kml:value>36</kml:value>
</kml:Data>
<kml:Data name="pole_type">
<kml:value>Steel Structure</kml:value>
</kml:Data>
<kml:Data name="eqp_type">
<kml:value>Primary Pole</kml:value>
</kml:Data>
<kml:Data name="eqp_number">
<kml:value/>
</kml:Data>
<kml:Data name="eqp_unit"/>
<kml:Data name="eqp_size">
<kml:value/>
</kml:Data>
<kml:Data name="eqp_phase">
<kml:value/>
</kml:Data>
<kml:Data name="eqp_use"/>
<kml:Data name="eqp_status">
<kml:value/>
</kml:Data>
<kml:Data name="trafo_mke"/>
<kml:Data name="consmr_nam">
<kml:value/>
</kml:Data>
<kml:Data name="trafo_loc">
<kml:value/>
</kml:Data>
<kml:Data name="trafo_mnt"/>
<kml:Data name="angle"/>
<kml:Data name="tap_pole"/>
<kml:Data name="end_type">
<kml:value/>
</kml:Data>
<kml:Data name="rs_con"/>
<kml:Data name="rs_con1">
<kml:value>0.0</kml:value>
</kml:Data>
<kml:Data name="rs_con3">
<kml:value>0.0</kml:value>
</kml:Data>
<kml:Data name="sc_con">
<kml:value>0.0</kml:value>
</kml:Data>
<kml:Data name="lc_con">
<kml:value>0.0</kml:value>
</kml:Data>
<kml:Data name="si_con">
<kml:value>0.0</kml:value>
</kml:Data>
<kml:Data name="li_con">
<kml:value>0.0</kml:value>
</kml:Data>
<kml:Data name="pb_con">
<kml:value>0.0</kml:value>
</kml:Data>
<kml:Data name="ag_con">
<kml:value>0.0</kml:value>
</kml:Data>
<kml:Data name="st_con">
<kml:value>0.0</kml:value>
</kml:Data>
<kml:Data name="remarks">
<kml:value/>
</kml:Data>
<kml:Data name="wo_id">
<kml:value>386</kml:value>
</kml:Data>
<kml:Data name="sequence"/>
</kml:ExtendedData>
<kml:Point>
<kml:coordinates>67.88360095866786,29.530389846189937</kml:coordinates>
</kml:Point>
</kml:Placemark>
<kml:Placemark id="equipment_materialized.420103">
<kml:ExtendedData>
<kml:Data name="section_id">
<kml:value>02001314150120385</kml:value>
</kml:Data>
<kml:Data name="feedercode">
<kml:value>020013</kml:value>
</kml:Data>
<kml:Data name="substation">
<kml:value>220 KV-SIBI</kml:value>
</kml:Data>
<kml:Data name="gps_no">
<kml:value>14150120385</kml:value>
</kml:Data>
<kml:Data name="s_e">
<kml:value>E</kml:value>
</kml:Data>
<kml:Data name="pole_phase">
<kml:value>R-Y-B</kml:value>
</kml:Data>
<kml:Data name="pole_use"/>
<kml:Data name="fdr_on_pol">
<kml:value>1.0</kml:value>
</kml:Data>
<kml:Data name="pol_hght">
<kml:value>36</kml:value>
</kml:Data>
<kml:Data name="pole_type">
<kml:value>Steel Structure</kml:value>
</kml:Data>
<kml:Data name="eqp_type">
<kml:value>Primary Pole</kml:value>
</kml:Data>
<kml:Data name="eqp_number">
<kml:value/>
</kml:Data>
<kml:Data name="eqp_unit"/>
<kml:Data name="eqp_size">
<kml:value/>
</kml:Data>
<kml:Data name="eqp_phase">
<kml:value/>
</kml:Data>
<kml:Data name="eqp_use"/>
<kml:Data name="eqp_status">
<kml:value/>
</kml:Data>
<kml:Data name="trafo_mke"/>
<kml:Data name="consmr_nam">
<kml:value/>
</kml:Data>
<kml:Data name="trafo_loc">
<kml:value/>
</kml:Data>
<kml:Data name="trafo_mnt"/>
<kml:Data name="angle"/>
<kml:Data name="tap_pole"/>
<kml:Data name="end_type">
<kml:value/>
</kml:Data>
<kml:Data name="rs_con"/>
<kml:Data name="rs_con1">
<kml:value>0.0</kml:value>
</kml:Data>
<kml:Data name="rs_con3">
<kml:value>0.0</kml:value>
</kml:Data>
<kml:Data name="sc_con">
<kml:value>0.0</kml:value>
</kml:Data>
<kml:Data name="lc_con">
<kml:value>0.0</kml:value>
</kml:Data>
<kml:Data name="si_con">
<kml:value>0.0</kml:value>
</kml:Data>
<kml:Data name="li_con">
<kml:value>0.0</kml:value>
</kml:Data>
<kml:Data name="pb_con">
<kml:value>0.0</kml:value>
</kml:Data>
<kml:Data name="ag_con">
<kml:value>0.0</kml:value>
</kml:Data>
<kml:Data name="st_con">
<kml:value>0.0</kml:value>
</kml:Data>
<kml:Data name="remarks">
<kml:value/>
</kml:Data>
<kml:Data name="wo_id">
<kml:value>386</kml:value>
</kml:Data>
<kml:Data name="sequence"/>
</kml:ExtendedData>
<kml:Point>
<kml:coordinates>67.88297104797061,29.53014892735951</kml:coordinates>
</kml:Point>
</kml:Placemark>
<kml:Placemark id="equipment_materialized.420105">
<kml:ExtendedData>
<kml:Data name="section_id">
<kml:value>02001314150120386</kml:value>
</kml:Data>
<kml:Data name="feedercode">
<kml:value>020013</kml:value>
</kml:Data>
<kml:Data name="substation">
<kml:value>220 KV-SIBI</kml:value>
</kml:Data>
<kml:Data name="gps_no">
<kml:value>14150120386</kml:value>
</kml:Data>
<kml:Data name="s_e">
<kml:value>E</kml:value>
</kml:Data>
<kml:Data name="pole_phase">
<kml:value>R-Y-B</kml:value>
</kml:Data>
<kml:Data name="pole_use"/>
<kml:Data name="fdr_on_pol">
<kml:value>1.0</kml:value>
</kml:Data>
<kml:Data name="pol_hght">
<kml:value>36</kml:value>
</kml:Data>
<kml:Data name="pole_type">
<kml:value>Steel Structure</kml:value>
</kml:Data>
<kml:Data name="eqp_type">
<kml:value>Primary Pole</kml:value>
</kml:Data>
<kml:Data name="eqp_number">
<kml:value/>
</kml:Data>
<kml:Data name="eqp_unit"/>
<kml:Data name="eqp_size">
<kml:value/>
</kml:Data>
<kml:Data name="eqp_phase">
<kml:value/>
</kml:Data>
<kml:Data name="eqp_use"/>
<kml:Data name="eqp_status">
<kml:value/>
</kml:Data>
<kml:Data name="trafo_mke"/>
<kml:Data name="consmr_nam">
<kml:value/>
</kml:Data>
<kml:Data name="trafo_loc">
<kml:value/>
</kml:Data>
<kml:Data name="trafo_mnt"/>
<kml:Data name="angle"/>
<kml:Data name="tap_pole"/>
<kml:Data name="end_type">
<kml:value/>
</kml:Data>
<kml:Data name="rs_con"/>
<kml:Data name="rs_con1">
<kml:value>0.0</kml:value>
</kml:Data>
<kml:Data name="rs_con3">
<kml:value>0.0</kml:value>
</kml:Data>
<kml:Data name="sc_con">
<kml:value>0.0</kml:value>
</kml:Data>
<kml:Data name="lc_con">
<kml:value>0.0</kml:value>
</kml:Data>
<kml:Data name="si_con">
<kml:value>0.0</kml:value>
</kml:Data>
<kml:Data name="li_con">
<kml:value>0.0</kml:value>
</kml:Data>
<kml:Data name="pb_con">
<kml:value>0.0</kml:value>
</kml:Data>
<kml:Data name="ag_con">
<kml:value>0.0</kml:value>
</kml:Data>
<kml:Data name="st_con">
<kml:value>0.0</kml:value>
</kml:Data>
<kml:Data name="remarks">
<kml:value/>
</kml:Data>
<kml:Data name="wo_id">
<kml:value>386</kml:value>
</kml:Data>
<kml:Data name="sequence"/>
</kml:ExtendedData>
<kml:Point>
<kml:coordinates>67.88217596935546,29.529810868042755</kml:coordinates>
</kml:Point>
</kml:Placemark>
<kml:Placemark id="equipment_materialized.420107">
<kml:ExtendedData>
<kml:Data name="section_id">
<kml:value>02001314150120387</kml:value>
</kml:Data>
<kml:Data name="feedercode">
<kml:value>020013</kml:value>
</kml:Data>
<kml:Data name="substation">
<kml:value>220 KV-SIBI</kml:value>
</kml:Data>
<kml:Data name="gps_no">
<kml:value>14150120387</kml:value>
</kml:Data>
<kml:Data name="s_e">
<kml:value>E</kml:value>
</kml:Data>
<kml:Data name="pole_phase">
<kml:value>R-Y-B</kml:value>
</kml:Data>
<kml:Data name="pole_use"/>
<kml:Data name="fdr_on_pol">
<kml:value>1.0</kml:value>
</kml:Data>
<kml:Data name="pol_hght">
<kml:value>36</kml:value>
</kml:Data>
<kml:Data name="pole_type">
<kml:value>Steel Structure</kml:value>
</kml:Data>
<kml:Data name="eqp_type">
<kml:value>Primary Pole</kml:value>
</kml:Data>
<kml:Data name="eqp_number">
<kml:value/>
</kml:Data>
<kml:Data name="eqp_unit"/>
<kml:Data name="eqp_size">
<kml:value/>
</kml:Data>
<kml:Data name="eqp_phase">
<kml:value/>
</kml:Data>
<kml:Data name="eqp_use"/>
<kml:Data name="eqp_status">
<kml:value/>
</kml:Data>
<kml:Data name="trafo_mke"/>
<kml:Data name="consmr_nam">
<kml:value/>
</kml:Data>
<kml:Data name="trafo_loc">
<kml:value/>
</kml:Data>
<kml:Data name="trafo_mnt"/>
<kml:Data name="angle"/>
<kml:Data name="tap_pole"/>
<kml:Data name="end_type">
<kml:value/>
</kml:Data>
<kml:Data name="rs_con"/>
<kml:Data name="rs_con1">
<kml:value>0.0</kml:value>
</kml:Data>
<kml:Data name="rs_con3">
<kml:value>0.0</kml:value>
</kml:Data>
<kml:Data name="sc_con">
<kml:value>0.0</kml:value>
</kml:Data>
<kml:Data name="lc_con">
<kml:value>0.0</kml:value>
</kml:Data>
<kml:Data name="si_con">
<kml:value>0.0</kml:value>
</kml:Data>
<kml:Data name="li_con">
<kml:value>0.0</kml:value>
</kml:Data>
<kml:Data name="pb_con">
<kml:value>0.0</kml:value>
</kml:Data>
<kml:Data name="ag_con">
<kml:value>0.0</kml:value>
</kml:Data>
<kml:Data name="st_con">
<kml:value>0.0</kml:value>
</kml:Data>
<kml:Data name="remarks">
<kml:value/>
</kml:Data>
<kml:Data name="wo_id">
<kml:value>386</kml:value>
</kml:Data>
<kml:Data name="sequence"/>
</kml:ExtendedData>
<kml:Point>
<kml:coordinates>67.88124904637253,29.529432889559725</kml:coordinates>
</kml:Point>
</kml:Placemark>
<kml:Placemark id="equipment_materialized.420109">
<kml:ExtendedData>
<kml:Data name="section_id">
<kml:value>02001314150120388</kml:value>
</kml:Data>
<kml:Data name="feedercode">
<kml:value>020013</kml:value>
</kml:Data>
<kml:Data name="substation">
<kml:value>220 KV-SIBI</kml:value>
</kml:Data>
<kml:Data name="gps_no">
<kml:value>14150120388</kml:value>
</kml:Data>
<kml:Data name="s_e">
<kml:value>E</kml:value>
</kml:Data>
<kml:Data name="pole_phase">
<kml:value>R-Y-B</kml:value>
</kml:Data>
<kml:Data name="pole_use"/>
<kml:Data name="fdr_on_pol">
<kml:value>1.0</kml:value>
</kml:Data>
<kml:Data name="pol_hght">
<kml:value>36</kml:value>
</kml:Data>
<kml:Data name="pole_type">
<kml:value>Steel Structure</kml:value>
</kml:Data>
<kml:Data name="eqp_type">
<kml:value>Primary Pole</kml:value>
</kml:Data>
<kml:Data name="eqp_number">
<kml:value/>
</kml:Data>
<kml:Data name="eqp_unit"/>
<kml:Data name="eqp_size">
<kml:value/>
</kml:Data>
<kml:Data name="eqp_phase">
<kml:value/>
</kml:Data>
<kml:Data name="eqp_use"/>
<kml:Data name="eqp_status">
<kml:value/>
</kml:Data>
<kml:Data name="trafo_mke"/>
<kml:Data name="consmr_nam">
<kml:value/>
</kml:Data>
<kml:Data name="trafo_loc">
<kml:value/>
</kml:Data>
<kml:Data name="trafo_mnt"/>
<kml:Data name="angle"/>
<kml:Data name="tap_pole"/>
<kml:Data name="end_type">
<kml:value>SDE</kml:value>
</kml:Data>
<kml:Data name="rs_con"/>
<kml:Data name="rs_con1">
<kml:value>0.0</kml:value>
</kml:Data>
<kml:Data name="rs_con3">
<kml:value>0.0</kml:value>
</kml:Data>
<kml:Data name="sc_con">
<kml:value>0.0</kml:value>
</kml:Data>
<kml:Data name="lc_con">
<kml:value>0.0</kml:value>
</kml:Data>
<kml:Data name="si_con">
<kml:value>0.0</kml:value>
</kml:Data>
<kml:Data name="li_con">
<kml:value>0.0</kml:value>
</kml:Data>
<kml:Data name="pb_con">
<kml:value>0.0</kml:value>
</kml:Data>
<kml:Data name="ag_con">
<kml:value>0.0</kml:value>
</kml:Data>
<kml:Data name="st_con">
<kml:value>0.0</kml:value>
</kml:Data>
<kml:Data name="remarks">
<kml:value/>
</kml:Data>
<kml:Data name="wo_id">
<kml:value>386</kml:value>
</kml:Data>
<kml:Data name="sequence"/>
</kml:ExtendedData>
<kml:Point>
<kml:coordinates>67.88040295937498,29.52902391016992</kml:coordinates>
</kml:Point>
</kml:Placemark>
<kml:Placemark id="equipment_materialized.420111">
<kml:ExtendedData>
<kml:Data name="section_id">
<kml:value>02001314160120391</kml:value>
</kml:Data>
<kml:Data name="feedercode">
<kml:value>020013</kml:value>
</kml:Data>
<kml:Data name="substation">
<kml:value>220 KV-SIBI</kml:value>
</kml:Data>
<kml:Data name="gps_no">
<kml:value>14160120389</kml:value>
</kml:Data>
<kml:Data name="s_e">
<kml:value/>
</kml:Data>
<kml:Data name="pole_phase">
<kml:value>R-Y-B</kml:value>
</kml:Data>
<kml:Data name="pole_use"/>
<kml:Data name="fdr_on_pol">
<kml:value>1.0</kml:value>
</kml:Data>
<kml:Data name="pol_hght">
<kml:value>36</kml:value>
</kml:Data>
<kml:Data name="pole_type">
<kml:value>PC Ordinary</kml:value>
</kml:Data>
<kml:Data name="eqp_type">
<kml:value>Primary Pole</kml:value>
</kml:Data>
<kml:Data name="eqp_number">
<kml:value/>
</kml:Data>
<kml:Data name="eqp_unit"/>
<kml:Data name="eqp_size">
<kml:value/>
</kml:Data>
<kml:Data name="eqp_phase">
<kml:value/>
</kml:Data>
<kml:Data name="eqp_use"/>
<kml:Data name="eqp_status">
<kml:value/>
</kml:Data>
<kml:Data name="trafo_mke"/>
<kml:Data name="consmr_nam">
<kml:value/>
</kml:Data>
<kml:Data name="trafo_loc">
<kml:value/>
</kml:Data>
<kml:Data name="trafo_mnt"/>
<kml:Data name="angle"/>
<kml:Data name="tap_pole"/>
<kml:Data name="end_type">
<kml:value/>
</kml:Data>
<kml:Data name="rs_con"/>
<kml:Data name="rs_con1">
<kml:value>0.0</kml:value>
</kml:Data>
<kml:Data name="rs_con3">
<kml:value>0.0</kml:value>
</kml:Data>
<kml:Data name="sc_con">
<kml:value>0.0</kml:value>
</kml:Data>
<kml:Data name="lc_con">
<kml:value>0.0</kml:value>
</kml:Data>
<kml:Data name="si_con">
<kml:value>0.0</kml:value>
</kml:Data>
<kml:Data name="li_con">
<kml:value>0.0</kml:value>
</kml:Data>
<kml:Data name="pb_con">
<kml:value>0.0</kml:value>
</kml:Data>
<kml:Data name="ag_con">
<kml:value>0.0</kml:value>
</kml:Data>
<kml:Data name="st_con">
<kml:value>0.0</kml:value>
</kml:Data>
<kml:Data name="remarks">
<kml:value/>
</kml:Data>
<kml:Data name="wo_id">
<kml:value>386</kml:value>
</kml:Data>
<kml:Data name="sequence">
<kml:value>0</kml:value>
</kml:Data>
</kml:ExtendedData>
<kml:Point>
<kml:coordinates>67.88545802191413,29.550951901759117</kml:coordinates>
</kml:Point>
</kml:Placemark>
<kml:Placemark id="equipment_materialized.420112">
<kml:ExtendedData>
<kml:Data name="section_id">
<kml:value>02001314160120391</kml:value>
</kml:Data>
<kml:Data name="feedercode">
<kml:value>020013</kml:value>
</kml:Data>
<kml:Data name="substation">
<kml:value>220 KV-SIBI</kml:value>
</kml:Data>
<kml:Data name="gps_no">
<kml:value>14160120390</kml:value>
</kml:Data>
<kml:Data name="s_e">
<kml:value/>
</kml:Data>
<kml:Data name="pole_phase">
<kml:value>R-Y-B</kml:value>
</kml:Data>
<kml:Data name="pole_use"/>
<kml:Data name="fdr_on_pol">
<kml:value>1.0</kml:value>
</kml:Data>
<kml:Data name="pol_hght">
<kml:value>36</kml:value>
</kml:Data>
<kml:Data name="pole_type">
<kml:value>PC Ordinary</kml:value>
</kml:Data>
<kml:Data name="eqp_type">
<kml:value>Primary Pole</kml:value>
</kml:Data>
<kml:Data name="eqp_number">
<kml:value/>
</kml:Data>
<kml:Data name="eqp_unit"/>
<kml:Data name="eqp_size">
<kml:value/>
</kml:Data>
<kml:Data name="eqp_phase">
<kml:value/>
</kml:Data>
<kml:Data name="eqp_use"/>
<kml:Data name="eqp_status">
<kml:value/>
</kml:Data>
<kml:Data name="trafo_mke"/>
<kml:Data name="consmr_nam">
<kml:value/>
</kml:Data>
<kml:Data name="trafo_loc">
<kml:value/>
</kml:Data>
<kml:Data name="trafo_mnt"/>
<kml:Data name="angle"/>
<kml:Data name="tap_pole"/>
<kml:Data name="end_type">
<kml:value/>
</kml:Data>
<kml:Data name="rs_con"/>
<kml:Data name="rs_con1">
<kml:value>0.0</kml:value>
</kml:Data>
<kml:Data name="rs_con3">
<kml:value>0.0</kml:value>
</kml:Data>
<kml:Data name="sc_con">
<kml:value>0.0</kml:value>
</kml:Data>
<kml:Data name="lc_con">
<kml:value>0.0</kml:value>
</kml:Data>
<kml:Data name="si_con">
<kml:value>0.0</kml:value>
</kml:Data>
<kml:Data name="li_con">
<kml:value>0.0</kml:value>
</kml:Data>
<kml:Data name="pb_con">
<kml:value>0.0</kml:value>
</kml:Data>
<kml:Data name="ag_con">
<kml:value>0.0</kml:value>
</kml:Data>
<kml:Data name="st_con">
<kml:value>0.0</kml:value>
</kml:Data>
<kml:Data name="remarks">
<kml:value/>
</kml:Data>
<kml:Data name="wo_id">
<kml:value>386</kml:value>
</kml:Data>
<kml:Data name="sequence">
<kml:value>1</kml:value>
</kml:Data>
</kml:ExtendedData>
<kml:Point>
<kml:coordinates>67.88485903922313,29.550927924114973</kml:coordinates>
</kml:Point>
</kml:Placemark>
<kml:Placemark id="equipment_materialized.420113">
<kml:ExtendedData>
<kml:Data name="section_id">
<kml:value>02001314160120391</kml:value>
</kml:Data>
<kml:Data name="feedercode">
<kml:value>020013</kml:value>
</kml:Data>
<kml:Data name="substation">
<kml:value>220 KV-SIBI</kml:value>
</kml:Data>
<kml:Data name="gps_no">
<kml:value>14160120391</kml:value>
</kml:Data>
<kml:Data name="s_e">
<kml:value>E</kml:value>
</kml:Data>
<kml:Data name="pole_phase">
<kml:value>R-Y-B</kml:value>
</kml:Data>
<kml:Data name="pole_use"/>
<kml:Data name="fdr_on_pol">
<kml:value>1.0</kml:value>
</kml:Data>
<kml:Data name="pol_hght">
<kml:value>36</kml:value>
</kml:Data>
<kml:Data name="pole_type">
<kml:value>PC Ordinary</kml:value>
</kml:Data>
<kml:Data name="eqp_type">
<kml:value>Primary Pole</kml:value>
</kml:Data>
<kml:Data name="eqp_number">
<kml:value/>
</kml:Data>
<kml:Data name="eqp_unit"/>
<kml:Data name="eqp_size">
<kml:value/>
</kml:Data>
<kml:Data name="eqp_phase">
<kml:value/>
</kml:Data>
<kml:Data name="eqp_use"/>
<kml:Data name="eqp_status">
<kml:value/>
</kml:Data>
<kml:Data name="trafo_mke"/>
<kml:Data name="consmr_nam">
<kml:value/>
</kml:Data>
<kml:Data name="trafo_loc">
<kml:value/>
</kml:Data>
<kml:Data name="trafo_mnt"/>
<kml:Data name="angle"/>
<kml:Data name="tap_pole"/>
<kml:Data name="end_type">
<kml:value/>
</kml:Data>
<kml:Data name="rs_con"/>
<kml:Data name="rs_con1">
<kml:value>0.0</kml:value>
</kml:Data>
<kml:Data name="rs_con3">
<kml:value>0.0</kml:value>
</kml:Data>
<kml:Data name="sc_con">
<kml:value>0.0</kml:value>
</kml:Data>
<kml:Data name="lc_con">
<kml:value>0.0</kml:value>
</kml:Data>
<kml:Data name="si_con">
<kml:value>0.0</kml:value>
</kml:Data>
<kml:Data name="li_con">
<kml:value>0.0</kml:value>
</kml:Data>
<kml:Data name="pb_con">
<kml:value>0.0</kml:value>
</kml:Data>
<kml:Data name="ag_con">
<kml:value>0.0</kml:value>
</kml:Data>
<kml:Data name="st_con">
<kml:value>0.0</kml:value>
</kml:Data>
<kml:Data name="remarks">
<kml:value/>
</kml:Data>
<kml:Data name="wo_id">
<kml:value>386</kml:value>
</kml:Data>
<kml:Data name="sequence"/>
</kml:ExtendedData>
<kml:Point>
<kml:coordinates>67.88450999859651,29.550944847345548</kml:coordinates>
</kml:Point>
</kml:Placemark>
<kml:Placemark id="equipment_materialized.420115">
<kml:ExtendedData>
<kml:Data name="section_id">
<kml:value>02001314160120392</kml:value>
</kml:Data>
<kml:Data name="feedercode">
<kml:value>020013</kml:value>
</kml:Data>
<kml:Data name="substation">
<kml:value>220 KV-SIBI</kml:value>
</kml:Data>
<kml:Data name="gps_no">
<kml:value>14160120392</kml:value>
</kml:Data>
<kml:Data name="s_e">
<kml:value>E</kml:value>
</kml:Data>
<kml:Data name="pole_phase">
<kml:value>R-Y-B</kml:value>
</kml:Data>
<kml:Data name="pole_use"/>
<kml:Data name="fdr_on_pol">
<kml:value>1.0</kml:value>
</kml:Data>
<kml:Data name="pol_hght">
<kml:value>36</kml:value>
</kml:Data>
<kml:Data name="pole_type">
<kml:value>PC Ordinary</kml:value>
</kml:Data>
<kml:Data name="eqp_type">
<kml:value>Transformer</kml:value>
</kml:Data>
<kml:Data name="eqp_number">
<kml:value>T-14160120392</kml:value>
</kml:Data>
<kml:Data name="eqp_unit"/>
<kml:Data name="eqp_size">
<kml:value>50</kml:value>
</kml:Data>
<kml:Data name="eqp_phase">
<kml:value>R-Y-B</kml:value>
</kml:Data>
<kml:Data name="eqp_use">
<kml:value>General Duty</kml:value>
</kml:Data>
<kml:Data name="eqp_status">
<kml:value>Connected</kml:value>
</kml:Data>
<kml:Data name="trafo_mke">
<kml:value>Siemens</kml:value>
</kml:Data>
<kml:Data name="consmr_nam">
<kml:value/>
</kml:Data>
<kml:Data name="trafo_loc">
<kml:value/>
</kml:Data>
<kml:Data name="trafo_mnt">
<kml:value>Single Pole</kml:value>
</kml:Data>
<kml:Data name="angle"/>
<kml:Data name="tap_pole"/>
<kml:Data name="end_type">
<kml:value/>
</kml:Data>
<kml:Data name="rs_con"/>
<kml:Data name="rs_con1">
<kml:value>0.0</kml:value>
</kml:Data>
<kml:Data name="rs_con3">
<kml:value>0.0</kml:value>
</kml:Data>
<kml:Data name="sc_con">
<kml:value>0.0</kml:value>
</kml:Data>
<kml:Data name="lc_con">
<kml:value>0.0</kml:value>
</kml:Data>
<kml:Data name="si_con">
<kml:value>0.0</kml:value>
</kml:Data>
<kml:Data name="li_con">
<kml:value>0.0</kml:value>
</kml:Data>
<kml:Data name="pb_con">
<kml:value>0.0</kml:value>
</kml:Data>
<kml:Data name="ag_con">
<kml:value>0.0</kml:value>
</kml:Data>
<kml:Data name="st_con">
<kml:value>0.0</kml:value>
</kml:Data>
<kml:Data name="remarks">
<kml:value/>
</kml:Data>
<kml:Data name="wo_id">
<kml:value>386</kml:value>
</kml:Data>
<kml:Data name="sequence"/>
</kml:ExtendedData>
<kml:Point>
<kml:coordinates>67.88449898296246,29.55088591615773</kml:coordinates>
</kml:Point>
</kml:Placemark>
<kml:Placemark id="equipment_materialized.420117">
<kml:ExtendedData>
<kml:Data name="section_id">
<kml:value>02001314160120395</kml:value>
</kml:Data>
<kml:Data name="feedercode">
<kml:value>020013</kml:value>
</kml:Data>
<kml:Data name="substation">
<kml:value>220 KV-SIBI</kml:value>
</kml:Data>
<kml:Data name="gps_no">
<kml:value>14160120393</kml:value>
</kml:Data>
<kml:Data name="s_e">
<kml:value/>
</kml:Data>
<kml:Data name="pole_phase">
<kml:value>R-Y-B</kml:value>
</kml:Data>
<kml:Data name="pole_use"/>
<kml:Data name="fdr_on_pol">
<kml:value>1.0</kml:value>
</kml:Data>
<kml:Data name="pol_hght">
<kml:value>36</kml:value>
</kml:Data>
<kml:Data name="pole_type">
<kml:value>PC Ordinary</kml:value>
</kml:Data>
<kml:Data name="eqp_type">
<kml:value>Primary Pole</kml:value>
</kml:Data>
<kml:Data name="eqp_number">
<kml:value/>
</kml:Data>
<kml:Data name="eqp_unit"/>
<kml:Data name="eqp_size">
<kml:value/>
</kml:Data>
<kml:Data name="eqp_phase">
<kml:value/>
</kml:Data>
<kml:Data name="eqp_use"/>
<kml:Data name="eqp_status">
<kml:value/>
</kml:Data>
<kml:Data name="trafo_mke"/>
<kml:Data name="consmr_nam">
<kml:value/>
</kml:Data>
<kml:Data name="trafo_loc">
<kml:value/>
</kml:Data>
<kml:Data name="trafo_mnt"/>
<kml:Data name="angle"/>
<kml:Data name="tap_pole"/>
<kml:Data name="end_type">
<kml:value/>
</kml:Data>
<kml:Data name="rs_con"/>
<kml:Data name="rs_con1">
<kml:value>0.0</kml:value>
</kml:Data>
<kml:Data name="rs_con3">
<kml:value>0.0</kml:value>
</kml:Data>
<kml:Data name="sc_con">
<kml:value>0.0</kml:value>
</kml:Data>
<kml:Data name="lc_con">
<kml:value>0.0</kml:value>
</kml:Data>
<kml:Data name="si_con">
<kml:value>0.0</kml:value>
</kml:Data>
<kml:Data name="li_con">
<kml:value>0.0</kml:value>
</kml:Data>
<kml:Data name="pb_con">
<kml:value>0.0</kml:value>
</kml:Data>
<kml:Data name="ag_con">
<kml:value>0.0</kml:value>
</kml:Data>
<kml:Data name="st_con">
<kml:value>0.0</kml:value>
</kml:Data>
<kml:Data name="remarks">
<kml:value/>
</kml:Data>
<kml:Data name="wo_id">
<kml:value>386</kml:value>
</kml:Data>
<kml:Data name="sequence">
<kml:value>0</kml:value>
</kml:Data>
</kml:ExtendedData>
<kml:Point>
<kml:coordinates>67.88425996560119,29.550902860089554</kml:coordinates>
</kml:Point>
</kml:Placemark>
<kml:Placemark id="equipment_materialized.420118">
<kml:ExtendedData>
<kml:Data name="section_id">
<kml:value>02001314160120395</kml:value>
</kml:Data>
<kml:Data name="feedercode">
<kml:value>020013</kml:value>
</kml:Data>
<kml:Data name="substation">
<kml:value>220 KV-SIBI</kml:value>
</kml:Data>
<kml:Data name="gps_no">
<kml:value>14160120394</kml:value>
</kml:Data>
<kml:Data name="s_e">
<kml:value/>
</kml:Data>
<kml:Data name="pole_phase">
<kml:value>R-Y-B</kml:value>
</kml:Data>
<kml:Data name="pole_use"/>
<kml:Data name="fdr_on_pol">
<kml:value>1.0</kml:value>
</kml:Data>
<kml:Data name="pol_hght">
<kml:value>36</kml:value>
</kml:Data>
<kml:Data name="pole_type">
<kml:value>PC Ordinary</kml:value>
</kml:Data>
<kml:Data name="eqp_type">
<kml:value>Primary Pole</kml:value>
</kml:Data>
<kml:Data name="eqp_number">
<kml:value/>
</kml:Data>
<kml:Data name="eqp_unit"/>
<kml:Data name="eqp_size">
<kml:value/>
</kml:Data>
<kml:Data name="eqp_phase">
<kml:value/>
</kml:Data>
<kml:Data name="eqp_use"/>
<kml:Data name="eqp_status">
<kml:value/>
</kml:Data>
<kml:Data name="trafo_mke"/>
<kml:Data name="consmr_nam">
<kml:value/>
</kml:Data>
<kml:Data name="trafo_loc">
<kml:value/>
</kml:Data>
<kml:Data name="trafo_mnt"/>
<kml:Data name="angle"/>
<kml:Data name="tap_pole"/>
<kml:Data name="end_type">
<kml:value/>
</kml:Data>
<kml:Data name="rs_con"/>
<kml:Data name="rs_con1">
<kml:value>0.0</kml:value>
</kml:Data>
<kml:Data name="rs_con3">
<kml:value>0.0</kml:value>
</kml:Data>
<kml:Data name="sc_con">
<kml:value>0.0</kml:value>
</kml:Data>
<kml:Data name="lc_con">
<kml:value>0.0</kml:value>
</kml:Data>
<kml:Data name="si_con">
<kml:value>0.0</kml:value>
</kml:Data>
<kml:Data name="li_con">
<kml:value>0.0</kml:value>
</kml:Data>
<kml:Data name="pb_con">
<kml:value>0.0</kml:value>
</kml:Data>
<kml:Data name="ag_con">
<kml:value>0.0</kml:value>
</kml:Data>
<kml:Data name="st_con">
<kml:value>0.0</kml:value>
</kml:Data>
<kml:Data name="remarks">
<kml:value/>
</kml:Data>
<kml:Data name="wo_id">
<kml:value>386</kml:value>
</kml:Data>
<kml:Data name="sequence">
<kml:value>1</kml:value>
</kml:Data>
</kml:ExtendedData>
<kml:Point>
<kml:coordinates>67.88381202769989,29.550902887533724</kml:coordinates>
</kml:Point>
</kml:Placemark>
<kml:Placemark id="equipment_materialized.420119">
<kml:ExtendedData>
<kml:Data name="section_id">
<kml:value>02001314160120395</kml:value>
</kml:Data>
<kml:Data name="feedercode">
<kml:value>020013</kml:value>
</kml:Data>
<kml:Data name="substation">
<kml:value>220 KV-SIBI</kml:value>
</kml:Data>
<kml:Data name="gps_no">
<kml:value>14160120395</kml:value>
</kml:Data>
<kml:Data name="s_e">
<kml:value>E</kml:value>
</kml:Data>
<kml:Data name="pole_phase">
<kml:value>R-Y-B</kml:value>
</kml:Data>
<kml:Data name="pole_use"/>
<kml:Data name="fdr_on_pol">
<kml:value>1.0</kml:value>
</kml:Data>
<kml:Data name="pol_hght">
<kml:value>36</kml:value>
</kml:Data>
<kml:Data name="pole_type">
<kml:value>PC Ordinary</kml:value>
</kml:Data>
<kml:Data name="eqp_type">
<kml:value>Primary Pole</kml:value>
</kml:Data>
<kml:Data name="eqp_number">
<kml:value/>
</kml:Data>
<kml:Data name="eqp_unit"/>
<kml:Data name="eqp_size">
<kml:value/>
</kml:Data>
<kml:Data name="eqp_phase">
<kml:value/>
</kml:Data>
<kml:Data name="eqp_use"/>
<kml:Data name="eqp_status">
<kml:value/>
</kml:Data>
<kml:Data name="trafo_mke"/>
<kml:Data name="consmr_nam">
<kml:value/>
</kml:Data>
<kml:Data name="trafo_loc">
<kml:value/>
</kml:Data>
<kml:Data name="trafo_mnt"/>
<kml:Data name="angle"/>
<kml:Data name="tap_pole"/>
<kml:Data name="end_type">
<kml:value>SDE</kml:value>
</kml:Data>
<kml:Data name="rs_con"/>
<kml:Data name="rs_con1">
<kml:value>0.0</kml:value>
</kml:Data>
<kml:Data name="rs_con3">
<kml:value>0.0</kml:value>
</kml:Data>
<kml:Data name="sc_con">
<kml:value>0.0</kml:value>
</kml:Data>
<kml:Data name="lc_con">
<kml:value>0.0</kml:value>
</kml:Data>
<kml:Data name="si_con">
<kml:value>0.0</kml:value>
</kml:Data>
<kml:Data name="li_con">
<kml:value>0.0</kml:value>
</kml:Data>
<kml:Data name="pb_con">
<kml:value>0.0</kml:value>
</kml:Data>
<kml:Data name="ag_con">
<kml:value>0.0</kml:value>
</kml:Data>
<kml:Data name="st_con">
<kml:value>0.0</kml:value>
</kml:Data>
<kml:Data name="remarks">
<kml:value/>
</kml:Data>
<kml:Data name="wo_id">
<kml:value>386</kml:value>
</kml:Data>
<kml:Data name="sequence"/>
</kml:ExtendedData>
<kml:Point>
<kml:coordinates>67.88337697617061,29.550894899875946</kml:coordinates>
</kml:Point>
</kml:Placemark>
<kml:Placemark id="equipment_materialized.420121">
<kml:ExtendedData>
<kml:Data name="section_id">
<kml:value>02001314160120396</kml:value>
</kml:Data>
<kml:Data name="feedercode">
<kml:value>020013</kml:value>
</kml:Data>
<kml:Data name="substation">
<kml:value>220 KV-SIBI</kml:value>
</kml:Data>
<kml:Data name="gps_no">
<kml:value>14160120396</kml:value>
</kml:Data>
<kml:Data name="s_e">
<kml:value>E</kml:value>
</kml:Data>
<kml:Data name="pole_phase">
<kml:value>R-Y-B</kml:value>
</kml:Data>
<kml:Data name="pole_use"/>
<kml:Data name="fdr_on_pol">
<kml:value>1.0</kml:value>
</kml:Data>
<kml:Data name="pol_hght">
<kml:value>36</kml:value>
</kml:Data>
<kml:Data name="pole_type">
<kml:value>PC Ordinary</kml:value>
</kml:Data>
<kml:Data name="eqp_type">
<kml:value>Transformer</kml:value>
</kml:Data>
<kml:Data name="eqp_number">
<kml:value>T-14160120396</kml:value>
</kml:Data>
<kml:Data name="eqp_unit"/>
<kml:Data name="eqp_size">
<kml:value>200</kml:value>
</kml:Data>
<kml:Data name="eqp_phase">
<kml:value>R-Y-B</kml:value>
</kml:Data>
<kml:Data name="eqp_use">
<kml:value>General Duty</kml:value>
</kml:Data>
<kml:Data name="eqp_status">
<kml:value>Connected</kml:value>
</kml:Data>
<kml:Data name="trafo_mke">
<kml:value>Siemens</kml:value>
</kml:Data>
<kml:Data name="consmr_nam">
<kml:value/>
</kml:Data>
<kml:Data name="trafo_loc">
<kml:value/>
</kml:Data>
<kml:Data name="trafo_mnt">
<kml:value>Double Pole</kml:value>
</kml:Data>
<kml:Data name="angle"/>
<kml:Data name="tap_pole"/>
<kml:Data name="end_type">
<kml:value/>
</kml:Data>
<kml:Data name="rs_con"/>
<kml:Data name="rs_con1">
<kml:value>0.0</kml:value>
</kml:Data>
<kml:Data name="rs_con3">
<kml:value>0.0</kml:value>
</kml:Data>
<kml:Data name="sc_con">
<kml:value>0.0</kml:value>
</kml:Data>
<kml:Data name="lc_con">
<kml:value>0.0</kml:value>
</kml:Data>
<kml:Data name="si_con">
<kml:value>0.0</kml:value>
</kml:Data>
<kml:Data name="li_con">
<kml:value>0.0</kml:value>
</kml:Data>
<kml:Data name="pb_con">
<kml:value>0.0</kml:value>
</kml:Data>
<kml:Data name="ag_con">
<kml:value>0.0</kml:value>
</kml:Data>
<kml:Data name="st_con">
<kml:value>0.0</kml:value>
</kml:Data>
<kml:Data name="remarks">
<kml:value/>
</kml:Data>
<kml:Data name="wo_id">
<kml:value>386</kml:value>
</kml:Data>
<kml:Data name="sequence"/>
</kml:ExtendedData>
<kml:Point>
<kml:coordinates>67.88334604226013,29.550835891429223</kml:coordinates>
</kml:Point>
</kml:Placemark>
</kml:Document>
</kml:kml>
